{
"type": "FeatureCollection",
"name": "worker_distribution",
"crs": { "type": "name", "properties": { "name": "urn:ogc:def:crs:EPSG::32640" } },
"features": [
{ "type": "Feature", "properties": { "value": 71.3, "POI_CODE": 1 }, "geometry": { "type": "MultiPolygon", "coordinates": [ [ [ [ 449881.414535278512631, 6425552.393561316654086 ], [ 449898.929244118393399, 6425558.632030937820673 ], [ 450032.357238609401975, 6425612.178016626276076 ], [ 450064.425100744352676, 6425625.428202403709292 ], [ 450068.076786171237472, 6425626.941418020986021 ], [ 450080.013515795522835, 6425633.339416773989797 ], [ 450098.949586535803974, 6425643.536007434129715 ], [ 450305.451147781452164, 6425754.112142217345536 ], [ 450358.051935140043497, 6425782.552949788980186 ], [ 450370.312109594466165, 6425788.869842946529388 ], [ 450563.422831245232373, 6425892.343408693559468 ], [ 450572.582594502426218, 6425897.251777202822268 ], [ 450580.598899181990419, 6425901.550773294642568 ], [ 450804.130055548623204, 6426021.339209269732237 ], [ 450828.987200790201314, 6426034.661915327422321 ], [ 450834.888866934110411, 6426037.829444121569395 ], [ 450837.304262581164949, 6426033.1566774668172 ], [ 450839.188895682571456, 6426029.581614457070827 ], [ 450841.900083156418987, 6426024.426432389765978 ], [ 450848.473436085914727, 6426011.975244819186628 ], [ 450859.092563987418544, 6425991.758169082924724 ], [ 450872.914365439850371, 6425965.444631887599826 ], [ 450881.007494065153878, 6425950.035335179418325 ], [ 450891.89868248149287, 6425929.302827293984592 ], [ 450899.558437147061341, 6425914.722843138501048 ], [ 450935.238949685706757, 6425846.787847024388611 ], [ 450939.077513076073956, 6425839.469955379143357 ], [ 450941.886929491069168, 6425834.10208731982857 ], [ 450998.379573171027005, 6425726.340607291087508 ], [ 451001.189288867171854, 6425720.983915253542364 ], [ 451015.068427885242272, 6425694.848359760828316 ], [ 451044.163101090118289, 6425640.055796433240175 ], [ 451078.54458799038548, 6425575.311405398882926 ], [ 451103.928047565626912, 6425527.512603551149368 ], [ 451113.158538034069352, 6425510.130250442773104 ], [ 451117.75062707887264, 6425501.478336118161678 ], [ 451120.211370252014603, 6425497.072426633909345 ], [ 451146.677849912841339, 6425449.694920091889799 ], [ 451166.752410865447018, 6425413.752763888798654 ], [ 451172.589205118769314, 6425402.836564739234746 ], [ 451197.955209987354465, 6425355.361520405858755 ], [ 451215.971450919576455, 6425318.921438618563116 ], [ 451231.407723976008128, 6425277.591506349854171 ], [ 451241.075398458808195, 6425254.236101829446852 ], [ 451253.434313694306184, 6425218.165829080156982 ], [ 451259.172288075264078, 6425207.351182624697685 ], [ 451273.083610609057359, 6425181.138268041424453 ], [ 451275.459867295052391, 6425176.566475970670581 ], [ 451280.991486364451703, 6425166.288829234428704 ], [ 451287.379631556221284, 6425154.430805763229728 ], [ 451364.384921388002113, 6425010.783897356130183 ], [ 451379.406062437104993, 6424982.776382579468191 ], [ 451411.161643290892243, 6424923.556282989680767 ], [ 451416.586629933502991, 6424912.723415604792535 ], [ 451485.718886973976623, 6424779.808041202835739 ], [ 451501.227197106985841, 6424750.837555547244847 ], [ 451514.010198764619417, 6424728.914836058393121 ], [ 451493.897433408361394, 6424718.347250156104565 ], [ 451446.395180670719128, 6424694.016072523780167 ], [ 451425.895454130484723, 6424683.776418309658766 ], [ 451424.395027130085509, 6424683.026370096951723 ], [ 451366.614860354166012, 6424653.543278142809868 ], [ 451355.993723992141895, 6424647.838032697327435 ], [ 451320.78839875938138, 6424628.937099339440465 ], [ 451280.614735519862734, 6424607.380200336687267 ], [ 451230.243850717146415, 6424581.460874259471893 ], [ 451218.200137036794331, 6424576.575012730434537 ], [ 451210.119320809724741, 6424573.934525068849325 ], [ 451184.20543123659445, 6424565.810872120782733 ], [ 451167.035920068621635, 6424561.845079268328846 ], [ 451145.383554664906114, 6424558.134536552242935 ], [ 451102.226435623480938, 6424552.148333288729191 ], [ 451059.316786134324502, 6424548.019009939394891 ], [ 451028.487515623099171, 6424546.915511032566428 ], [ 450995.766286805097479, 6424546.447823056019843 ], [ 450966.011229748139158, 6424546.077648141421378 ], [ 450937.697655011899769, 6424546.94819878321141 ], [ 450906.633439988770988, 6424548.888213504105806 ], [ 450879.098106189630926, 6424552.889529633335769 ], [ 450814.277713140589185, 6424566.446219548583031 ], [ 450779.393434153404087, 6424574.869899230077863 ], [ 450757.283993866760284, 6424580.208222012035549 ], [ 450721.821670502307825, 6424589.730698130093515 ], [ 450715.439432937128004, 6424591.446101586334407 ], [ 450710.236796883866191, 6424592.835213508456945 ], [ 450697.661147320992313, 6424596.219202569685876 ], [ 450689.300227680185344, 6424598.727315898984671 ], [ 450671.703574864892289, 6424606.226226566359401 ], [ 450662.017886779212859, 6424610.72152999881655 ], [ 450610.170825942535885, 6424640.522534626536071 ], [ 450552.518929384415969, 6424673.669515107758343 ], [ 450541.935940907686017, 6424679.757297948934138 ], [ 450532.565012318780646, 6424685.273395538330078 ], [ 450477.21295092208311, 6424718.615727226249874 ], [ 450469.194700214604381, 6424723.436026028357446 ], [ 450460.870853748288937, 6424728.427143258973956 ], [ 450429.860658820485696, 6424746.537416185252368 ], [ 450375.143884152290411, 6424778.481513460166752 ], [ 450367.147608310449868, 6424783.145866616629064 ], [ 450299.377396308234893, 6424822.724259034730494 ], [ 450266.233824459894095, 6424841.430199452675879 ], [ 450221.596154529426713, 6424866.614979187957942 ], [ 450146.56098136928631, 6424908.969857915304601 ], [ 450107.088547816558275, 6424931.597435838542879 ], [ 450078.956354734487832, 6424947.726052797399461 ], [ 450009.392672099871561, 6424989.19130985531956 ], [ 449982.246700080519076, 6425006.043167374096811 ], [ 449963.689342765021138, 6425020.226809193380177 ], [ 449962.046783293539193, 6425022.318372406065464 ], [ 449958.76166956522502, 6425026.501500894315541 ], [ 449946.996032844530419, 6425045.276709385216236 ], [ 449906.572285104542971, 6425126.864073302596807 ], [ 449870.63382765231654, 6425200.768539162352681 ], [ 449841.376537445641588, 6425262.831540233455598 ], [ 449836.678258557221852, 6425271.786922747269273 ], [ 449808.137657912622672, 6425326.28089328110218 ], [ 449804.572252550977282, 6425333.084277084097266 ], [ 449792.772877749986947, 6425364.119455073028803 ], [ 449763.966943461098708, 6425411.992088849656284 ], [ 449762.100924929080065, 6425414.643271496519446 ], [ 449754.265709625615273, 6425428.670959824696183 ], [ 449750.441990958875977, 6425437.504117193631828 ], [ 449748.385189265769441, 6425442.863382454030216 ], [ 449747.172288614499848, 6425446.163297997787595 ], [ 449746.504534044070169, 6425449.055520703084767 ], [ 449746.526145249546971, 6425451.716389169916511 ], [ 449746.781594800006133, 6425454.151628947816789 ], [ 449747.533841356751509, 6425456.56949002109468 ], [ 449748.473297479911707, 6425458.817981074564159 ], [ 449749.870656480256002, 6425461.250003329478204 ], [ 449751.747342322021723, 6425463.687136354856193 ], [ 449754.547046974650584, 6425466.123804801143706 ], [ 449758.067748498637229, 6425468.963390435092151 ], [ 449761.707083340210374, 6425471.356109327636659 ], [ 449765.49910802411614, 6425473.657837168313563 ], [ 449797.708296385884751, 6425494.23062536213547 ], [ 449814.347707461798564, 6425504.710822060704231 ], [ 449820.762669348507188, 6425508.104259833693504 ], [ 449825.480988527357113, 6425510.672779646702111 ], [ 449831.974562083312776, 6425513.731214323081076 ], [ 449836.841650371148717, 6425515.897039487026632 ], [ 449843.999036022927612, 6425519.047374957241118 ], [ 449869.693372497626115, 6425529.258330726996064 ], [ 449874.973410827806219, 6425531.329948036000133 ], [ 449888.168264226289466, 6425536.564759495668113 ], [ 449885.144329097878654, 6425543.606246027164161 ], [ 449883.608493186824489, 6425547.110587733797729 ], [ 449881.414535278512631, 6425552.393561316654086 ] ] ] ] } },
{ "type": "Feature", "properties": { "value": 89.3, "POI_CODE": 1 }, "geometry": { "type": "MultiPolygon", "coordinates": [ [ [ [ 451356.670446929056197, 6426317.511183515191078 ], [ 451112.140758280118462, 6426186.436146376654506 ], [ 451104.881828283891082, 6426182.538811260834336 ], [ 451101.931995811115485, 6426188.030764413066208 ], [ 451087.137001802737359, 6426215.602470656856894 ], [ 451045.661671669047792, 6426292.837571469135582 ], [ 451035.210482207592577, 6426312.28382520750165 ], [ 451030.861283729900606, 6426320.387300598435104 ], [ 451012.53329862235114, 6426354.516234407201409 ], [ 450999.642046904889867, 6426378.524209754541516 ], [ 450991.11166171496734, 6426394.417425250634551 ], [ 450971.373332539689727, 6426431.180449184030294 ], [ 450956.180963678343687, 6426459.481293528340757 ], [ 450937.356989466468804, 6426494.540845329873264 ], [ 450933.759979505091906, 6426501.243396883830428 ], [ 450923.570307447575033, 6426520.219109954312444 ], [ 450909.931082692637574, 6426546.329858057200909 ], [ 450900.089354904310312, 6426565.201152385212481 ], [ 450891.622481088561472, 6426581.383313258178532 ], [ 450883.751297390728723, 6426596.455863017588854 ], [ 450880.597005968971644, 6426602.10638811532408 ], [ 450963.353508469590452, 6426650.170733475126326 ], [ 451101.09401939669624, 6426730.18750493042171 ], [ 451119.043153689824976, 6426740.612440245226026 ], [ 451135.222942001535557, 6426750.012452184222639 ], [ 451145.496306311397348, 6426755.754694581963122 ], [ 451192.711566613987088, 6426782.134229264222085 ], [ 451239.023243650328368, 6426811.587305043824017 ], [ 451285.189040767261758, 6426844.171459351666272 ], [ 451323.03776448010467, 6426872.849043557420373 ], [ 451365.900597471743822, 6426910.195340196602046 ], [ 451402.993210250453558, 6426946.832844180986285 ], [ 451461.245869262260385, 6427015.002372178249061 ], [ 451471.739370002120268, 6427027.278667028993368 ], [ 451494.310972852923442, 6427053.270710366778076 ], [ 451500.887271468527615, 6427045.430196535773575 ], [ 451508.408034579071682, 6427033.536438394337893 ], [ 451551.564282307692338, 6426956.341367780230939 ], [ 451554.510484998230822, 6426950.549155830405653 ], [ 451563.234268342494033, 6426933.942200610414147 ], [ 451619.053778482310008, 6426827.734044312499464 ], [ 451683.244948642794043, 6426705.302890744060278 ], [ 451721.675503437174484, 6426635.883086620829999 ], [ 451738.11491479317192, 6426605.153999655507505 ], [ 451740.401284401828889, 6426600.026834405958652 ], [ 451755.892153114138637, 6426571.547295453958213 ], [ 451767.691209927783348, 6426549.848685035482049 ], [ 451772.648386381275486, 6426540.558446657843888 ], [ 451763.646440697601065, 6426535.734544463455677 ], [ 451717.040580302360468, 6426510.74386275280267 ], [ 451691.957260960363783, 6426497.295981368981302 ], [ 451633.496243676287122, 6426465.947077797725797 ], [ 451571.860852463985793, 6426432.900509777478874 ], [ 451534.713486972614191, 6426412.974822477437556 ], [ 451436.803485428972635, 6426360.484277959913015 ], [ 451399.666727908013854, 6426340.570830504409969 ], [ 451370.49646702921018, 6426324.925478842109442 ], [ 451364.053902525338344, 6426321.474259483627975 ], [ 451356.670446929056197, 6426317.511183515191078 ] ] ] ] } },
{ "type": "Feature", "properties": { "value": 90.4, "POI_CODE": 1 }, "geometry": { "type": "MultiPolygon", "coordinates": [ [ [ [ 449733.200498777674511, 6425519.414516856893897 ], [ 449731.129244853858836, 6425523.148340498097241 ], [ 449728.713514334638603, 6425526.307503783144057 ], [ 449725.850602067774162, 6425529.193929763510823 ], [ 449722.409904828993604, 6425532.243506531231105 ], [ 449718.533754296833649, 6425534.54141818638891 ], [ 449714.6134320164565, 6425536.149551471695304 ], [ 449718.93851226195693, 6425537.086123708635569 ], [ 449723.880197490216233, 6425538.593939554877579 ], [ 449728.043233643402345, 6425540.289703927002847 ], [ 449732.09690867975587, 6425542.699454290792346 ], [ 449738.414840343641117, 6425547.786421165801585 ], [ 449743.756194776680786, 6425553.319918238557875 ], [ 449760.741358591883909, 6425572.959220710210502 ], [ 449797.411922587896697, 6425614.341946577653289 ], [ 449807.579479088657536, 6425626.818512073718011 ], [ 449811.68822040251689, 6425632.211689620278776 ], [ 449815.899566663661972, 6425638.238248467445374 ], [ 449842.354157443332952, 6425670.430065661668777 ], [ 449953.104134502820671, 6425812.086676151491702 ], [ 449960.787051470193546, 6425821.822240159846842 ], [ 449965.156503263278864, 6425827.279113343916833 ], [ 450017.313003256043885, 6425890.56078836414963 ], [ 450055.378006773418747, 6425941.71556694060564 ], [ 450071.70020943909185, 6425963.947626521810889 ], [ 450095.244228033348918, 6425996.010396840982139 ], [ 450104.519645655178465, 6426008.732653189450502 ], [ 450122.878013990353793, 6426032.041811595670879 ], [ 450141.487599402840715, 6426052.742452381178737 ], [ 450155.323689264943823, 6426065.920125390402973 ], [ 450188.738142648828216, 6426090.233249829150736 ], [ 450232.47831973148277, 6426123.336779876612127 ], [ 450259.363053186098114, 6426144.981572224758565 ], [ 450276.551083049271256, 6426156.603657223284245 ], [ 450282.469224826665595, 6426161.072902845218778 ], [ 450371.864016458333936, 6426226.456983334384859 ], [ 450386.191721473936923, 6426236.934792030602694 ], [ 450402.76608830911573, 6426249.221958346664906 ], [ 450480.453789215127472, 6426306.792559198103845 ], [ 450602.75986127241049, 6426397.884372120723128 ], [ 450618.414083577692509, 6426409.537986634299159 ], [ 450633.243491867207922, 6426420.032731424085796 ], [ 450643.584305729542393, 6426427.754806932061911 ], [ 450681.860690501984209, 6426456.354360123164952 ], [ 450837.688903904636391, 6426572.782535454258323 ], [ 450880.597005968971644, 6426602.10638811532408 ], [ 450883.751297390728723, 6426596.455863017588854 ], [ 450891.622481088561472, 6426581.383313258178532 ], [ 450900.089354904310312, 6426565.201152385212481 ], [ 450909.931082692637574, 6426546.329858057200909 ], [ 450923.570307447575033, 6426520.219109954312444 ], [ 450933.759979505091906, 6426501.243396883830428 ], [ 450937.356989466468804, 6426494.540845329873264 ], [ 450956.180963678343687, 6426459.481293528340757 ], [ 450971.373332539689727, 6426431.180449184030294 ], [ 450991.11166171496734, 6426394.417425250634551 ], [ 450999.642046904889867, 6426378.524209754541516 ], [ 451012.53329862235114, 6426354.516234407201409 ], [ 451030.861283729900606, 6426320.387300598435104 ], [ 451035.210482207592577, 6426312.28382520750165 ], [ 451045.661671669047792, 6426292.837571469135582 ], [ 451087.137001802737359, 6426215.602470656856894 ], [ 451101.931995811115485, 6426188.030764413066208 ], [ 451104.881828283891082, 6426182.538811260834336 ], [ 450988.976608677650802, 6426120.425255571492016 ], [ 450958.141637606080621, 6426103.890251633711159 ], [ 450952.788169079984073, 6426101.027581409551203 ], [ 450920.309289494180121, 6426083.61114708520472 ], [ 450888.145945431257132, 6426066.380380805581808 ], [ 450876.485828655131627, 6426060.132492639124393 ], [ 450847.2935600480414, 6426044.480031378567219 ], [ 450834.888866934110411, 6426037.829444121569395 ], [ 450828.987200790201314, 6426034.661915327422321 ], [ 450804.130055548623204, 6426021.339209269732237 ], [ 450580.598899181990419, 6425901.550773294642568 ], [ 450572.582594502426218, 6425897.251777202822268 ], [ 450563.422831245232373, 6425892.343408693559468 ], [ 450370.312109594466165, 6425788.869842946529388 ], [ 450358.051935140043497, 6425782.552949788980186 ], [ 450305.451147781452164, 6425754.112142217345536 ], [ 450098.949586535803974, 6425643.536007434129715 ], [ 450080.013515795522835, 6425633.339416773989797 ], [ 450068.076786171237472, 6425626.941418020986021 ], [ 450064.425100744352676, 6425625.428202403709292 ], [ 450032.357238609401975, 6425612.178016626276076 ], [ 449898.929244118393399, 6425558.632030937820673 ], [ 449881.414535278512631, 6425552.393561316654086 ], [ 449883.608493186824489, 6425547.110587733797729 ], [ 449885.144329097878654, 6425543.606246027164161 ], [ 449888.168264226289466, 6425536.564759495668113 ], [ 449874.973410827806219, 6425531.329948036000133 ], [ 449869.693372497626115, 6425529.258330726996064 ], [ 449843.999036022927612, 6425519.047374957241118 ], [ 449836.841650371148717, 6425515.897039487026632 ], [ 449831.974562083312776, 6425513.731214323081076 ], [ 449825.480988527357113, 6425510.672779646702111 ], [ 449820.762669348507188, 6425508.104259833693504 ], [ 449814.347707461798564, 6425504.710822060704231 ], [ 449797.708296385884751, 6425494.23062536213547 ], [ 449765.49910802411614, 6425473.657837168313563 ], [ 449761.707083340210374, 6425471.356109327636659 ], [ 449758.067748498637229, 6425468.963390435092151 ], [ 449754.547046974650584, 6425466.123804801143706 ], [ 449751.747342322021723, 6425463.687136354856193 ], [ 449749.870656480256002, 6425461.250003329478204 ], [ 449748.473297479911707, 6425458.817981074564159 ], [ 449747.533841356751509, 6425456.56949002109468 ], [ 449746.781594800006133, 6425454.151628947816789 ], [ 449746.526145249546971, 6425451.716389169916511 ], [ 449746.504534044070169, 6425449.055520703084767 ], [ 449747.172288614499848, 6425446.163297997787595 ], [ 449748.385189265769441, 6425442.863382454030216 ], [ 449750.441990958875977, 6425437.504117193631828 ], [ 449754.265709625615273, 6425428.670959824696183 ], [ 449748.849840069946367, 6425436.522024949081242 ], [ 449745.562703022209462, 6425441.440241840668023 ], [ 449738.291799866477959, 6425452.810865161940455 ], [ 449732.964622256055009, 6425462.063782485201955 ], [ 449730.940001643495634, 6425465.273698601871729 ], [ 449730.092022719501983, 6425467.477852710522711 ], [ 449728.958085084916092, 6425469.997367956675589 ], [ 449727.93143828160828, 6425473.049989469349384 ], [ 449727.564676547597628, 6425476.35040682926774 ], [ 449727.654875077598263, 6425479.288775071501732 ], [ 449728.172100196708925, 6425482.778497856110334 ], [ 449728.950919557712041, 6425485.897493679076433 ], [ 449730.005227296613157, 6425489.28025328554213 ], [ 449732.057457956718281, 6425492.97336605284363 ], [ 449733.57655768992845, 6425496.617510247975588 ], [ 449734.663060202321503, 6425500.679069454781711 ], [ 449735.254308963892981, 6425504.88046910148114 ], [ 449735.298107859154698, 6425510.246737287379801 ], [ 449734.997146367561072, 6425515.016078072600067 ], [ 449733.200498777674511, 6425519.414516856893897 ] ] ] ] } },
{ "type": "Feature", "properties": { "value": 97.9, "POI_CODE": 1 }, "geometry": { "type": "MultiPolygon", "coordinates": [ [ [ [ 424717.519407170766499, 6439411.484768302179873 ], [ 424737.830548966070637, 6439424.582706520333886 ], [ 424737.03898338082945, 6439406.192848668433726 ], [ 424723.331099325849209, 6439118.346723340451717 ], [ 424715.282515091705136, 6438986.27854878269136 ], [ 424714.915201112395152, 6438980.267209637910128 ], [ 424714.54778427578276, 6438974.254187165759504 ], [ 424696.907295341137797, 6438684.723133658058941 ], [ 424740.436566261167172, 6438548.249466765671968 ], [ 424744.888399123214185, 6438532.900469534099102 ], [ 424748.330829698883463, 6438521.031682224012911 ], [ 424777.873522447363939, 6438419.174599249847233 ], [ 424781.435063609445933, 6438388.816793522797525 ], [ 424780.392367532360367, 6438377.655741395428777 ], [ 424762.198570051172283, 6438328.610506100580096 ], [ 424754.325136511179153, 6438313.112960768863559 ], [ 424740.880250688758679, 6438304.346815041266382 ], [ 424721.801154216809664, 6438305.854629191569984 ], [ 424708.928615602839272, 6438296.476408914662898 ], [ 424704.876878177863546, 6438290.606312144547701 ], [ 424723.425465984619223, 6438266.969657074660063 ], [ 424735.808373371022753, 6438238.594284433871508 ], [ 424714.211218025186099, 6438212.721243939362466 ], [ 424705.283082853711676, 6438185.461620911955833 ], [ 424696.405394043773413, 6438152.454774894751608 ], [ 424687.616449627734255, 6438131.005658141337335 ], [ 424688.479796418687329, 6438106.790330177173018 ], [ 424687.905441702692769, 6438087.969858757220209 ], [ 424681.879086848348379, 6438075.344049264676869 ], [ 424656.287727696879301, 6438052.642739919014275 ], [ 424627.696635308209807, 6438036.045350369066 ], [ 424635.214756159344688, 6438003.741614725440741 ], [ 424659.784531085693743, 6437977.741194629110396 ], [ 424657.466471752268262, 6437961.871416393667459 ], [ 424650.314260090235621, 6437939.434844433329999 ], [ 424647.43098260264378, 6437930.389969101175666 ], [ 424639.185808572685346, 6437929.599468316882849 ], [ 424627.677671369398013, 6437923.491970318369567 ], [ 424620.746318428311497, 6437916.997162218205631 ], [ 424613.327948054182343, 6437909.709780682809651 ], [ 424607.80565976042999, 6437901.91878223605454 ], [ 424600.626655006897636, 6437890.762622755952179 ], [ 424591.818928544875234, 6437876.786454886198044 ], [ 424582.23520314641064, 6437855.486238539218903 ], [ 424571.713845082558692, 6437834.52675870899111 ], [ 424562.111168109287973, 6437820.643667207099497 ], [ 424554.425077170250006, 6437815.744612877257168 ], [ 424546.266937577573117, 6437811.155197622254491 ], [ 424537.048092429235112, 6437809.124962775968015 ], [ 424512.218118660966866, 6437809.90751757286489 ], [ 424484.253928002086468, 6437812.175114898942411 ], [ 424366.492926688399166, 6437827.84092978015542 ], [ 424289.464292925433256, 6437838.147269867360592 ], [ 424208.481559918902349, 6437848.686294647864997 ], [ 424188.426710512314457, 6437850.8054084405303 ], [ 424178.351223524194211, 6437851.509558882564306 ], [ 424176.61894478474278, 6437849.771888600662351 ], [ 424175.089349304849748, 6437848.453536001034081 ], [ 424173.452398449997418, 6437847.694041139446199 ], [ 424171.584199566277675, 6437847.183949066326022 ], [ 424167.305069206049666, 6437846.786599381826818 ], [ 424167.013507396273781, 6437839.843134544789791 ], [ 424154.726494097616524, 6437838.740853892639279 ], [ 424117.967074096086435, 6437836.434563924558461 ], [ 424117.650147722102702, 6437844.570068410597742 ], [ 424114.334348402917385, 6437844.878269831649959 ], [ 424108.471667990321293, 6437844.66707637347281 ], [ 424103.711788238491863, 6437843.811236869543791 ], [ 424095.5714148831903, 6437840.180111373774707 ], [ 424093.699320834537502, 6437837.609922901727259 ], [ 424092.856372281210497, 6437834.86420467775315 ], [ 424089.652662584150676, 6437822.486096694134176 ], [ 424089.198179241153412, 6437821.548181239515543 ], [ 424088.361018195457291, 6437820.962786642834544 ], [ 424087.24776528053917, 6437820.750153221189976 ], [ 424037.735123384743929, 6437832.196083195507526 ], [ 424033.591699835436884, 6437838.912355561740696 ], [ 424027.098453413753305, 6437847.08778025303036 ], [ 424015.265700653078966, 6437857.113519571721554 ], [ 423999.391013702843338, 6437862.784226020798087 ], [ 423986.30192071077181, 6437865.406153040006757 ], [ 423971.761022436665371, 6437866.151548658497632 ], [ 423951.910483476531226, 6437862.588462331332266 ], [ 423931.723074406501837, 6437857.762376575730741 ], [ 423919.450581375043839, 6437853.408754128031433 ], [ 423902.920117308909539, 6437849.45950931776315 ], [ 423890.55189806339331, 6437848.125732976943254 ], [ 423879.788122695870697, 6437848.008578437380493 ], [ 423867.789740701555274, 6437849.663457538932562 ], [ 423854.721482022898272, 6437853.064958561211824 ], [ 423828.008772699628025, 6437863.052953660488129 ], [ 423802.494752657250501, 6437869.387762323021889 ], [ 423787.49449358007405, 6437871.100344004109502 ], [ 423730.503135394537821, 6437869.975681511685252 ], [ 423612.228702434222214, 6437869.326141798868775 ], [ 423614.060208670329303, 6437903.583099744282663 ], [ 423614.8604273229721, 6437918.550592723302543 ], [ 423615.30707524396712, 6437926.904808911494911 ], [ 423625.326063707238063, 6438114.30251451022923 ], [ 423625.461960060114507, 6438117.289812745526433 ], [ 423632.764907547505572, 6438277.824526757001877 ], [ 423633.062788681825623, 6438284.372603789903224 ], [ 423635.401177808642387, 6438295.218620942905545 ], [ 423645.270999321423005, 6438340.997252138331532 ], [ 423649.169386485184077, 6438359.078919369727373 ], [ 423683.186648363131098, 6438424.827226706780493 ], [ 423685.220246148935985, 6438428.757749178446829 ], [ 423690.193273615965154, 6438496.588267882354558 ], [ 423731.727225022797938, 6439063.098203009925783 ], [ 423734.643300683062989, 6439102.872550914995372 ], [ 423736.380659115617163, 6439124.959848955273628 ], [ 423739.017082955862861, 6439158.477100219577551 ], [ 423739.076259539753664, 6439159.229420996271074 ], [ 423775.877807982673403, 6439162.244011252187192 ], [ 424102.107302843010984, 6439188.96702422760427 ], [ 424107.748407688573934, 6439189.429114014841616 ], [ 424110.820668190252036, 6439190.133841233327985 ], [ 424242.207755334326066, 6439220.271928925067186 ], [ 424244.045866693137214, 6439220.693562150001526 ], [ 424245.850623471080326, 6439221.381256721913815 ], [ 424519.132262199011166, 6439325.514014085754752 ], [ 424641.339901452127378, 6439378.472500478848815 ], [ 424699.165030226868112, 6439403.530928201973438 ], [ 424717.519407170766499, 6439411.484768302179873 ] ] ] ] } },
{ "type": "Feature", "properties": { "value": 90.6, "POI_CODE": 1 }, "geometry": { "type": "MultiPolygon", "coordinates": [ [ [ [ 427893.122494073002599, 6438626.811898787505925 ], [ 427870.991687100497074, 6438633.025908537209034 ], [ 427847.012530865613371, 6438638.794704122468829 ], [ 427813.131895977654494, 6438647.605177307501435 ], [ 427774.102411953499541, 6438657.088451541028917 ], [ 427729.862805901444517, 6438668.415072908625007 ], [ 427717.59895906469319, 6438670.96521582454443 ], [ 427764.743621956557035, 6438891.504169310443103 ], [ 427765.245387969829608, 6438902.575388529337943 ], [ 427766.298598505847622, 6438944.026763030327857 ], [ 427766.811451413377654, 6438981.378761139698327 ], [ 427765.018857471819501, 6439110.065619424916804 ], [ 427764.794488476123661, 6439133.444179370068014 ], [ 427790.125374493305571, 6439132.783977141603827 ], [ 427864.172696398221888, 6439131.830707922577858 ], [ 427892.588789997680578, 6439130.881374369375408 ], [ 427919.222631485841703, 6439130.52132782805711 ], [ 427933.968594071920961, 6439130.276514368131757 ], [ 427950.365601064579096, 6439130.012996634468436 ], [ 427965.507342031109147, 6439130.128621852956712 ], [ 428021.746104976686183, 6439128.35370028577745 ], [ 428035.394031666219234, 6439128.051172891631722 ], [ 428047.827553419512697, 6439128.104730712249875 ], [ 428062.190952736709733, 6439127.577774344943464 ], [ 428071.900039117899723, 6439127.324309950694442 ], [ 428140.055955543706659, 6439127.707631120458245 ], [ 428208.736878715921193, 6439129.407828367315233 ], [ 428268.414188229886349, 6439129.278163244947791 ], [ 428307.190281623741612, 6439128.523673350922763 ], [ 428385.335964308469556, 6439129.187796021811664 ], [ 428387.196367442491464, 6439106.392397183924913 ], [ 428387.220821220194921, 6439073.340407380834222 ], [ 428387.177122510620393, 6439063.374503763392568 ], [ 428386.357410302967764, 6439022.085957203060389 ], [ 428384.315412647265475, 6438888.624760054051876 ], [ 428384.260556188062765, 6438881.643498067744076 ], [ 428383.652203937701415, 6438842.266543948091567 ], [ 428383.576410045148805, 6438736.119918040931225 ], [ 428382.184768075472675, 6438575.853955225087702 ], [ 428325.569493386778049, 6438585.648259053938091 ], [ 428305.337423117423896, 6438585.979257252067327 ], [ 428130.441215396509506, 6438580.58122630789876 ], [ 428079.485284313792363, 6438582.002821634523571 ], [ 428056.005781665910035, 6438585.422757896594703 ], [ 427935.000604381784797, 6438615.975313866510987 ], [ 427911.154518537281547, 6438622.587644039653242 ], [ 427893.122494073002599, 6438626.811898787505925 ] ] ] ] } },
{ "type": "Feature", "properties": { "value": 78.3, "POI_CODE": 1 }, "geometry": { "type": "MultiPolygon", "coordinates": [ [ [ [ 448865.5119362056721, 6429109.741981620900333 ], [ 448876.966085389954969, 6429108.637744235806167 ], [ 448895.405052672082093, 6429107.332793855108321 ], [ 448910.047623771126382, 6429106.855921119451523 ], [ 448985.07278863695683, 6429107.511217419989407 ], [ 449074.967352231382392, 6429107.866914171725512 ], [ 449103.619284596643411, 6429107.323455136269331 ], [ 449159.835569414542988, 6429107.17517012450844 ], [ 449262.671466494153719, 6429108.094088269397616 ], [ 449454.390218816115521, 6429109.804696012288332 ], [ 449526.982037044363096, 6429110.200339030474424 ], [ 449544.029784552520141, 6429110.597288826480508 ], [ 449561.845748993509915, 6429111.441123964264989 ], [ 449586.394027688889764, 6429114.092907887883484 ], [ 449608.633032132638618, 6429119.724638244137168 ], [ 449614.387558015063405, 6429121.812123111449182 ], [ 449628.913304124667775, 6429127.073650401085615 ], [ 449643.980038499925286, 6429134.455105169676244 ], [ 449661.733886277419515, 6429145.388062277808785 ], [ 449663.552435264457017, 6429146.623340251855552 ], [ 449672.930969581648242, 6429152.963158359751105 ], [ 449739.714566177572124, 6429207.182283913716674 ], [ 449818.703472531342413, 6429275.07818098552525 ], [ 449911.362455660302658, 6429359.027101940475404 ], [ 449937.152928681171034, 6429380.750017949379981 ], [ 449945.060538769816048, 6429387.242518236860633 ], [ 449953.545965827594046, 6429393.148795378394425 ], [ 449961.164778592647053, 6429398.297668392769992 ], [ 449969.25684726255713, 6429403.006378647871315 ], [ 449978.395903356955387, 6429408.247579774819314 ], [ 449992.059843300841749, 6429414.20040712878108 ], [ 450009.758996714837849, 6429420.470194575376809 ], [ 450019.795733352832031, 6429423.295191128738225 ], [ 450028.338921010610647, 6429424.858434818685055 ], [ 450038.913623612199444, 6429426.273795255459845 ], [ 450050.478758366778493, 6429427.008720979094505 ], [ 450060.581184320151806, 6429427.528150252997875 ], [ 450071.016302849922795, 6429427.709408778697252 ], [ 450162.530255992838647, 6429429.639173777773976 ], [ 450215.991430742200464, 6429430.787133756093681 ], [ 450240.735745298210531, 6429431.347165213897824 ], [ 450275.262816878734156, 6429431.919115724973381 ], [ 450298.862732038949616, 6429432.193127871491015 ], [ 450360.241386522888206, 6429434.046151349321008 ], [ 450421.03259493643418, 6429432.867690549232066 ], [ 450471.218580037471838, 6429433.514145887456834 ], [ 450507.570208218181506, 6429431.706958670169115 ], [ 450546.079807481553871, 6429429.792489938437939 ], [ 450567.856810891302302, 6429428.709866568446159 ], [ 450576.232648908044212, 6429428.293469610624015 ], [ 450598.548501914774533, 6429427.026317837648094 ], [ 450618.626803165243473, 6429425.976251317188144 ], [ 450637.036959531193133, 6429424.345646790228784 ], [ 450654.694077421037946, 6429422.524013238027692 ], [ 450671.536311540403403, 6429420.768198249861598 ], [ 450688.885860918322578, 6429418.928247413598001 ], [ 450715.821806835767347, 6429414.598380598239601 ], [ 450813.620987347036134, 6429402.803465805016458 ], [ 450853.410211068287026, 6429398.204864743165672 ], [ 450876.314526591158938, 6429394.30428687017411 ], [ 450871.967627323640045, 6429380.183568006381392 ], [ 450869.040518127556425, 6429365.677944494411349 ], [ 450864.757511205971241, 6429343.78457444999367 ], [ 450862.722397912177257, 6429328.755792112089694 ], [ 450859.679059977759607, 6429307.693392650224268 ], [ 450855.996883710671682, 6429274.591343456879258 ], [ 450851.907004116452299, 6429237.185270306654274 ], [ 450851.633419629884884, 6429235.1287578381598 ], [ 450836.101961349835619, 6429120.64589003007859 ], [ 450831.436919967469294, 6429092.243585965596139 ], [ 450824.903848422807641, 6429066.725854331627488 ], [ 450818.007797430094797, 6429046.30106320977211 ], [ 450806.269191066327039, 6429017.161963814869523 ], [ 450800.692141901934519, 6429002.087773795239627 ], [ 450797.440972291398793, 6428992.507636765949428 ], [ 450794.948844218393788, 6428976.883258296176791 ], [ 450789.94152240420226, 6428936.571319855749607 ], [ 450788.667792708671186, 6428926.276483758352697 ], [ 450781.693850139621645, 6428873.184135552495718 ], [ 450771.422695557237603, 6428812.560996126383543 ], [ 450767.940160856465809, 6428792.862488699145615 ], [ 450765.867570195521694, 6428773.402694675140083 ], [ 450764.226468358654529, 6428761.130458083003759 ], [ 450756.263084515638184, 6428697.361252270638943 ], [ 450755.269616392208263, 6428688.710875261574984 ], [ 450753.708973834640346, 6428678.653413177467883 ], [ 450749.826972561189905, 6428654.862358475103974 ], [ 450748.593320460640825, 6428646.393096903339028 ], [ 450747.792097350524273, 6428640.869140454567969 ], [ 450739.315441653132439, 6428581.059041739441454 ], [ 450734.257460352906492, 6428537.195904061198235 ], [ 450719.394533687271178, 6428537.234523501247168 ], [ 450694.47048978303792, 6428535.482262643054128 ], [ 450676.165906141279265, 6428534.02697404101491 ], [ 450633.507272019982338, 6428528.151703699491918 ], [ 450605.623071635433007, 6428520.824804664589465 ], [ 450581.613918020913843, 6428514.663807925768197 ], [ 450560.017749279097188, 6428507.615727840922773 ], [ 450412.770093275350519, 6428452.243303981609643 ], [ 450346.899638363160193, 6428427.474587593227625 ], [ 450325.915300815249793, 6428418.82791930437088 ], [ 450210.670387876802124, 6428372.86331582441926 ], [ 450158.940683036344126, 6428351.929830202832818 ], [ 450145.124159359664191, 6428346.334591414779425 ], [ 450136.869668364932295, 6428342.974801648408175 ], [ 450081.124447740497999, 6428320.143904007039964 ], [ 450002.494680033763871, 6428288.180370157584548 ], [ 449969.24894796370063, 6428275.524744231253862 ], [ 449896.514370066754054, 6428253.621840449050069 ], [ 449889.048489437089302, 6428252.357087686657906 ], [ 449857.715439709252678, 6428247.049434491433203 ], [ 449816.460871948453132, 6428242.222970824688673 ], [ 449718.549208743788768, 6428237.308065310120583 ], [ 449709.457159234909341, 6428236.977148879319429 ], [ 449665.528602960926946, 6428235.348112670704722 ], [ 449656.087324874883052, 6428234.988314826972783 ], [ 449636.932538467634004, 6428234.24994941521436 ], [ 449610.004568504868075, 6428233.208888004533947 ], [ 449575.054840808152221, 6428230.910855911672115 ], [ 449546.60481631552102, 6428229.677880142815411 ], [ 449485.746033984934911, 6428226.505449661053717 ], [ 449418.698602444201242, 6428224.436686607077718 ], [ 449353.617004927014932, 6428221.197263018228114 ], [ 449333.889753171359189, 6428220.556683417409658 ], [ 449322.262975541409105, 6428219.913628880865872 ], [ 449288.476871625112835, 6428218.015313621610403 ], [ 449281.37588344066171, 6428217.571015659719706 ], [ 449212.734595261514187, 6428215.26984856184572 ], [ 449143.767813701590057, 6428213.419385666958988 ], [ 449134.669585732859559, 6428213.078719593584538 ], [ 449091.568364128528628, 6428211.46771892067045 ], [ 449079.09233140462311, 6428211.003213255666196 ], [ 449047.059227264253423, 6428209.808334900066257 ], [ 449026.875210257188883, 6428209.063750457949936 ], [ 449005.29499189928174, 6428208.259150738827884 ], [ 448965.299356721283402, 6428206.765747017227113 ], [ 448957.259839690523222, 6428246.707936491817236 ], [ 448949.574207863071933, 6428340.692795732989907 ], [ 448943.892409806489013, 6428396.215553207322955 ], [ 448943.057222878735047, 6428403.497100645676255 ], [ 448942.285588762606494, 6428415.287335003726184 ], [ 448937.537755805824418, 6428456.902232704684138 ], [ 448927.915345766814426, 6428543.140012195333838 ], [ 448925.831355656962842, 6428562.796906680800021 ], [ 448924.056153897079639, 6428578.396870951168239 ], [ 448918.924692252476234, 6428614.482832535170019 ], [ 448912.912427107337862, 6428648.720598002895713 ], [ 448908.977603640640154, 6428666.953688640147448 ], [ 448903.245830175408628, 6428689.830622308887541 ], [ 448898.853013100568205, 6428701.834224797785282 ], [ 448895.018425174348522, 6428711.258602960035205 ], [ 448886.550178121076897, 6428731.876861433498561 ], [ 448844.556053272739518, 6428830.576985869556665 ], [ 448837.020076364045963, 6428856.550286483950913 ], [ 448833.868967520422302, 6428866.233204013668001 ], [ 448827.587350485497154, 6428880.74410735629499 ], [ 448821.793546882807277, 6428892.721220408566296 ], [ 448818.157836383557878, 6428900.105504627339542 ], [ 448814.183938742731698, 6428907.393916047178209 ], [ 448809.707030036137439, 6428916.024929438717663 ], [ 448804.746086093073245, 6428924.250174220651388 ], [ 448799.208475690276828, 6428932.683241861872375 ], [ 448792.535392730962485, 6428941.542857623659074 ], [ 448785.850717888213694, 6428949.957250559702516 ], [ 448779.56777262937976, 6428957.887715361081064 ], [ 448773.284249266085681, 6428964.849489277228713 ], [ 448765.757584654260427, 6428972.138991429470479 ], [ 448757.369501582230441, 6428980.018560615368187 ], [ 448748.989648591727018, 6428988.076195822097361 ], [ 448741.937940445146523, 6428994.134844520129263 ], [ 448729.812098959460855, 6429004.645678116939962 ], [ 448710.781044207920786, 6429022.482717035338283 ], [ 448707.519367009575944, 6429025.363931712694466 ], [ 448702.249557785457, 6429030.687151319347322 ], [ 448698.690030115947593, 6429035.231253365986049 ], [ 448695.135041628149338, 6429040.588125369511545 ], [ 448692.128273768350482, 6429046.283128885552287 ], [ 448689.737173551693559, 6429052.504683988168836 ], [ 448688.021553168422543, 6429057.927004903554916 ], [ 448686.575016396527644, 6429064.047347933985293 ], [ 448685.698851136781741, 6429069.470017395913601 ], [ 448685.589202995528467, 6429074.738087095320225 ], [ 448685.887768524233252, 6429080.490832923911512 ], [ 448686.759657292976044, 6429086.236211283132434 ], [ 448688.089660108322278, 6429092.209529334679246 ], [ 448689.76999985286966, 6429097.844308360479772 ], [ 448691.54122981976252, 6429102.731902690604329 ], [ 448694.966697666386608, 6429110.303948077373207 ], [ 448699.925974369398318, 6429116.709427922964096 ], [ 448703.764333796338178, 6429120.99147220607847 ], [ 448707.307969746587332, 6429124.419942578300834 ], [ 448711.775638520426583, 6429127.992431478574872 ], [ 448716.909897617064416, 6429131.456152785569429 ], [ 448724.139983540866524, 6429135.627849583514035 ], [ 448731.258333868987393, 6429138.464843310415745 ], [ 448739.454717590939254, 6429141.009645423851907 ], [ 448748.370465982530732, 6429142.030926987528801 ], [ 448756.496883702813648, 6429142.349744446575642 ], [ 448765.588725140143652, 6429141.431386453099549 ], [ 448772.867680601368193, 6429140.202269066125154 ], [ 448779.702180304855574, 6429137.965618958696723 ], [ 448782.786474885651842, 6429136.467425839975476 ], [ 448809.19465385156218, 6429125.99631283711642 ], [ 448831.811864615185186, 6429116.765354194678366 ], [ 448850.78759580705082, 6429112.602865786291659 ], [ 448865.5119362056721, 6429109.741981620900333 ] ] ] ] } },
{ "type": "Feature", "properties": { "value": 71.4, "POI_CODE": 1 }, "geometry": { "type": "MultiPolygon", "coordinates": [ [ [ [ 453585.132671737344936, 6426484.169880725443363 ], [ 453576.676145090081263, 6426460.930572791956365 ], [ 453559.176047391665634, 6426428.098365610465407 ], [ 453538.382802183623426, 6426400.014327876269817 ], [ 453543.182534926454537, 6426394.625198342837393 ], [ 453518.740285995299928, 6426368.665791868232191 ], [ 453508.777836177730933, 6426360.442058814689517 ], [ 453474.362660750688519, 6426332.015771766193211 ], [ 453465.315769667678978, 6426325.217814201489091 ], [ 453336.80177410581382, 6426222.721545258536935 ], [ 453231.491448930930346, 6426139.687783544883132 ], [ 453196.956226456561126, 6426112.456608574837446 ], [ 453187.327947789221071, 6426102.570731144398451 ], [ 453182.102220087894239, 6426092.288144672289491 ], [ 453177.689343901583925, 6426074.636253179982305 ], [ 453178.729863538057543, 6426067.509230338968337 ], [ 453177.809214850829449, 6426060.62786606233567 ], [ 453175.072347543318756, 6426054.246553075499833 ], [ 453170.714142624987289, 6426048.8417879473418 ], [ 453165.05857322528027, 6426044.799481463618577 ], [ 453157.337470030528493, 6426042.195446840487421 ], [ 453146.741039979853667, 6426037.554143177345395 ], [ 453137.52795402193442, 6426029.300261513330042 ], [ 453130.633298987639137, 6426017.467365358956158 ], [ 453115.792758403054904, 6425987.912742820568383 ], [ 453088.516807737411, 6425930.645997728221118 ], [ 453069.360482220770791, 6425894.339114855974913 ], [ 453067.800059134839103, 6425897.987225631251931 ], [ 453065.545564877742436, 6425899.962202364578843 ], [ 453061.758504373661708, 6425899.895324389450252 ], [ 453057.941898668359499, 6425897.31243850197643 ], [ 453039.581353100133128, 6425860.795930540189147 ], [ 453011.921546094876248, 6425807.275330814532936 ], [ 453006.651916304486804, 6425796.347689379937947 ], [ 453000.090601805655751, 6425782.740732589736581 ], [ 452987.485412334674038, 6425760.297392582520843 ], [ 452937.009341019496787, 6425660.415092829614878 ], [ 452882.852073165064212, 6425557.637322147376835 ], [ 452879.087846374430228, 6425550.500042042694986 ], [ 452859.092543183593079, 6425508.080131687223911 ], [ 452840.874827914405614, 6425469.425022343173623 ], [ 452833.0498581706197, 6425455.621681266464293 ], [ 452823.580429166206159, 6425460.910870355553925 ], [ 452713.596823574916925, 6425527.134476431645453 ], [ 452603.467233526345808, 6425593.218157770112157 ], [ 452597.827368045924231, 6425596.591924207285047 ], [ 452583.087492056656629, 6425605.418103903532028 ], [ 452555.529008940502536, 6425621.923259911127388 ], [ 452551.592870843829587, 6425624.274783347733319 ], [ 452518.988160969514865, 6425643.790692422538996 ], [ 452460.006635161698796, 6425679.086059624329209 ], [ 452373.375171433610376, 6425730.94551526941359 ], [ 452360.692902206152212, 6425738.59004697855562 ], [ 452325.248606653942261, 6425759.956309868954122 ], [ 452320.589652663329616, 6425762.69525393191725 ], [ 452294.357933053688612, 6425776.670059807598591 ], [ 452258.659764979151078, 6425798.518732824362814 ], [ 452251.84730326756835, 6425802.241032484918833 ], [ 452231.380513922427781, 6425816.882275976240635 ], [ 452223.920431084407028, 6425828.784987757913768 ], [ 452235.391556325077545, 6425836.675789024680853 ], [ 452248.454443520167843, 6425855.492689898237586 ], [ 452252.616281048743986, 6425868.603798580355942 ], [ 452279.167159561417066, 6425953.286503431387246 ], [ 452300.545005105261225, 6426021.485434088855982 ], [ 452302.641613053856418, 6426028.129901501350105 ], [ 452315.417173640453257, 6426068.562243580818176 ], [ 452329.649690865771845, 6426113.62027957290411 ], [ 452369.548201028432231, 6426239.931672500446439 ], [ 452373.07079725782387, 6426251.090869855135679 ], [ 452378.264097668987233, 6426257.498058812692761 ], [ 452392.121640514407773, 6426256.286349401809275 ], [ 452441.593946974724531, 6426238.92904797475785 ], [ 452455.232061642280314, 6426236.172493197023869 ], [ 452467.205408325302415, 6426235.19501144066453 ], [ 452478.781934454978909, 6426235.669750416651368 ], [ 452490.526531875017099, 6426237.345036110840738 ], [ 452504.950819798454177, 6426241.504879125393927 ], [ 452513.532343072176445, 6426245.322212623432279 ], [ 452527.047208546835463, 6426252.109513425268233 ], [ 452538.479882904619444, 6426258.409402593038976 ], [ 452555.13744611479342, 6426266.829634831286967 ], [ 452562.356372263340745, 6426270.485096279531717 ], [ 452574.160872719949111, 6426276.223955050110817 ], [ 452583.359390133584384, 6426280.702176918275654 ], [ 452588.482962133944966, 6426283.257972682826221 ], [ 452606.542272868973669, 6426292.675015320070088 ], [ 452612.826828002231196, 6426295.862868466414511 ], [ 452672.991828705766238, 6426327.21695648599416 ], [ 452718.404122212843504, 6426351.175068214535713 ], [ 452738.216044686210807, 6426361.785608465783298 ], [ 452748.96131389925722, 6426367.537500815466046 ], [ 452757.848845856671687, 6426372.264750312082469 ], [ 452761.48013776098378, 6426374.203745158389211 ], [ 452786.244670772983227, 6426387.46163538005203 ], [ 452794.246512146783061, 6426391.831993531435728 ], [ 452843.75446811207803, 6426418.615797863341868 ], [ 452845.802312855841592, 6426419.716205958276987 ], [ 452925.070948234177195, 6426462.216857084073126 ], [ 452935.68437786976574, 6426467.870587113313377 ], [ 452949.577576381154358, 6426475.267228217795491 ], [ 452980.292677674733568, 6426491.64067642390728 ], [ 452993.387948883930221, 6426498.601481102406979 ], [ 453011.001087514101528, 6426507.96989821922034 ], [ 453020.316572696960066, 6426512.926511749625206 ], [ 453058.655568878923077, 6426533.319514820352197 ], [ 453108.785710694966838, 6426559.999032686464489 ], [ 453183.610696231946349, 6426599.82895580958575 ], [ 453191.086658679298125, 6426603.816554237157106 ], [ 453200.790548476274125, 6426609.147600010968745 ], [ 453291.562437772226986, 6426657.254900114610791 ], [ 453445.809791909705382, 6426739.341122933663428 ], [ 453455.320648586202879, 6426744.407801715657115 ], [ 453460.403346449951641, 6426747.109920251183212 ], [ 453468.229751750535797, 6426751.272097035311162 ], [ 453469.54503653413849, 6426751.969379347749054 ], [ 453519.306570487213321, 6426778.457839242182672 ], [ 453522.728706436988432, 6426780.277469901368022 ], [ 453545.306272348272614, 6426787.998262939974666 ], [ 453575.76120842283126, 6426790.038234832696617 ], [ 453616.263792583078612, 6426790.937447760254145 ], [ 453623.375651282258332, 6426790.632222179323435 ], [ 453621.125955186900683, 6426771.084198669530451 ], [ 453615.785324338648934, 6426725.762701948173344 ], [ 453598.003800744016189, 6426574.831901205703616 ], [ 453593.23633046640316, 6426528.479427705518901 ], [ 453590.112539907277096, 6426508.050828733481467 ], [ 453585.132671737344936, 6426484.169880725443363 ] ] ] ] } },
{ "type": "Feature", "properties": { "value": 90.9, "POI_CODE": 1 }, "geometry": { "type": "MultiPolygon", "coordinates": [ [ [ [ 425899.108318229787983, 6438881.204306116327643 ], [ 425853.166783870721702, 6438918.074846802279353 ], [ 425814.354946949169971, 6438928.140449540689588 ], [ 425767.600976182206068, 6438930.569350252859294 ], [ 426097.979110757762101, 6439416.414473908953369 ], [ 426315.685316558519844, 6439717.506886911578476 ], [ 426372.616275635606144, 6439844.102381303906441 ], [ 426319.403336830087937, 6439918.25072684045881 ], [ 426555.528559594997205, 6440054.290907335467637 ], [ 426555.528559595753904, 6440054.290907335467637 ], [ 426555.528559595404658, 6440054.290907336398959 ], [ 426562.179900783288758, 6440056.290082498453557 ], [ 426606.622556267597247, 6440072.94241832755506 ], [ 426677.908199209196027, 6440099.657397489063442 ], [ 426699.365945492463652, 6440112.168680022470653 ], [ 426755.684612432145514, 6440149.740144062787294 ], [ 426801.131445756531321, 6440174.605692564509809 ], [ 426827.651924337027594, 6440174.540923799388111 ], [ 426835.979950045817532, 6440158.964245178736746 ], [ 426840.405510066717397, 6440094.382594430819154 ], [ 426842.065268214559183, 6440018.871636525727808 ], [ 426842.052720156905707, 6440014.662424711510539 ], [ 426841.587076325435191, 6439996.396662368439138 ], [ 426844.583406099118292, 6439965.661629197187722 ], [ 426854.233798148750793, 6439943.724254126660526 ], [ 426868.205876886437181, 6439913.088123868219554 ], [ 426879.340913222869858, 6439868.606358762830496 ], [ 426871.62183014745824, 6439815.985468276776373 ], [ 426832.372135199606419, 6439678.419212189503014 ], [ 426826.553792420250829, 6439656.087006635963917 ], [ 426759.469629457511473, 6439372.950237675569952 ], [ 426731.020451342803426, 6439252.870185595005751 ], [ 426731.848630026681349, 6439244.358102123253047 ], [ 426734.363976405351423, 6439234.267037413083017 ], [ 426740.364621573477052, 6439226.082892035134137 ], [ 426746.359191227937117, 6439217.887732196599245 ], [ 426709.008753530972172, 6439197.39467585273087 ], [ 426686.940456002368592, 6439185.295382171869278 ], [ 426657.754708776716143, 6439169.429755412973464 ], [ 426641.840213526389562, 6439160.034716545604169 ], [ 426621.876993189274799, 6439148.253321284428239 ], [ 426619.479967313760426, 6439146.838696049526334 ], [ 426493.013010189693887, 6439072.177883508615196 ], [ 426444.336467504734173, 6439043.433042038232088 ], [ 426436.119363605394028, 6439038.584827800281346 ], [ 426415.492838880047202, 6439026.40466467756778 ], [ 426407.746804218855686, 6439021.837335335090756 ], [ 426400.615045079321135, 6439017.637287062592804 ], [ 426370.816750861180481, 6439000.036667467094958 ], [ 426336.259523675194941, 6438979.628966372460127 ], [ 426295.500267761119176, 6438955.57241502776742 ], [ 426256.875482660369016, 6438932.779640729539096 ], [ 426229.807322488690261, 6438916.799873472191393 ], [ 426223.02677536488045, 6438912.794073891825974 ], [ 426218.166466285241768, 6438909.921975551173091 ], [ 426013.750590556883253, 6438789.337718915194273 ], [ 426006.861193435441237, 6438785.211803250946105 ], [ 425998.838424282264896, 6438780.405397369526327 ], [ 425962.489575597457588, 6438759.020775740034878 ], [ 425958.431734920595773, 6438766.646566518582404 ], [ 425903.404141721257474, 6438873.998563760891557 ], [ 425899.108318230195437, 6438881.204306114464998 ], [ 425903.175763187347911, 6438883.591031838208437 ], [ 425899.108318231243175, 6438881.204306115396321 ], [ 425899.108318229787983, 6438881.204306116327643 ] ] ] ] } },
{ "type": "Feature", "properties": { "value": 96.2, "POI_CODE": 1 }, "geometry": { "type": "MultiPolygon", "coordinates": [ [ [ [ 426966.30031550640706, 6439348.22678541764617 ], [ 427002.766195424832404, 6439295.402499022893608 ], [ 427078.933522263017949, 6439323.586472656577826 ], [ 427229.375135862035677, 6439319.275355751626194 ], [ 427409.333217340696137, 6439436.643367327749729 ], [ 427579.515319807571359, 6439488.808716870844364 ], [ 427643.754928315640427, 6439386.482159009203315 ], [ 427574.272333192289807, 6439346.364834922365844 ], [ 427643.754928316047881, 6439386.482159009203315 ], [ 427676.57649699569447, 6439321.719675784930587 ], [ 427707.102794978185557, 6439312.668150111101568 ], [ 427762.659205058240332, 6439338.741934635676444 ], [ 427764.454090829181951, 6439203.061568235978484 ], [ 427764.728352796519175, 6439147.020177681930363 ], [ 427764.794488476123661, 6439133.444179370068014 ], [ 427765.018857471819501, 6439110.065619424916804 ], [ 427766.811451413377654, 6438981.378761139698327 ], [ 427766.298598505847622, 6438944.026763030327857 ], [ 427765.245387969829608, 6438902.575388529337943 ], [ 427764.743621956557035, 6438891.504169310443103 ], [ 427717.59895906469319, 6438670.96521582454443 ], [ 427699.493983170134015, 6438674.723970970138907 ], [ 427660.53021679376252, 6438682.603592814877629 ], [ 427614.957761682802811, 6438691.31649790238589 ], [ 427576.129317367216572, 6438699.161084810271859 ], [ 427535.392579142411705, 6438707.152160353027284 ], [ 427516.746287552639842, 6438710.320266278460622 ], [ 427450.140160725044552, 6438722.246762807480991 ], [ 427427.727942529483698, 6438726.875945750623941 ], [ 427361.504373864794616, 6438738.730146648362279 ], [ 427337.77724388736533, 6438741.112089848145843 ], [ 427317.765717235743068, 6438740.241409192793071 ], [ 427300.570236471074168, 6438736.925138453021646 ], [ 427286.739552060666028, 6438730.529596363194287 ], [ 427282.08356599585386, 6438728.476547786965966 ], [ 427250.488369706261437, 6438775.413313784636557 ], [ 427206.277058737992775, 6438839.095855438150465 ], [ 427193.17695528222248, 6438861.017381494864821 ], [ 427184.472098221129272, 6438875.575556042604148 ], [ 427154.01040210906649, 6438929.207455190829933 ], [ 427146.406317422282882, 6438942.019483979791403 ], [ 427077.226416794175748, 6439059.457933046855032 ], [ 427011.802251682267524, 6439166.316371645778418 ], [ 426999.549599614576437, 6439182.231852212920785 ], [ 426989.740576901996974, 6439186.67693155258894 ], [ 426980.122588102589361, 6439185.461407756432891 ], [ 426951.304423235182185, 6439169.631457817740738 ], [ 426901.575323784607463, 6439139.19664010591805 ], [ 426872.591607981128618, 6439121.454881036654115 ], [ 426836.162982637411915, 6439101.066185072995722 ], [ 426826.007675846514758, 6439094.05901054199785 ], [ 426814.430960811441764, 6439107.256575657986104 ], [ 426790.72984856920084, 6439147.14768273383379 ], [ 426789.250501158589032, 6439149.446660405956209 ], [ 426755.877239816822112, 6439202.77903188765049 ], [ 426746.359191227937117, 6439217.887732196599245 ], [ 426746.359191227820702, 6439217.887732196599245 ], [ 426966.30031550640706, 6439348.22678541764617 ] ], [ [ 427544.35379110078793, 6438735.419262216426432 ], [ 427545.837176955712494, 6438733.309820297174156 ], [ 427625.609943489078432, 6438713.996142480522394 ], [ 427626.596350468811579, 6438715.693150471895933 ], [ 427628.073902695556171, 6438723.639666966162622 ], [ 427627.540004038368352, 6438725.74294648040086 ], [ 427626.035923188901506, 6438726.716859703883529 ], [ 427611.651467989082448, 6438731.354926833882928 ], [ 427600.677921695052646, 6438734.783984998241067 ], [ 427590.643189732159954, 6438737.616919776424766 ], [ 427576.991699702339247, 6438740.716144003905356 ], [ 427550.430206671066117, 6438745.197425024583936 ], [ 427548.14463640016038, 6438745.038585044443607 ], [ 427546.781032552709803, 6438743.359598785638809 ], [ 427544.35379110078793, 6438735.419262216426432 ] ] ] ] } },
{ "type": "Feature", "properties": { "value": 93.9, "POI_CODE": 1 }, "geometry": { "type": "MultiPolygon", "coordinates": [ [ [ [ 429424.335600798833184, 6437624.540867918170989 ], [ 429431.208149556594435, 6437615.002432222478092 ], [ 429747.958154252381064, 6437614.073113952763379 ], [ 430070.879633400414605, 6437564.778311467729509 ], [ 430020.359024773933925, 6437442.621397165581584 ], [ 429786.612913727061823, 6437107.175711731426418 ], [ 429802.314989558071829, 6436935.549899295903742 ], [ 429842.437753450532909, 6436821.125399249605834 ], [ 429808.264281525276601, 6436564.683053674176335 ], [ 429952.787351687380578, 6436209.611341764219105 ], [ 429936.330804545781575, 6436207.161360655911267 ], [ 429921.987283193040639, 6436204.718815094791353 ], [ 429907.888612376060337, 6436202.104975004680455 ], [ 429893.200905063073151, 6436199.223156150430441 ], [ 429812.43681005993858, 6436183.095393184572458 ], [ 429797.794784021738451, 6436180.135166975669563 ], [ 429783.452835176954977, 6436177.793310352601111 ], [ 429769.382070394349284, 6436175.769662467762828 ], [ 429756.404588105739094, 6436174.161081428639591 ], [ 429741.041625169455074, 6436172.828469795174897 ], [ 429725.688069399271626, 6436172.364345515146852 ], [ 429710.911334987031296, 6436172.814375304616988 ], [ 429695.224187656422146, 6436173.848455644212663 ], [ 429678.310586090898141, 6436174.948792950250208 ], [ 429662.274353429907933, 6436176.267561924643815 ], [ 429585.137078110477887, 6436185.436626152135432 ], [ 429566.874774141120724, 6436187.697135565802455 ], [ 429549.273128110682592, 6436190.60305876750499 ], [ 429531.358023749489803, 6436194.138212708756328 ], [ 429515.227190665551461, 6436198.443655118346214 ], [ 429500.417244681739248, 6436202.681241891346872 ], [ 429486.269737720140256, 6436207.330319635570049 ], [ 429472.622634072904475, 6436212.905999114736915 ], [ 429458.89516263193218, 6436219.273794494569302 ], [ 429445.725519056315534, 6436226.144006459973752 ], [ 429434.194368557538837, 6436232.550937757827342 ], [ 429423.541405714931898, 6436239.220739377662539 ], [ 429412.901480418629944, 6436246.291229890659451 ], [ 429403.218021896085702, 6436253.712280663661659 ], [ 429394.446352486265823, 6436260.961291705258191 ], [ 429385.614550600061193, 6436268.478649348951876 ], [ 429377.497347728291061, 6436277.018991519697011 ], [ 429369.383557843160816, 6436286.08267568051815 ], [ 429361.904201598197687, 6436294.311073110438883 ], [ 429355.385177831747569, 6436302.110426411963999 ], [ 429348.836380125372671, 6436311.224349877797067 ], [ 429342.323234939365648, 6436320.68286397960037 ], [ 429334.789769300608896, 6436332.175080891698599 ], [ 429326.442675065482035, 6436345.374399778433144 ], [ 429063.859234313538764, 6436756.323519987054169 ], [ 429046.916426530806348, 6436781.146551162004471 ], [ 429030.835675019770861, 6436805.65362930111587 ], [ 429011.301511149387807, 6436836.369344287551939 ], [ 428991.519603892462328, 6436867.735462810844183 ], [ 428961.550632931233849, 6436913.203259829431772 ], [ 428957.651425051619299, 6436919.564596064388752 ], [ 428954.490178278298117, 6436924.621007556095719 ], [ 428887.025476265000179, 6437026.14846646040678 ], [ 428881.546122241299599, 6437034.759606028907001 ], [ 428884.618197105650324, 6437037.728245958685875 ], [ 428887.457236156857107, 6437042.065089028328657 ], [ 428890.485485119977966, 6437049.728188476525247 ], [ 428894.314182916481514, 6437058.267868616618216 ], [ 428895.993818133021705, 6437064.429435539990664 ], [ 428898.14032159477938, 6437070.96128741838038 ], [ 428909.878265976905823, 6437087.889862603507936 ], [ 428912.857642947987188, 6437090.17521221190691 ], [ 428917.119540484272875, 6437090.92318781837821 ], [ 428922.308997528220061, 6437087.768183733336627 ], [ 428925.596947293146513, 6437086.183879112824798 ], [ 428925.26356709736865, 6437090.978264567442238 ], [ 428922.719031368149444, 6437096.524814763106406 ], [ 428921.856796565116383, 6437102.765171085484326 ], [ 428922.858340396895073, 6437108.627046975307167 ], [ 428924.794556043983903, 6437113.95998876541853 ], [ 428912.992892731854226, 6437120.14359116088599 ], [ 428918.502324544009753, 6437141.611376396380365 ], [ 428918.712775705673266, 6437165.961826469749212 ], [ 428919.863417627173476, 6437186.78768643271178 ], [ 428926.17405633936869, 6437199.180654358118773 ], [ 428934.963836726150475, 6437211.295531428419054 ], [ 428948.701631739269942, 6437219.302074182778597 ], [ 428962.902587513672188, 6437223.83713673427701 ], [ 428981.546675148303621, 6437225.397668696008623 ], [ 428999.60306738212239, 6437222.458730166777968 ], [ 429011.80800155212637, 6437223.265625426545739 ], [ 429025.375129277235828, 6437231.308878213167191 ], [ 429047.337351314141415, 6437247.888568348251283 ], [ 429108.19374677160522, 6437309.778062255121768 ], [ 429114.308350569801405, 6437317.831805852241814 ], [ 429117.446995507460088, 6437326.428514208644629 ], [ 429117.496489830082282, 6437341.47221561986953 ], [ 429106.659407803788781, 6437399.571769299916923 ], [ 429086.204543949686922, 6437410.916011285036802 ], [ 429067.841923020838294, 6437419.472522261552513 ], [ 429053.288567564159166, 6437458.028152007609606 ], [ 429056.548328201752156, 6437505.20852645020932 ], [ 429020.395919434959069, 6437544.795098262839019 ], [ 428962.180884099681862, 6437616.279077407903969 ], [ 428963.548432439623866, 6437635.617052068002522 ], [ 428979.990628899773583, 6437635.003732110373676 ], [ 429011.707530545478221, 6437634.605117065832019 ], [ 429041.492047658946831, 6437634.363689973019063 ], [ 429063.893211614107713, 6437633.318615481257439 ], [ 429091.845214012777433, 6437631.885267920792103 ], [ 429127.107523416285403, 6437630.466742752119899 ], [ 429163.063732682552654, 6437629.581842670217156 ], [ 429191.474245969846379, 6437628.051950680091977 ], [ 429211.740161235560663, 6437627.034550143405795 ], [ 429233.69356719503412, 6437626.354742187075317 ], [ 429261.214370649831835, 6437625.553859638981521 ], [ 429290.463844940415584, 6437624.08772012218833 ], [ 429305.486428396601696, 6437623.498001041822135 ], [ 429321.777300705784, 6437622.896959075704217 ], [ 429343.131499413633719, 6437622.362023275345564 ], [ 429359.584391881362535, 6437621.914163038134575 ], [ 429372.395033998647705, 6437621.686884202994406 ], [ 429391.713289547187742, 6437622.123740185052156 ], [ 429404.217325167322997, 6437623.238305973820388 ], [ 429424.335600797319785, 6437624.540867919102311 ], [ 429424.335600798833184, 6437624.540867918170989 ] ] ] ] } },
{ "type": "Feature", "properties": { "value": 74.0, "POI_CODE": 1 }, "geometry": { "type": "MultiPolygon", "coordinates": [ [ [ [ 430718.611624892626423, 6433348.002235169522464 ], [ 430964.889305376680568, 6433016.865568867884576 ], [ 431177.810838620527647, 6433211.595086677931249 ], [ 431213.033006521931384, 6433223.726526310667396 ], [ 431262.696663722745143, 6433220.141846633516252 ], [ 431264.252550035074819, 6433210.694248076528311 ], [ 431268.922874032752588, 6433204.433446102775633 ], [ 431278.735305641544983, 6433199.06396444234997 ], [ 431286.880012878100388, 6433196.99713274743408 ], [ 431337.549978867406026, 6433195.578644147142768 ], [ 431342.143007968203165, 6433195.455013806931674 ], [ 431369.482331638457254, 6433194.694838402792811 ], [ 431374.919339772779495, 6433194.53444835357368 ], [ 431403.486640885646921, 6433193.742236997000873 ], [ 431413.398589739692397, 6433193.460376487113535 ], [ 431417.005740745691583, 6433193.364925937727094 ], [ 431438.045994195039384, 6433192.780382121913135 ], [ 431449.458097151131369, 6433190.089786459691823 ], [ 431459.951826303964481, 6433181.045413521118462 ], [ 431465.419953184551559, 6433169.292393641546369 ], [ 431467.499169592163526, 6433152.118882471695542 ], [ 431470.796142673469149, 6433135.347599793225527 ], [ 431478.13678003125824, 6433116.37992272619158 ], [ 431486.879869266180322, 6433101.341321979649365 ], [ 431497.925532498396933, 6433086.586120190098882 ], [ 431518.031918346008752, 6433068.735523319803178 ], [ 431549.830075769219548, 6433051.029524907469749 ], [ 431634.546283805684652, 6433030.601088841445744 ], [ 431713.728167629393283, 6433011.516431360505521 ], [ 431720.104670444037765, 6433009.981882316060364 ], [ 431845.276012354297563, 6432979.812210930511355 ], [ 431854.965107423951849, 6432977.51972112711519 ], [ 431953.492336273950059, 6432954.2230065446347 ], [ 432006.175046196032781, 6432942.845774257555604 ], [ 432027.841901329637039, 6432934.937591227702796 ], [ 432047.967356677982025, 6432922.879937699995935 ], [ 432091.09950512892101, 6432885.141569619998336 ], [ 432109.506222025491297, 6432871.331808749586344 ], [ 432101.82167185714934, 6432825.895725871436298 ], [ 432094.288300273648929, 6432777.205484918318689 ], [ 432076.720352063479368, 6432699.822651240043342 ], [ 432052.941677576396614, 6432597.724423064850271 ], [ 432022.275417617172934, 6432455.855959754437208 ], [ 432020.145805195381399, 6432446.6719731092453 ], [ 432017.687714876548853, 6432435.199651042930782 ], [ 431954.664118724700529, 6432161.113444950431585 ], [ 431951.676134415203705, 6432106.477451127953827 ], [ 431937.004421265097335, 6432067.563834683038294 ], [ 431932.218815311265644, 6432059.939652342349291 ], [ 431921.702758648199961, 6432051.990116092376411 ], [ 431954.65669167181477, 6432011.751687795855105 ], [ 431962.271186340716667, 6432002.359519143588841 ], [ 431824.657940295524895, 6431897.309463193640113 ], [ 431659.936397961108014, 6432042.056411031633615 ], [ 431485.354444481083192, 6432066.885884582065046 ], [ 431402.991828920901753, 6432093.255224054679275 ], [ 431027.443513003760017, 6432152.757592521607876 ], [ 431023.183902352931909, 6431906.407933533191681 ], [ 430998.83439447573619, 6431853.799237087368965 ], [ 430874.038636368699372, 6431685.947588662616909 ], [ 430822.959050461358856, 6431533.971812733449042 ], [ 430590.386069675907493, 6431593.528899204917252 ], [ 430593.636287803878076, 6431604.204203963279724 ], [ 430606.099234752298798, 6431664.409655074588954 ], [ 430611.662553121102974, 6431711.138462655246258 ], [ 430614.71372504386818, 6431740.828821412287652 ], [ 430620.771727726212703, 6431779.319763765670359 ], [ 430624.009537888516206, 6431801.401207857765257 ], [ 430635.305807073134929, 6431849.611622244119644 ], [ 430636.493616024381481, 6431872.051655904389918 ], [ 430635.023328190902248, 6431887.734001341275871 ], [ 430631.326807203062344, 6431912.319069224409759 ], [ 430631.494447193457745, 6431921.959662752225995 ], [ 430633.097074188000988, 6431931.898238734342158 ], [ 430636.293179078958929, 6431942.755641534924507 ], [ 430643.837476194254123, 6431975.686336112208664 ], [ 430652.956543890177272, 6432007.787897508591413 ], [ 430660.178950830246322, 6432040.568316144868731 ], [ 430668.209560437244363, 6432119.514413381926715 ], [ 430672.771393395843916, 6432145.058354462496936 ], [ 430681.922977686394006, 6432179.063613658770919 ], [ 430693.487253174360376, 6432235.309490391984582 ], [ 430703.940017594024539, 6432260.918146445415914 ], [ 430707.529079404543154, 6432284.897755147889256 ], [ 430708.023583924339619, 6432313.363130528479815 ], [ 430705.189776592073031, 6432332.855281201191247 ], [ 430700.251627820078284, 6432349.555529870092869 ], [ 430694.659351650392637, 6432364.986547147855163 ], [ 430686.313653105171397, 6432386.166897809132934 ], [ 430678.07494220812805, 6432413.837520319968462 ], [ 430667.982720265397802, 6432471.39037128444761 ], [ 430665.390540379448794, 6432486.172779310494661 ], [ 430662.052079038694501, 6432521.809374984353781 ], [ 430661.417231075232849, 6432576.697141263633966 ], [ 430661.329611130873673, 6432617.188072616234422 ], [ 430656.944416627637111, 6432656.484256337396801 ], [ 430652.202452417986933, 6432729.950990899465978 ], [ 430648.438345915055834, 6432768.601660713553429 ], [ 430638.112698412500322, 6432831.085509568452835 ], [ 430628.480087540694512, 6432878.379373162053525 ], [ 430614.094809204456396, 6432943.784673772752285 ], [ 430593.928272591962013, 6433023.154624679125845 ], [ 430591.29148878029082, 6433035.572295929305255 ], [ 430583.19289910106454, 6433079.988865004852414 ], [ 430578.754475910507608, 6433134.464099837467074 ], [ 430574.882762950612232, 6433203.160926144570112 ], [ 430570.368338640721049, 6433289.886550347320735 ], [ 430565.974925583228469, 6433346.577051202766597 ], [ 430560.909895147255156, 6433383.346320705488324 ], [ 430555.122275905567221, 6433414.905532818287611 ], [ 430549.773788520251401, 6433426.234635770320892 ], [ 430543.895006860315334, 6433434.243403426371515 ], [ 430524.079702379647642, 6433451.50380293186754 ], [ 430603.200269472785294, 6433448.233512679114938 ], [ 430718.611624892626423, 6433348.002235169522464 ] ], [ [ 430684.788965129759163, 6432485.056107410229743 ], [ 430689.998279495979659, 6432477.515796762891114 ], [ 430689.99827949621249, 6432477.515796762891114 ], [ 430684.788965129759163, 6432485.056107410229743 ] ], [ [ 431207.647814513358753, 6432459.166490100324154 ], [ 431201.83673356618965, 6432443.520896384492517 ], [ 431192.00115359807387, 6432417.176551685668528 ], [ 431229.767580486775842, 6432398.307265510782599 ], [ 431302.694995210738853, 6432378.676697067916393 ], [ 431325.425331905018538, 6432375.813151489943266 ], [ 431363.257705081137829, 6432362.779099330306053 ], [ 431379.274961612187326, 6432360.47681524977088 ], [ 431396.581035796494689, 6432355.825077929534018 ], [ 431411.898698209493887, 6432410.059502916410565 ], [ 431402.583864872460254, 6432420.442219386808574 ], [ 431392.484173154516611, 6432419.880980796180665 ], [ 431374.554224666790105, 6432423.96442343108356 ], [ 431366.561104911554139, 6432422.576374804601073 ], [ 431357.716809473815374, 6432427.338734519667923 ], [ 431341.215160272666253, 6432427.567083410918713 ], [ 431303.490359725547023, 6432432.058461933396757 ], [ 431279.783555120695382, 6432439.259599511511624 ], [ 431236.93190613866318, 6432453.728414423763752 ], [ 431207.647814513358753, 6432459.166490100324154 ] ], [ [ 431203.478873614862096, 6432949.976076581515372 ], [ 431201.667331881064456, 6432947.000698265619576 ], [ 431200.846576717100106, 6432943.251001546159387 ], [ 431200.016985300870147, 6432938.989216580986977 ], [ 431196.716945754946209, 6432937.041731444187462 ], [ 431195.162047260440886, 6432934.563033108599484 ], [ 431194.58636401547119, 6432930.296868280507624 ], [ 431193.950367283308879, 6432922.535143589600921 ], [ 431196.116725432453677, 6432916.974473257549107 ], [ 431196.051613243645988, 6432913.200604402460158 ], [ 431196.197394306072965, 6432906.928706804290414 ], [ 431198.368182402220555, 6432901.624082082882524 ], [ 431201.101404906832613, 6432899.817491508089006 ], [ 431206.647314019326586, 6432900.467906740494072 ], [ 431209.410882188531104, 6432900.420234226621687 ], [ 431210.857671831618063, 6432896.631421200931072 ], [ 431213.621242639957927, 6432896.58375162165612 ], [ 431216.957549214945175, 6432900.290061347186565 ], [ 431218.549935186689254, 6432905.284782596863806 ], [ 431217.89796591270715, 6432911.320424476638436 ], [ 431215.466281238710508, 6432915.883448413573205 ], [ 431212.238096570537891, 6432918.444656915031374 ], [ 431211.801266193157062, 6432922.227183940820396 ], [ 431210.914166200731415, 6432929.012973203323781 ], [ 431211.305047484347597, 6432937.291168843396008 ], [ 431212.632135386229493, 6432941.288253893144429 ], [ 431214.452312235836871, 6432944.764593213796616 ], [ 431217.011235308717005, 6432947.237116470001638 ], [ 431220.285335510154255, 6432947.681750019080937 ], [ 431224.295259264530614, 6432946.610380420461297 ], [ 431229.277019570115954, 6432944.007804245688021 ], [ 431233.233435849833768, 6432940.175720780156553 ], [ 431234.91245524736587, 6432935.124581323005259 ], [ 431235.554316627793014, 6432928.844132125377655 ], [ 431236.219169892952777, 6432923.554361118003726 ], [ 431239.376580848940648, 6432917.230536953546107 ], [ 431242.368141554528847, 6432915.675640733912587 ], [ 431242.819544175406918, 6432912.39397157728672 ], [ 431242.746030887181405, 6432908.130278534255922 ], [ 431243.659102544363122, 6432902.847365223802626 ], [ 431246.61593665566761, 6432899.277515569701791 ], [ 431248.752249588200357, 6432891.96909442730248 ], [ 431252.378394174971618, 6432883.365525076165795 ], [ 431252.747503896127455, 6432890.385767295025289 ], [ 431252.573185080313124, 6432894.664868231862783 ], [ 431254.968776698224247, 6432902.396265997551382 ], [ 431257.299689330684487, 6432906.376060500741005 ], [ 431261.351347442425322, 6432908.065655170939863 ], [ 431267.39494116284186, 6432908.462591125629842 ], [ 431270.661924773827195, 6432908.150164032354951 ], [ 431272.223926620092243, 6432911.385993629693985 ], [ 431277.446825165185146, 6432908.033234148286283 ], [ 431279.249885146680754, 6432910.518822680227458 ], [ 431279.045037198695354, 6432913.027877319604158 ], [ 431278.108750908868387, 6432917.308971758931875 ], [ 431277.658812703215517, 6432920.334490732289851 ], [ 431279.461675469472539, 6432922.808947004377842 ], [ 431282.050880270428024, 6432927.040424481034279 ], [ 431282.382487918832339, 6432931.544654525816441 ], [ 431281.193972561508417, 6432935.585110149346292 ], [ 431279.010242397373077, 6432940.143821343779564 ], [ 431274.078563091985416, 6432945.997085799463093 ], [ 431271.09142669592984, 6432947.808002626523376 ], [ 431267.550371249613818, 6432946.610703378915787 ], [ 431264.53292074118508, 6432946.662712395191193 ], [ 431262.989231271436438, 6432949.629136389121413 ], [ 431263.083064015605487, 6432955.072859955020249 ], [ 431265.44309355749283, 6432965.199044669046998 ], [ 431266.642004225635901, 6432971.358674973249435 ], [ 431264.147478147526272, 6432974.675557650625706 ], [ 431260.894941688631661, 6432975.822917424142361 ], [ 431256.215166269452311, 6432978.80999721493572 ], [ 431253.726794895890635, 6432982.483122029341757 ], [ 431253.454299303062726, 6432987.576819859445095 ], [ 431255.708255577425007, 6432991.892009523697197 ], [ 431252.474543706397526, 6432994.130347527563572 ], [ 431248.471007279295009, 6432994.199369573965669 ], [ 431244.107270720181987, 6432994.274606147781014 ], [ 431237.540331133990549, 6432993.664019367657602 ], [ 431228.011722997645847, 6432989.83063202444464 ], [ 431201.548245387442876, 6432975.020100523717701 ], [ 431197.513140481198207, 6432972.918261996470392 ], [ 431195.631606021081097, 6432969.309360810555518 ], [ 431195.56284273340134, 6432965.32397691346705 ], [ 431195.892116085626185, 6432962.155765059404075 ], [ 431197.617224208603147, 6432960.1215800344944 ], [ 431201.844793486176059, 6432957.286996329203248 ], [ 431203.311575450061355, 6432955.001150190830231 ], [ 431203.478873614862096, 6432949.976076581515372 ] ], [ [ 431136.807455218106043, 6433034.688945439644158 ], [ 431139.417292327154428, 6433036.347635438665748 ], [ 431141.536932392802555, 6433043.482408710755408 ], [ 431145.597425523330458, 6433047.398866661824286 ], [ 431150.746458302543033, 6433044.915791953913867 ], [ 431154.641844873025548, 6433039.269564415328205 ], [ 431154.137105241476092, 6433033.298420953564346 ], [ 431152.474176286603324, 6433029.351695130579174 ], [ 431152.405368432984687, 6433025.366311377845705 ], [ 431155.864843319926877, 6433017.734325961209834 ], [ 431157.397278922144324, 6433014.12218283675611 ], [ 431158.083304425352253, 6433007.328713737428188 ], [ 431161.196427097194828, 6433002.898651532828808 ], [ 431169.839447370381095, 6432994.77631669677794 ], [ 431182.079618385876529, 6432986.992806740105152 ], [ 431189.619432934443466, 6432984.078778455965221 ], [ 431195.601133682357613, 6432983.975565898232162 ], [ 431201.61620413151104, 6432985.464187587611377 ], [ 431210.894586729235016, 6432990.883094382472336 ], [ 431218.600169117969926, 6432997.921550821512938 ], [ 431224.704488159390166, 6433004.586753793992102 ], [ 431230.462352974398527, 6433014.453877627849579 ], [ 431232.984377218643203, 6433021.982640469446778 ], [ 431233.924701864481904, 6433029.928428721614182 ], [ 431233.245464163774159, 6433037.12264908477664 ], [ 431229.015969316125847, 6433046.349109346978366 ], [ 431165.807993117487058, 6433131.124293294735253 ], [ 431159.90997510770103, 6433136.404200731776655 ], [ 431151.565595631604083, 6433138.541551657021046 ], [ 431145.197269892087206, 6433139.84302937053144 ], [ 431137.996576498961076, 6433138.775856612250209 ], [ 431129.951500234834384, 6433135.329109414480627 ], [ 431120.659485620795749, 6433129.108861658722162 ], [ 431110.896242018789053, 6433118.520453783683479 ], [ 431104.763371131150052, 6433109.862630033865571 ], [ 431101.854304241307545, 6433103.532147907651961 ], [ 431099.733792606275529, 6433096.007660391740501 ], [ 431100.420720151509158, 6433089.615046727471054 ], [ 431103.928313232492656, 6433084.777235940098763 ], [ 431109.43154351064004, 6433079.893815367482603 ], [ 431115.336506210151128, 6433075.014598619192839 ], [ 431119.217967033910099, 6433068.566806066781282 ], [ 431122.698105158167891, 6433062.137085245922208 ], [ 431126.620930176984984, 6433058.082756786607206 ], [ 431133.247382323606871, 6433057.355849897488952 ], [ 431135.057967407745309, 6433055.487194743007421 ], [ 431135.007982125680428, 6433052.59278199262917 ], [ 431132.664056707988493, 6433038.9697857927531 ], [ 431133.930853781173937, 6433036.052632384933531 ], [ 431136.807455218106043, 6433034.688945439644158 ] ] ] ] } },
{ "type": "Feature", "properties": { "value": 84.7, "POI_CODE": 1 }, "geometry": { "type": "MultiPolygon", "coordinates": [ [ [ [ 442659.039573305635713, 6435087.408114492893219 ], [ 442790.044659538019914, 6434440.565206550993025 ], [ 442742.265800890512764, 6434200.357220521196723 ], [ 442741.386505830101669, 6434195.936568760313094 ], [ 442741.314420248731039, 6434195.574158840812743 ], [ 442660.044510374485981, 6434223.253470094874501 ], [ 442565.911307835718617, 6434254.650950135663152 ], [ 442551.140800157038029, 6434260.097257819958031 ], [ 442537.115886347251944, 6434264.018512305803597 ], [ 442524.640901814796962, 6434267.739307002164423 ], [ 442511.043420464731753, 6434271.409520887769759 ], [ 442471.832408980058972, 6434280.304238309152424 ], [ 442443.285791927599348, 6434286.840604440309107 ], [ 442431.794172669120599, 6434290.369333029724658 ], [ 442419.584993305266835, 6434294.086621146649122 ], [ 442409.268362624105066, 6434297.208716440014541 ], [ 442359.418044165475294, 6434314.23095518629998 ], [ 442226.870699509803671, 6434359.019784563221037 ], [ 441766.526117360102944, 6434514.605658431537449 ], [ 441750.145240838814061, 6434520.011696140281856 ], [ 441735.454861010133754, 6434525.148117441684008 ], [ 441720.203938719932921, 6434530.303925366140902 ], [ 441702.782467117649503, 6434536.404614988714457 ], [ 441687.265486703428905, 6434541.931899108923972 ], [ 441672.090368812088855, 6434547.82169811334461 ], [ 441653.520973605394829, 6434556.155281794257462 ], [ 441638.848581121768802, 6434562.906384092755616 ], [ 441622.639341205824167, 6434571.138744315132499 ], [ 441606.094644003605936, 6434580.244621288962662 ], [ 441589.712622611026745, 6434589.971747650764883 ], [ 441576.585296571895014, 6434598.604535176418722 ], [ 441560.856392540212255, 6434609.380039894022048 ], [ 441560.856392539921217, 6434609.380039894022048 ], [ 441631.163821962662041, 6434790.711018539965153 ], [ 441687.809575345308986, 6434880.609297255985439 ], [ 441501.747273678833153, 6434993.78447384480387 ], [ 441538.464480384078342, 6435072.135356043465436 ], [ 441559.22284569736803, 6435274.9647107841447 ], [ 441440.05529508239124, 6435367.431016124784946 ], [ 441334.866995142307132, 6435335.452879702672362 ], [ 441215.037294479901902, 6435382.577013798058033 ], [ 441196.276438464527018, 6435584.000589113682508 ], [ 441114.655683023273014, 6435675.91608215123415 ], [ 441083.001234137627762, 6435806.529587521217763 ], [ 441106.123565863235854, 6435833.793768783099949 ], [ 441212.811976139841136, 6435901.232280883006752 ], [ 441315.271406062995084, 6435681.829594821669161 ], [ 441433.388853674929123, 6435787.559955012053251 ], [ 441510.131629288720433, 6436035.866523182019591 ], [ 441686.702288959466387, 6435952.435360993258655 ], [ 441888.218305321701337, 6435953.434148932807148 ], [ 441989.665189982508309, 6436001.249799653887749 ], [ 442215.052558089897502, 6435877.695042102597654 ], [ 442371.293942609452643, 6435753.177462142892182 ], [ 442578.488955397391692, 6435736.382529981434345 ], [ 442598.831806083093397, 6435571.434156564064324 ], [ 442659.039573305635713, 6435087.408114492893219 ] ] ] ] } },
{ "type": "Feature", "properties": { "value": 93.8, "POI_CODE": 1 }, "geometry": { "type": "MultiPolygon", "coordinates": [ [ [ [ 430835.093584249494597, 6435937.391169469803572 ], [ 430809.652301246998832, 6435945.884871343150735 ], [ 430746.408862869779114, 6435968.976938545703888 ], [ 430725.577304680249654, 6435976.310125014744699 ], [ 430672.152324341819622, 6435995.112432620488107 ], [ 430660.347988191468176, 6435999.19313068408519 ], [ 430642.782363939157221, 6436005.26724858302623 ], [ 430639.511729905440006, 6435989.967981589958072 ], [ 430626.848706787044648, 6435948.128718781284988 ], [ 430616.110684029699769, 6435926.344875688664615 ], [ 430604.746865690045524, 6435910.99729464109987 ], [ 430597.366463130922057, 6435893.241834741085768 ], [ 430589.968184086028486, 6435847.023693638853729 ], [ 430576.724967418937013, 6435824.782488317228854 ], [ 430558.588089159922674, 6435786.947468769736588 ], [ 430541.767008444992825, 6435744.702094494365156 ], [ 430533.010007540055085, 6435705.578945115208626 ], [ 430526.330550776969176, 6435649.526633450761437 ], [ 430523.039957046043128, 6435623.98289988655597 ], [ 430509.361026344820857, 6435600.75883037224412 ], [ 430516.390055213472806, 6435589.275371886789799 ], [ 430502.262926450173836, 6435579.367932619526982 ], [ 430496.381189285835717, 6435578.212194455787539 ], [ 430469.134552444564179, 6435541.070996044203639 ], [ 430471.549809485848527, 6435525.227198143489659 ], [ 430464.82907230994897, 6435503.06182430870831 ], [ 430467.030853779637255, 6435492.912125313654542 ], [ 430477.854302952706348, 6435487.344676915556192 ], [ 430452.865049163461663, 6435461.544937583617866 ], [ 430444.633669371600263, 6435434.350326933898032 ], [ 430429.911255732178688, 6435429.952616374008358 ], [ 430419.716711603454314, 6435413.059506966732442 ], [ 430418.487475888687186, 6435408.248051681555808 ], [ 430409.199679599434603, 6435405.759948508813977 ], [ 430386.156657053914387, 6435429.915073812939227 ], [ 430345.986684841278475, 6435430.973463860340416 ], [ 430325.916512984840665, 6435474.208237155340612 ], [ 430266.867616352625191, 6435477.212308085523546 ], [ 430234.810156847757753, 6435446.314934922382236 ], [ 430229.973131969454698, 6435395.275277517735958 ], [ 430229.215804370236583, 6435352.026044893078506 ], [ 430254.168381383176893, 6435314.228660751134157 ], [ 430285.091748979932163, 6435280.257902911864221 ], [ 430312.557558039436117, 6435245.011575507000089 ], [ 430311.108798299217597, 6435202.342374911531806 ], [ 430304.265224603761453, 6435185.045727230608463 ], [ 430288.307099148631096, 6435205.235637868754566 ], [ 430262.765161947230808, 6435220.548832080326974 ], [ 430257.19414834032068, 6435228.073897549882531 ], [ 430260.750729224993847, 6435232.276649325154722 ], [ 430269.500088387983851, 6435234.328409689478576 ], [ 430276.384904522215948, 6435238.795869872905314 ], [ 430273.909420086187311, 6435251.166486691683531 ], [ 430259.193587324989494, 6435251.579925682395697 ], [ 430248.722410396847408, 6435244.580638276413083 ], [ 430239.775595062354114, 6435219.447921245358884 ], [ 430222.653169483877718, 6435200.093082638457417 ], [ 430221.564349547610618, 6435173.987622710876167 ], [ 430219.797015863878187, 6435151.613394254818559 ], [ 430264.775319103966467, 6435106.026788719929755 ], [ 430270.666821980266832, 6435079.01967073045671 ], [ 430290.887565943179652, 6435061.850876562297344 ], [ 430294.355840040720068, 6435039.062104957178235 ], [ 430261.910735265119001, 6435036.122015200555325 ], [ 430243.956633744470309, 6435041.803704658523202 ], [ 430208.276167466305196, 6435065.824715500697494 ], [ 430175.482513887807727, 6435073.98266976326704 ], [ 430152.226856709574349, 6435066.172031900845468 ], [ 430123.911337458877824, 6435067.770897917449474 ], [ 430113.418956936744507, 6435056.574133280664682 ], [ 430114.937094208144117, 6435034.743652649223804 ], [ 430104.442148930858821, 6435004.894523859024048 ], [ 430082.829951250459999, 6434991.52096975594759 ], [ 430080.505594940797891, 6435003.733160310424864 ], [ 430095.760395735269412, 6435015.481036488898098 ], [ 430101.960172458318993, 6435025.962410304695368 ], [ 430101.163827677606605, 6435043.838169991970062 ], [ 430091.725874658150133, 6435047.322194894775748 ], [ 430088.105089215736371, 6435039.479312791489065 ], [ 430079.292657554382458, 6435024.77879745606333 ], [ 430071.406099697807804, 6435010.696792330592871 ], [ 430078.75745028455276, 6434989.565712856128812 ], [ 430071.154873887950089, 6434974.175838081166148 ], [ 430078.175773277354892, 6434950.021626866422594 ], [ 430086.142519585206173, 6434934.681509852409363 ], [ 430072.086884523916524, 6434888.336024818941951 ], [ 430065.357553858135361, 6434889.411789388395846 ], [ 430043.283793544163927, 6434894.854868407361209 ], [ 430021.674049296649173, 6434899.822220076806843 ], [ 429998.496707621030509, 6434905.284929125569761 ], [ 429983.815359448723029, 6434908.070670682936907 ], [ 429969.131520464608911, 6434910.377671745605767 ], [ 429958.857831266708672, 6434911.671806387603283 ], [ 429951.311735070077702, 6434914.644068847410381 ], [ 429945.279835566878319, 6434922.81241190712899 ], [ 429942.139922863803804, 6434933.613647212274373 ], [ 429941.038148903171532, 6434942.808907142840326 ], [ 429942.997476510412525, 6434950.825637215748429 ], [ 429947.271711473062169, 6434955.182542061433196 ], [ 429976.183845524676144, 6434973.716595125384629 ], [ 429980.618317928980105, 6434978.460471265949309 ], [ 429982.940157318138517, 6434984.265963539481163 ], [ 429984.185440004221164, 6434992.306393674574792 ], [ 429979.446454153279774, 6435010.886204024776816 ], [ 429971.473357489099726, 6435034.567367079667747 ], [ 429962.777063720568549, 6435053.372648230753839 ], [ 429915.540502148855012, 6435122.799635632894933 ], [ 429872.317300155176781, 6435176.978502837009728 ], [ 429864.22080272436142, 6435184.871519021689892 ], [ 429850.565806658996735, 6435191.904726046137512 ], [ 429830.796543477219529, 6435202.052313651889563 ], [ 429821.1016742864158, 6435209.015889389440417 ], [ 429814.164854368194938, 6435219.728216900490224 ], [ 429805.317939551023301, 6435248.013096749782562 ], [ 429798.730515639996156, 6435260.45648479834199 ], [ 429786.64609847945394, 6435275.524573289789259 ], [ 429740.718597645987757, 6435328.806074353866279 ], [ 429716.729771920945495, 6435351.356003235094249 ], [ 429700.745065135066397, 6435360.802768956869841 ], [ 429670.788111011032015, 6435376.97724465560168 ], [ 429645.260584829200525, 6435392.917835120111704 ], [ 429634.940761073492467, 6435400.215858807787299 ], [ 429589.54746452497784, 6435447.788221135735512 ], [ 429556.607331429899205, 6435483.147650400176644 ], [ 429424.432102076301817, 6435610.174689972773194 ], [ 429333.343156824703328, 6435696.64443152025342 ], [ 429266.540611339616589, 6435759.778641716577113 ], [ 429260.169668182730675, 6435757.675727861002088 ], [ 429245.66766815376468, 6435770.026792112737894 ], [ 429244.7868709670729, 6435782.915479176677763 ], [ 429188.539564751146827, 6435834.015068074688315 ], [ 429117.673664461064618, 6435899.740833667106926 ], [ 429088.69669552630512, 6435926.180820491164923 ], [ 429076.763664324302226, 6435940.535801508463919 ], [ 429064.930612898664549, 6435951.882356429472566 ], [ 429060.195667218940798, 6435948.169342180714011 ], [ 429056.00256123393774, 6435952.676089514046907 ], [ 429060.118635617138352, 6435957.101679123006761 ], [ 429037.812541951541789, 6435980.249545549973845 ], [ 429041.020155059115496, 6435991.662352357059717 ], [ 429043.368791828164831, 6435994.616065695881844 ], [ 429069.433502516127191, 6436035.71093440707773 ], [ 429089.266362080408726, 6436065.613988360390067 ], [ 429126.259778301231563, 6436122.561459238640964 ], [ 429140.058661026414484, 6436146.759191489778459 ], [ 429149.191713344655, 6436166.474251624196768 ], [ 429156.16215074446518, 6436188.711090721189976 ], [ 429161.564057952782605, 6436211.031514602713287 ], [ 429164.577035668538883, 6436227.459011904895306 ], [ 429164.047444584197365, 6436253.103190038353205 ], [ 429162.447344634449109, 6436273.309833426959813 ], [ 429155.596896923496388, 6436300.948393510654569 ], [ 429151.382293908856809, 6436322.148095907643437 ], [ 429147.140692377404775, 6436342.490823015570641 ], [ 429148.307676963449921, 6436358.327539695426822 ], [ 429146.640616485034116, 6436371.775914902798831 ], [ 429137.569722242071293, 6436385.055338382720947 ], [ 429129.596672126033809, 6436416.91215249709785 ], [ 429120.551628145971335, 6436422.017430499196053 ], [ 429067.138590377755463, 6436521.632159987464547 ], [ 428994.417850579600781, 6436668.529614519327879 ], [ 428903.647367208846845, 6436794.069171811453998 ], [ 428901.794589060707949, 6436800.360620091669261 ], [ 428902.685470905271359, 6436804.97724652197212 ], [ 428905.666845322819427, 6436807.3627824569121 ], [ 428907.434216701309197, 6436810.170884267427027 ], [ 428904.724025635165162, 6436813.058918723836541 ], [ 428896.622027999605052, 6436815.72027737647295 ], [ 428890.582856493536383, 6436829.803653083741665 ], [ 428859.794257024535909, 6436871.957236726768315 ], [ 428856.25945167359896, 6436875.917947389185429 ], [ 428855.43960854987381, 6436880.5651268158108 ], [ 428853.7121532256715, 6436884.616046987473965 ], [ 428849.23018803173909, 6436889.729547509923577 ], [ 428844.10023539874237, 6436891.602949419058859 ], [ 428836.811013938684482, 6436905.062869695015252 ], [ 428832.44128213688964, 6436914.472841737791896 ], [ 428820.577566679741722, 6436935.453329208306968 ], [ 428819.337878660124261, 6436939.718265698291361 ], [ 428816.783491160487756, 6436944.051246459595859 ], [ 428813.331354101363104, 6436946.028330237604678 ], [ 428809.326440726057626, 6436948.772540324367583 ], [ 428806.988075479515828, 6436952.645094050094485 ], [ 428805.770818040240556, 6436961.464218077249825 ], [ 428806.555034997640178, 6436968.031515747308731 ], [ 428808.360821267124265, 6436972.988116489723325 ], [ 428813.44844755390659, 6436978.030397590249777 ], [ 428799.588096431398299, 6436997.547290983609855 ], [ 428800.797430227859877, 6436999.455523528158665 ], [ 428802.053966993291397, 6437001.333074536174536 ], [ 428816.565491948917042, 6436980.679538257420063 ], [ 428816.049286561028566, 6436980.275834790430963 ], [ 428816.565491949324496, 6436980.679538257420063 ], [ 428820.209780467848759, 6436984.535816681571305 ], [ 428824.644087300810497, 6436986.338525304570794 ], [ 428833.260792922810651, 6436987.075396751984954 ], [ 428843.135456334450282, 6436989.192931720986962 ], [ 428847.3037565620034, 6436990.309992666356266 ], [ 428852.238539182464592, 6436993.373281679116189 ], [ 428854.196705627837218, 6436998.605576662346721 ], [ 428856.982123927213252, 6437004.892139535397291 ], [ 428859.784631159738638, 6437010.153896234929562 ], [ 428865.887649107200559, 6437015.523734082467854 ], [ 428873.053262447007, 6437021.910239769145846 ], [ 428876.788368104433175, 6437030.162042644806206 ], [ 428881.546122241299599, 6437034.759606028907001 ], [ 428887.025476265000179, 6437026.14846646040678 ], [ 428954.490178278298117, 6436924.621007556095719 ], [ 428957.651425051619299, 6436919.564596064388752 ], [ 428961.550632931233849, 6436913.203259829431772 ], [ 428991.519603892462328, 6436867.735462810844183 ], [ 429011.301511149387807, 6436836.369344287551939 ], [ 429030.835675019770861, 6436805.65362930111587 ], [ 429046.916426530806348, 6436781.146551162004471 ], [ 429063.859234313538764, 6436756.323519987054169 ], [ 429326.442675065482035, 6436345.374399778433144 ], [ 429334.789769300608896, 6436332.175080891698599 ], [ 429342.323234939365648, 6436320.68286397960037 ], [ 429348.836380125372671, 6436311.224349877797067 ], [ 429355.385177831747569, 6436302.110426411963999 ], [ 429361.904201598197687, 6436294.311073110438883 ], [ 429369.383557843160816, 6436286.08267568051815 ], [ 429377.497347728291061, 6436277.018991519697011 ], [ 429385.614550600061193, 6436268.478649348951876 ], [ 429394.446352486265823, 6436260.961291705258191 ], [ 429403.218021896085702, 6436253.712280663661659 ], [ 429412.901480418629944, 6436246.291229890659451 ], [ 429423.541405714931898, 6436239.220739377662539 ], [ 429434.194368557538837, 6436232.550937757827342 ], [ 429445.725519056315534, 6436226.144006459973752 ], [ 429458.89516263193218, 6436219.273794494569302 ], [ 429472.622634072904475, 6436212.905999114736915 ], [ 429486.269737720140256, 6436207.330319635570049 ], [ 429500.417244681739248, 6436202.681241891346872 ], [ 429515.227190665551461, 6436198.443655118346214 ], [ 429531.358023749489803, 6436194.138212708756328 ], [ 429549.273128110682592, 6436190.60305876750499 ], [ 429566.874774141120724, 6436187.697135565802455 ], [ 429585.137078110477887, 6436185.436626152135432 ], [ 429662.274353429907933, 6436176.267561924643815 ], [ 429678.310586090898141, 6436174.948792950250208 ], [ 429695.224187656422146, 6436173.848455644212663 ], [ 429710.911334987031296, 6436172.814375304616988 ], [ 429725.688069399271626, 6436172.364345515146852 ], [ 429741.041625169455074, 6436172.828469795174897 ], [ 429756.404588105739094, 6436174.161081428639591 ], [ 429769.382070394349284, 6436175.769662467762828 ], [ 429783.452835176954977, 6436177.793310352601111 ], [ 429797.794784021738451, 6436180.135166975669563 ], [ 429812.43681005993858, 6436183.095393184572458 ], [ 429893.200905063073151, 6436199.223156150430441 ], [ 429907.888612376060337, 6436202.104975004680455 ], [ 429921.987283193040639, 6436204.718815094791353 ], [ 429936.330804545781575, 6436207.161360655911267 ], [ 429952.787351688486524, 6436209.611341764219105 ], [ 429967.31125150207663, 6436211.237911867909133 ], [ 429982.026517045800574, 6436212.671862040646374 ], [ 429997.704928860301152, 6436213.49874195177108 ], [ 430011.34761250554584, 6436214.016242033801973 ], [ 430023.130795099888928, 6436214.176702343858778 ], [ 430035.888353315822314, 6436213.696477841585875 ], [ 430047.404141836916097, 6436213.08220031298697 ], [ 430058.19167148694396, 6436212.335978091694415 ], [ 430071.052936497610062, 6436211.375205934979022 ], [ 430083.956132250721566, 6436210.113072817213833 ], [ 430099.619092027423903, 6436208.379390584304929 ], [ 430115.430040568113327, 6436205.997297515161335 ], [ 430211.226573324645869, 6436191.589535222388804 ], [ 430232.435504205932375, 6436188.055438555777073 ], [ 430250.205182699370198, 6436184.949158474802971 ], [ 430265.212755922577344, 6436182.180843394249678 ], [ 430280.503613670472987, 6436179.073553408496082 ], [ 430292.076271017780527, 6436176.643857680261135 ], [ 430305.075488471135031, 6436173.777211466804147 ], [ 430315.319650253397413, 6436171.315149570815265 ], [ 430329.208453578758053, 6436167.341713692061603 ], [ 430342.995616852713283, 6436163.29215382039547 ], [ 430357.60851308220299, 6436158.87186059448868 ], [ 430370.755259896512143, 6436154.310213236138225 ], [ 430383.952481986430939, 6436150.271109510213137 ], [ 430398.429243498947471, 6436145.485866797156632 ], [ 430714.345017435844056, 6436031.950394530780613 ], [ 430734.463763602077961, 6436025.052694218233228 ], [ 430749.36949801130686, 6436020.450597151182592 ], [ 430765.19002903602086, 6436015.84379293769598 ], [ 430781.643200989230536, 6436011.638082331977785 ], [ 430795.011716030072421, 6436008.577331672422588 ], [ 430807.81370066589443, 6436006.539819813333452 ], [ 430820.626717144506983, 6436005.136895447038114 ], [ 430833.697567346447613, 6436003.953324909321964 ], [ 430835.093584249494597, 6435937.391169469803572 ] ] ] ] } },
{ "type": "Feature", "properties": { "value": 81.0, "POI_CODE": 1 }, "geometry": { "type": "MultiPolygon", "coordinates": [ [ [ [ 447113.424303750682157, 6429036.048829488456249 ], [ 447048.902906695846468, 6429400.986350236460567 ], [ 447295.614801921707112, 6429485.111509646289051 ], [ 447350.209437556390185, 6429517.71717206761241 ], [ 447366.666717813059222, 6429527.868205233477056 ], [ 447370.161176910449285, 6429567.812837881036103 ], [ 447336.995814584486652, 6429865.946219601668417 ], [ 447268.613538197998423, 6429974.866350541822612 ], [ 447269.307338260987308, 6429974.966187433339655 ], [ 447301.332813707296737, 6429981.057058204896748 ], [ 447328.979660331038758, 6429986.326317051425576 ], [ 447352.988182454835624, 6429990.886591330170631 ], [ 447384.296614945225883, 6429996.853963860310614 ], [ 447387.081430194608402, 6429997.385126789100468 ], [ 447415.794337600527797, 6430002.841356037184596 ], [ 447439.405856343684718, 6430007.340568147599697 ], [ 447463.5747853872017, 6430011.086560178548098 ], [ 447470.46080395556055, 6430012.031462837941945 ], [ 447471.82255545258522, 6430012.213967324234545 ], [ 447479.584938225219958, 6430012.83558305632323 ], [ 447485.90494068240514, 6430012.986263494938612 ], [ 447488.125771833583713, 6430012.879105410538614 ], [ 447491.693166786863003, 6430012.698562303557992 ], [ 447496.269768246100284, 6430011.959149758331478 ], [ 447503.876283681835048, 6430010.166640684008598 ], [ 447511.095101902552415, 6430007.655490960925817 ], [ 447519.258248406462371, 6430003.695567675866187 ], [ 447589.347485729143955, 6429946.065897518768907 ], [ 447609.997084280941635, 6429928.424772008322179 ], [ 447630.479292086907662, 6429911.075454071164131 ], [ 447662.132458682172, 6429884.271198764443398 ], [ 447673.681273908005096, 6429874.343576685525477 ], [ 447690.059095218020957, 6429860.366503300145268 ], [ 447716.584617044951301, 6429840.021178822033107 ], [ 447736.771898720122408, 6429823.099404280073941 ], [ 447745.159245134098455, 6429815.451451002620161 ], [ 447754.34303013124736, 6429807.236360327340662 ], [ 447764.085134203312919, 6429798.323637900874019 ], [ 447772.865173357713502, 6429790.414509844966233 ], [ 447782.207987443136517, 6429781.696346069686115 ], [ 447790.97965493571246, 6429773.141559418290854 ], [ 447798.329458263760898, 6429765.685445518232882 ], [ 447803.994014674797654, 6429759.075343021191657 ], [ 447808.803912209870759, 6429754.001868414692581 ], [ 447812.711984721769113, 6429749.118343072012067 ], [ 447815.917521734896582, 6429745.201584300026298 ], [ 447819.212614698393736, 6429740.448559411801398 ], [ 447822.166503286978696, 6429735.365957631729543 ], [ 447825.328198609058745, 6429729.902064490132034 ], [ 447829.207855865883175, 6429723.293058000504971 ], [ 447832.456359810836148, 6429716.781380134634674 ], [ 447834.519874226651154, 6429712.311693837866187 ], [ 447836.732916807348374, 6429707.071764651685953 ], [ 447839.29836257576244, 6429701.660212867893279 ], [ 447845.713758798956405, 6429686.455554568208754 ], [ 447855.55749190581264, 6429663.111244178377092 ], [ 447861.999998937535565, 6429648.162357764318585 ], [ 447870.378271817637142, 6429628.455984763801098 ], [ 447874.262750333233271, 6429619.486419804394245 ], [ 447884.048988144146279, 6429598.503481864929199 ], [ 447902.576283074857201, 6429605.966841386631131 ], [ 447948.607413349440321, 6429623.482486952096224 ], [ 447968.993361509754322, 6429631.623400219716132 ], [ 448017.414680042944383, 6429650.266680590808392 ], [ 448042.079650367901195, 6429659.766346818767488 ], [ 448045.489499585120939, 6429661.08039563242346 ], [ 448058.046152964816429, 6429664.892070025205612 ], [ 448082.362657491758, 6429671.245415613986552 ], [ 448090.276417215296533, 6429673.013126631267369 ], [ 448102.206513781449758, 6429675.920045868493617 ], [ 448110.358957336866297, 6429677.862847638316453 ], [ 448118.244589001638815, 6429679.742325505241752 ], [ 448143.998272123513743, 6429686.634097805246711 ], [ 448148.657009302696679, 6429687.631377068348229 ], [ 448188.640955547511112, 6429696.153582019731402 ], [ 448197.690398445527535, 6429697.082803344354033 ], [ 448204.884759040607605, 6429697.16761174891144 ], [ 448210.825394379149657, 6429696.745369502343237 ], [ 448217.088307443424128, 6429695.650878517888486 ], [ 448224.716613792057615, 6429693.191400175914168 ], [ 448228.647934139764402, 6429690.969165747985244 ], [ 448233.600323076476343, 6429688.176964174956083 ], [ 448240.643122671463061, 6429683.409107595682144 ], [ 448248.45386611239519, 6429675.869922925718129 ], [ 448291.20097661606269, 6429624.386280686594546 ], [ 448295.461176389479078, 6429619.253719330765307 ], [ 448310.668174428865314, 6429599.059032749384642 ], [ 448347.857542843383271, 6429554.184008846990764 ], [ 448380.464239767869003, 6429517.340978294610977 ], [ 448392.750828451942652, 6429503.453166992403567 ], [ 448544.617018040153198, 6429324.786904714070261 ], [ 448552.445829900505487, 6429315.70733879134059 ], [ 448544.351870293146931, 6429309.96948757302016 ], [ 448538.996046445914544, 6429306.943774971179664 ], [ 448525.354964362457395, 6429309.39106975775212 ], [ 448444.571786634391174, 6429383.966272338293493 ], [ 448383.583434512256645, 6429448.622370961122215 ], [ 448353.361319621850271, 6429460.57092543784529 ], [ 448322.743075989012141, 6429451.948073362000287 ], [ 448295.132032573455945, 6429441.393624375574291 ], [ 448277.437036212999374, 6429430.644085900858045 ], [ 448274.786750306666363, 6429411.771843216381967 ], [ 448282.153640879550949, 6429393.649469885975122 ], [ 448286.79932691983413, 6429370.340221893973649 ], [ 448289.624798479315359, 6429368.054435605183244 ], [ 448286.627773546555545, 6429366.22263671644032 ], [ 448283.654394506418612, 6429366.216610441915691 ], [ 448284.096659725531936, 6429369.328573853708804 ], [ 448281.366605809191242, 6429368.940820756368339 ], [ 448276.693534828489646, 6429365.037432411685586 ], [ 448272.319259835057892, 6429358.647159306332469 ], [ 448271.332813722547144, 6429355.052324258722365 ], [ 448271.866445623920299, 6429353.352949314750731 ], [ 448272.226083788671531, 6429350.998886385001242 ], [ 448266.897781001054682, 6429342.60561372153461 ], [ 448265.093541160109453, 6429337.028280209749937 ], [ 448258.377847868949175, 6429324.210284173488617 ], [ 448258.855820327764377, 6429320.952782795764506 ], [ 448259.827208534465171, 6429316.085503108799458 ], [ 448258.190323955030181, 6429312.020311437547207 ], [ 448256.64786537544569, 6429308.855800475925207 ], [ 448254.931410676974338, 6429305.493121945299208 ], [ 448254.508847257937305, 6429300.710714040324092 ], [ 448263.106623812462203, 6429263.977554457262158 ], [ 448262.989551841747016, 6429261.785552582703531 ], [ 448262.982042747258674, 6429260.293611703440547 ], [ 448261.793198511935771, 6429259.32917023729533 ], [ 448259.811354491452221, 6429257.384024283848703 ], [ 448257.879676323849708, 6429255.660921474918723 ], [ 448256.028865321073681, 6429253.792021630331874 ], [ 448255.946534647548106, 6429252.00041578989476 ], [ 448257.227192453574389, 6429251.38255066704005 ], [ 448259.61266418005107, 6429252.543042152188718 ], [ 448263.778728566016071, 6429254.259463076479733 ], [ 448266.07423655630555, 6429254.407874250784516 ], [ 448267.262922933441587, 6429253.535107897594571 ], [ 448268.227732401748654, 6429251.807877272367477 ], [ 448268.605261270189658, 6429250.377755565568805 ], [ 448268.27513221494155, 6429248.166244763880968 ], [ 448268.234320128569379, 6429245.928716355003417 ], [ 448268.400953019619919, 6429244.646076995879412 ], [ 448269.340684827649966, 6429243.26434460747987 ], [ 448271.056836682080757, 6429242.496091932989657 ], [ 448271.486695142928511, 6429240.998484931886196 ], [ 448270.569434156292118, 6429240.008253190666437 ], [ 448269.163493414351251, 6429239.625621920451522 ], [ 448267.749907832127064, 6429238.652955714613199 ], [ 448266.321904554322828, 6429237.480053774081171 ], [ 448265.289031155756675, 6429236.691744174808264 ], [ 448265.072782488772646, 6429234.601238851435483 ], [ 448263.899221557076089, 6429234.816867602057755 ], [ 448262.115016632073093, 6429234.439139978960156 ], [ 448257.208249249320943, 6429231.218011570163071 ], [ 448262.060220732993912, 6429232.491292744874954 ], [ 448264.599792515102308, 6429232.313637073151767 ], [ 448266.470049907860812, 6429231.576789623126388 ], [ 448267.622123985143844, 6429230.15890188049525 ], [ 448269.374191862822045, 6429231.706182653084397 ], [ 448271.243879397399724, 6429231.837844610214233 ], [ 448272.568078988173511, 6429230.92992056813091 ], [ 448273.628474258468486, 6429229.735914533026516 ], [ 448274.359471919364296, 6429227.755618466995656 ], [ 448275.65238638111623, 6429225.801447240635753 ], [ 448276.867751053301618, 6429224.705646140500903 ], [ 448278.923828829370905, 6429223.71030149422586 ], [ 448280.228423382563051, 6429221.744845915585756 ], [ 448280.073881219956093, 6429219.853963689878583 ], [ 448279.793204414425418, 6429218.26534980814904 ], [ 448280.253199533268344, 6429217.268411078490317 ], [ 448281.789744917710777, 6429215.867816845886409 ], [ 448283.66490971512394, 6429213.683414607308805 ], [ 448284.439159805770032, 6429210.93427218310535 ], [ 448285.723138031200506, 6429205.550759922713041 ], [ 448286.917314886464737, 6429201.905410540290177 ], [ 448287.494938884279691, 6429198.123296549543738 ], [ 448286.239043040608522, 6429194.264717184007168 ], [ 448284.09499552519992, 6429189.382122429087758 ], [ 448282.360071395465638, 6429188.246593626216054 ], [ 448279.147832478280179, 6429187.152470201253891 ], [ 448277.157606763998047, 6429186.387692729942501 ], [ 448276.937025465071201, 6429181.680609453469515 ], [ 448276.544469016138464, 6429177.844253588467836 ], [ 448274.436159548175056, 6429174.353027238510549 ], [ 448274.389419560320675, 6429168.006904316134751 ], [ 448271.206660035357345, 6429157.782023881562054 ], [ 448269.892919003497809, 6429152.198334028013051 ], [ 448266.687843616527971, 6429149.378262548707426 ], [ 448265.535719111212529, 6429147.143998123705387 ], [ 448267.070252250472549, 6429143.30494499579072 ], [ 448264.317410462419502, 6429142.995438395999372 ], [ 448263.985959954618011, 6429138.857657476328313 ], [ 448266.966685980092734, 6429134.398597934283316 ], [ 448257.991044994210824, 6429106.203874483704567 ], [ 448254.878892186388839, 6429096.470307441428304 ], [ 448215.276625361177139, 6429097.42898690328002 ], [ 448190.089029271388426, 6429098.038720461539924 ], [ 447987.29466104664607, 6429100.842131429351866 ], [ 447888.264849336235784, 6429103.135410752147436 ], [ 447877.274740003456827, 6429103.546083732508123 ], [ 447869.038069663394708, 6429103.854031159542501 ], [ 447844.538080848753452, 6429104.563674281351268 ], [ 447771.843928427319042, 6429105.023905720561743 ], [ 447715.804209981695749, 6429104.254105085507035 ], [ 447631.616342609224375, 6429100.536025026813149 ], [ 447537.132358270639088, 6429092.924235899932683 ], [ 447494.87309269484831, 6429088.624972186051309 ], [ 447464.638742296781857, 6429085.737915460951626 ], [ 447435.944023117481265, 6429083.053512301295996 ], [ 447408.062913588481024, 6429079.75732743460685 ], [ 447382.800037313019857, 6429075.970314242877066 ], [ 447354.361364397394937, 6429072.091712827794254 ], [ 447300.19163063110318, 6429064.355052822269499 ], [ 447113.424303750682157, 6429036.048829488456249 ] ], [ [ 447133.720029784773942, 6429211.695954537019134 ], [ 447133.542541994422209, 6429212.577943376265466 ], [ 447132.802683932532091, 6429213.400570075027645 ], [ 447132.180296718725003, 6429214.165968210436404 ], [ 447131.305546630406752, 6429214.622937120497227 ], [ 447130.307415875373408, 6429215.13721323851496 ], [ 447130.129044568981044, 6429215.952405932359397 ], [ 447130.51556330639869, 6429216.570829602889717 ], [ 447131.649456431856379, 6429216.934394875541329 ], [ 447133.101625085459091, 6429217.226938413456082 ], [ 447134.803812494967133, 6429217.204401535913348 ], [ 447136.742577038123272, 6429216.744481162168086 ], [ 447137.994854282413144, 6429216.226842019706964 ], [ 447138.885374718112871, 6429216.961075428873301 ], [ 447139.524564192222897, 6429217.464808225631714 ], [ 447140.978353172424249, 6429217.879814526066184 ], [ 447141.48825094581116, 6429218.44093256816268 ], [ 447141.31076179392403, 6429219.322921064682305 ], [ 447140.571625109645538, 6429220.64659689553082 ], [ 447141.578893024649005, 6429220.822551878169179 ], [ 447142.404560566996224, 6429221.123392469249666 ], [ 447142.793729606608395, 6429221.942206255160272 ], [ 447141.198855408758391, 6429225.158969256095588 ], [ 447140.4239629888325, 6429226.460849151015282 ], [ 447138.919266809243709, 6429228.451605682261288 ], [ 447137.080644591711462, 6429230.224090327508748 ], [ 447136.215920129907317, 6429231.438083043321967 ], [ 447136.683810624817852, 6429233.291378313675523 ], [ 447135.610574237478431, 6429235.276423970237374 ], [ 447134.541775325196795, 6429237.150064484216273 ], [ 447132.914619118964765, 6429238.374152562581003 ], [ 447130.850098761788104, 6429239.604032364673913 ], [ 447128.442955097532831, 6429239.958811110816896 ], [ 447126.573974713566713, 6429239.437960682436824 ], [ 447124.699244310322683, 6429238.482935111969709 ], [ 447123.031548871484119, 6429236.645529708825052 ], [ 447121.468924322165549, 6429234.261134646832943 ], [ 447120.113173151621595, 6429231.428613615222275 ], [ 447119.097246382036246, 6429229.259672704152763 ], [ 447118.623609885631595, 6429226.526816468685865 ], [ 447118.779714977601543, 6429224.030582830309868 ], [ 447119.502773203421384, 6429221.493436663411558 ], [ 447122.129077207820956, 6429215.367991180159152 ], [ 447123.101407219655812, 6429212.905487384647131 ], [ 447126.31590591778513, 6429208.342244196683168 ], [ 447127.185644742974546, 6429207.506761794909835 ], [ 447127.99464462819742, 6429206.99498928245157 ], [ 447128.814567063876893, 6429206.861651079729199 ], [ 447132.868726569809951, 6429209.012635822407901 ], [ 447133.445262194727547, 6429209.69535193964839 ], [ 447133.707501039840281, 6429210.749673501588404 ], [ 447133.720029784773942, 6429211.695954537019134 ] ] ] ] } },
{ "type": "Feature", "properties": { "value": 89.2, "POI_CODE": 1 }, "geometry": { "type": "MultiPolygon", "coordinates": [ [ [ [ 452331.545096999034286, 6429206.397580137476325 ], [ 452340.652272265288047, 6429204.251268565654755 ], [ 452351.607869585510343, 6429201.459392607212067 ], [ 452360.890317948011216, 6429198.642971084453166 ], [ 452370.293975238513667, 6429195.580168394371867 ], [ 452380.383185454760678, 6429192.00816351454705 ], [ 452389.842329328763299, 6429188.143067865632474 ], [ 452397.651096428744495, 6429184.676239799708128 ], [ 452405.676172691397369, 6429181.006429486908019 ], [ 452419.210249603784177, 6429174.832549251616001 ], [ 452436.054572470951825, 6429166.169712367467582 ], [ 452454.565830463310704, 6429155.015259811654687 ], [ 452473.836646304756869, 6429141.613838099874556 ], [ 452490.338049294077791, 6429127.955967118032277 ], [ 452508.103929799865, 6429109.272643801756203 ], [ 452523.493143038009293, 6429087.566832687705755 ], [ 452532.943482878210489, 6429073.480803441256285 ], [ 452541.851531852385961, 6429057.530663040466607 ], [ 452551.655910430476069, 6429039.398684601299465 ], [ 452561.771199745184276, 6429017.076503035612404 ], [ 452569.12614107481204, 6428995.766963217407465 ], [ 452575.085525247035548, 6428975.409302468411624 ], [ 452579.635858546535019, 6428953.375955578871071 ], [ 452583.625819497567136, 6428935.424459885805845 ], [ 452602.770987595489714, 6428836.101024638861418 ], [ 452613.298885112162679, 6428782.219214896671474 ], [ 452615.048826536920387, 6428774.749539180658758 ], [ 452569.87057693261886, 6428766.278127451427281 ], [ 452560.835722135263495, 6428763.657514620572329 ], [ 452551.448666581069119, 6428760.75161225348711 ], [ 452539.39886652835412, 6428756.151543849147856 ], [ 452527.261874457646627, 6428756.65210319776088 ], [ 452522.06776266900124, 6428753.373530767858028 ], [ 452487.678707008133642, 6428734.50886894389987 ], [ 452482.96351115219295, 6428731.736831225454807 ], [ 452475.469644338591024, 6428726.97140362020582 ], [ 452446.555348292109556, 6428710.157479129731655 ], [ 452431.099181374243926, 6428701.022055576555431 ], [ 452407.169310458295513, 6428684.293790743686259 ], [ 452398.502423355239443, 6428677.850054544396698 ], [ 452383.783692560798954, 6428664.140914752148092 ], [ 452355.67448905139463, 6428635.593506923876703 ], [ 452337.672795303049497, 6428617.302920420654118 ], [ 452329.789654810738284, 6428611.16173973493278 ], [ 452322.714342511142604, 6428605.834876496344805 ], [ 452315.436167979438324, 6428600.354565933346748 ], [ 452291.527199920848943, 6428608.233771785162389 ], [ 452242.985756182693876, 6428633.1760243633762 ], [ 452186.061211953579914, 6428664.499044608324766 ], [ 452145.717041613301262, 6428685.658877782523632 ], [ 452128.191721798619255, 6428694.843256114050746 ], [ 452122.727527758805081, 6428697.180180669762194 ], [ 452099.649052139720879, 6428707.188404265791178 ], [ 452089.821167879446875, 6428711.437164130620658 ], [ 452097.518247959087603, 6428716.344186179339886 ], [ 452100.52907740988303, 6428718.946930376812816 ], [ 452107.265814468904864, 6428731.525969823822379 ], [ 452114.303785700176377, 6428746.550980363972485 ], [ 452133.336286074307282, 6428787.174994243308902 ], [ 452164.894758714886848, 6428852.913029412738979 ], [ 452203.75330982595915, 6428932.994127104058862 ], [ 452236.813858339679427, 6429001.932574344798923 ], [ 452256.951346459391061, 6429041.731122232973576 ], [ 452259.580432713148184, 6429047.044209450483322 ], [ 452296.020192361320369, 6429120.418762257322669 ], [ 452301.556716092862189, 6429133.580309591256082 ], [ 452306.735593043675181, 6429146.991093221120536 ], [ 452317.65196468133945, 6429175.55411231610924 ], [ 452320.287982777226716, 6429179.976401618681848 ], [ 452325.360240009205882, 6429195.35927320830524 ], [ 452330.204187063034624, 6429206.663577290251851 ], [ 452331.545096999034286, 6429206.397580137476325 ] ] ] ] } },
{ "type": "Feature", "properties": { "value": 72.0, "POI_CODE": 1 }, "geometry": { "type": "MultiPolygon", "coordinates": [ [ [ [ 448944.950347660458647, 6433389.694346282631159 ], [ 448923.089366947126109, 6433398.554124002344906 ], [ 448922.450530943460763, 6433464.408253842964768 ], [ 448792.831989416503347, 6433529.696332326158881 ], [ 448782.798687611473724, 6433556.458811716176569 ], [ 448819.395981754350942, 6433751.296463466249406 ], [ 448788.385557770496234, 6433760.572094338014722 ], [ 448743.579812475945801, 6433734.515671189874411 ], [ 448656.229836744430941, 6433743.037560531869531 ], [ 448537.602978836570401, 6433740.128402606584132 ], [ 448464.787817985285074, 6433726.273244217038155 ], [ 448409.980283730837982, 6433508.517435036599636 ], [ 448375.875332808471285, 6433513.713397131301463 ], [ 448359.719283173035365, 6433515.993673563934863 ], [ 448331.237473017245065, 6433519.936914515681565 ], [ 448326.521925604203716, 6433520.588166641071439 ], [ 448001.989303390553687, 6433565.850045782513916 ], [ 447995.814039787801448, 6433566.854770217090845 ], [ 447937.125639523088466, 6433576.406005023047328 ], [ 447929.371212046360597, 6433577.665283720009029 ], [ 447952.290397940902039, 6433699.50254716258496 ], [ 447976.071117923303973, 6433829.089583813212812 ], [ 447977.812161955167539, 6433842.150139547884464 ], [ 447979.883646609960124, 6433855.195249392651021 ], [ 447988.578935800062027, 6433902.10364390257746 ], [ 448011.119072497589514, 6434023.656681033782661 ], [ 448019.578620577813126, 6434067.027380081824958 ], [ 448022.040354376542382, 6434080.134230897761881 ], [ 448071.093132372654509, 6434357.550745942629874 ], [ 448104.2078287358745, 6434536.232337725348771 ], [ 448137.175024257681798, 6434711.954285120591521 ], [ 448161.480845967540517, 6434844.185631757602096 ], [ 448167.738309080130421, 6434878.243260716088116 ], [ 448168.71342229982838, 6434883.775663709267974 ], [ 448203.563835194217972, 6435081.264283763244748 ], [ 448210.112690831942018, 6435119.627323979511857 ], [ 448210.681549936940428, 6435123.884525338187814 ], [ 448213.566484334121924, 6435139.669457207433879 ], [ 448238.066678431874607, 6435135.921627597883344 ], [ 448288.118428243382368, 6435128.924975012429059 ], [ 448631.184472796099726, 6435072.70011621247977 ], [ 448862.055189039325342, 6435034.500463235192001 ], [ 448896.81372202624334, 6435028.776715872809291 ], [ 448956.312343956902623, 6435017.191221848130226 ], [ 449196.306173834484071, 6434979.261638631112874 ], [ 449280.081922500336077, 6434955.880606236867607 ], [ 449277.098975155502558, 6434937.635468048043549 ], [ 449273.737248228339013, 6434928.124724256806076 ], [ 449269.271534216182772, 6434914.430271805264056 ], [ 449263.484720554901287, 6434886.455745177343488 ], [ 449258.873206397111062, 6434856.217061127535999 ], [ 449249.87289180298103, 6434803.508862677030265 ], [ 449234.752343801548705, 6434728.67613915540278 ], [ 449222.968901429034304, 6434664.679509500041604 ], [ 449217.771413374342956, 6434632.043253470212221 ], [ 449209.808404247683939, 6434570.013356811366975 ], [ 449198.525985611369833, 6434497.68169376347214 ], [ 449160.062710119178519, 6434289.252647730521858 ], [ 449157.940461273537949, 6434268.669477954506874 ], [ 449155.71415732515743, 6434264.923229427076876 ], [ 449154.078984084364492, 6434257.996065700426698 ], [ 449146.100317501754034, 6434219.850325658917427 ], [ 449141.179737893806305, 6434191.419534754008055 ], [ 449138.061686339322478, 6434173.777494866400957 ], [ 449130.197250792640261, 6434129.339250671677291 ], [ 449120.679315509274602, 6434065.458758772350848 ], [ 449109.455966935085598, 6433990.109104075469077 ], [ 449106.402628262469079, 6433974.782269765622914 ], [ 449092.462534321879502, 6433916.982150970026851 ], [ 449090.075267076375894, 6433898.339832177385688 ], [ 449091.700887715618592, 6433882.30744762904942 ], [ 449097.567058192100376, 6433867.289841244928539 ], [ 449100.666084377502557, 6433861.215292466804385 ], [ 449111.794036002713256, 6433836.087078520096838 ], [ 449113.536726959631778, 6433824.128492401912808 ], [ 449113.762382631946821, 6433810.352054875344038 ], [ 449114.504720496595837, 6433764.890956463292241 ], [ 449118.918136219959706, 6433713.748876486904919 ], [ 449119.224564834614284, 6433632.272780097089708 ], [ 449119.266418349754531, 6433621.67206618655473 ], [ 449109.925424541172106, 6433585.158315637148917 ], [ 449109.005463686771691, 6433581.551299822516739 ], [ 449106.668781151180156, 6433572.428451579995453 ], [ 449097.7407239539898, 6433553.012267578393221 ], [ 449091.773115920077544, 6433539.314910137094557 ], [ 449085.217554358125199, 6433526.282013482414186 ], [ 449076.299220156855881, 6433512.266052724793553 ], [ 449065.985831420461182, 6433500.450322938151658 ], [ 449058.036193121632095, 6433492.935792640782893 ], [ 449008.794841779861599, 6433447.256268992088735 ], [ 448985.783963664143812, 6433426.116434033028781 ], [ 448964.955771670851391, 6433406.20700410194695 ], [ 448944.950347660458647, 6433389.694346282631159 ] ] ] ] } },
{ "type": "Feature", "properties": { "value": 86.7, "POI_CODE": 1 }, "geometry": { "type": "MultiPolygon", "coordinates": [ [ [ [ 448464.787817985285074, 6433726.273244217038155 ], [ 448537.602978836570401, 6433740.128402606584132 ], [ 448656.229836744430941, 6433743.037560531869531 ], [ 448743.579812475945801, 6433734.515671189874411 ], [ 448788.385557770496234, 6433760.572094338014722 ], [ 448819.395981754350942, 6433751.296463466249406 ], [ 448782.798687611473724, 6433556.458811716176569 ], [ 448792.831989416503347, 6433529.696332326158881 ], [ 448922.450530943460763, 6433464.408253842964768 ], [ 448923.089366947126109, 6433398.554124002344906 ], [ 448944.950347660458647, 6433389.694346282631159 ], [ 448937.85972606233554, 6433385.197673348709941 ], [ 448931.930102724232711, 6433381.443298294208944 ], [ 448894.787097403663211, 6433357.523191356100142 ], [ 448933.302237551251892, 6433336.887134319171309 ], [ 448972.967383033013903, 6433315.178948121145368 ], [ 449013.228934022947215, 6433292.973613928072155 ], [ 449046.653967117366847, 6433273.650847487151623 ], [ 449065.731065908796154, 6433261.860485884360969 ], [ 449087.349742682185024, 6433248.38983788061887 ], [ 449090.712708400504198, 6433246.298125307075679 ], [ 449113.185845928033814, 6433232.671960899606347 ], [ 449154.159108179912437, 6433205.025296404026449 ], [ 449189.605767003435176, 6433181.112777987495065 ], [ 449276.139856658235658, 6433130.172444833442569 ], [ 449339.732826556544751, 6433101.53857406694442 ], [ 449442.635843677155208, 6433073.954848162829876 ], [ 449510.46857224649284, 6433056.783177186734974 ], [ 449530.651153927727137, 6433051.428029244765639 ], [ 449553.803130598505959, 6433045.512091308832169 ], [ 449542.007791825453751, 6433033.702755835838616 ], [ 449519.293601242941804, 6433014.02587822265923 ], [ 449504.128130670345854, 6433001.925278328359127 ], [ 449492.517627023276873, 6432992.607898056507111 ], [ 449472.2305336574791, 6432976.218655865639448 ], [ 449444.987572633544914, 6432954.806904227472842 ], [ 449425.868081830674782, 6432940.173493678681552 ], [ 449357.756875251012389, 6432883.928429191932082 ], [ 449325.737633689830545, 6432858.558532919734716 ], [ 449306.009339001611806, 6432842.563861020840704 ], [ 449278.594661139883101, 6432820.33143918029964 ], [ 449241.537075298372656, 6432787.577225073240697 ], [ 449210.958322081074584, 6432710.803605853579938 ], [ 449194.179845562437549, 6432668.683481476269662 ], [ 449182.355159368482418, 6432638.982211848720908 ], [ 449169.988085947523359, 6432624.664803260006011 ], [ 449165.983596682839561, 6432620.028166622854769 ], [ 449147.970300471002702, 6432615.926438871771097 ], [ 449130.774886351369787, 6432619.920366987586021 ], [ 449119.127806864737067, 6432632.428377494215965 ], [ 449109.005848837958183, 6432648.736138875596225 ], [ 449083.489475117530674, 6432730.043980690650642 ], [ 449075.077380705683026, 6432749.792877324856818 ], [ 449064.779270334111061, 6432764.75572123657912 ], [ 449051.819804824132007, 6432783.126386201009154 ], [ 448983.714533210848458, 6432838.779456680640578 ], [ 448943.602945205173455, 6432871.204673990607262 ], [ 448920.495742071361747, 6432889.393950301222503 ], [ 448889.912670044286642, 6432914.092727350071073 ], [ 448870.925155799195636, 6432929.27882117498666 ], [ 448837.755616785027087, 6432955.792717324569821 ], [ 448818.632743334339466, 6432973.285676590166986 ], [ 448755.81849718146259, 6433007.719025694765151 ], [ 448740.246331385453232, 6433013.787131270393729 ], [ 448720.965191049966961, 6433025.347837539389729 ], [ 448711.860321910178754, 6433034.205635171383619 ], [ 448656.699763576267287, 6433062.07291173748672 ], [ 448648.239907290088013, 6433065.511110872961581 ], [ 448638.949254666978959, 6433068.637124010361731 ], [ 448626.427431109419558, 6433072.617616511881351 ], [ 448608.827855735318735, 6433078.055419560521841 ], [ 448594.910278680792544, 6433082.332367249764502 ], [ 448524.039891118707601, 6433100.405134156346321 ], [ 448320.273416535404976, 6433160.128295643255115 ], [ 448325.344265375868417, 6433185.037652459926903 ], [ 448320.27341653505573, 6433160.128295643255115 ], [ 448260.006779554474633, 6433131.499972828663886 ], [ 448124.959154698997736, 6433121.41614378336817 ], [ 447893.886320455058012, 6433137.747235774062574 ], [ 447729.733814482751768, 6433169.491678054444492 ], [ 447740.957624955568463, 6433235.310893869958818 ], [ 447762.642541762150358, 6433315.107539956457913 ], [ 447769.521812757477164, 6433369.622014353983104 ], [ 447770.506904698209837, 6433377.202979424968362 ], [ 447800.920130059064832, 6433380.9134028730914 ], [ 447844.299399659212213, 6433380.88018736988306 ], [ 447891.290342113177758, 6433375.700547739863396 ], [ 447928.305344551510643, 6433572.011641813442111 ], [ 447929.371212046360597, 6433577.665283720009029 ], [ 447937.125639523088466, 6433576.406005023047328 ], [ 447995.814039787801448, 6433566.854770217090845 ], [ 448001.989303390553687, 6433565.850045782513916 ], [ 448326.521925604203716, 6433520.588166641071439 ], [ 448331.237473017245065, 6433519.936914515681565 ], [ 448359.719283173035365, 6433515.993673563934863 ], [ 448375.875332808471285, 6433513.713397131301463 ], [ 448409.980283730837982, 6433508.517435036599636 ], [ 448464.787817985285074, 6433726.273244217038155 ] ] ] ] } },
{ "type": "Feature", "properties": { "value": 99.2, "POI_CODE": 1 }, "geometry": { "type": "MultiPolygon", "coordinates": [ [ [ [ 428796.748505416733678, 6440048.254851792939007 ], [ 428870.549526030081324, 6440076.508970360271633 ], [ 428924.666802999097854, 6440137.802895279601216 ], [ 428858.855909119301941, 6440294.62825343478471 ], [ 428839.982203561696224, 6440459.947107275947928 ], [ 428897.853428504313342, 6440469.806885453872383 ], [ 428999.701101828948595, 6440584.714948945678771 ], [ 429107.983440676645841, 6440536.092838954180479 ], [ 429470.906790780252777, 6440514.076939101330936 ], [ 429552.512369378295261, 6440389.103891390375793 ], [ 429561.382156061416026, 6440410.216387153603137 ], [ 429558.747580299852416, 6440467.18981175031513 ], [ 429574.363510663213674, 6440489.06259747594595 ], [ 429584.106201950053219, 6440523.199831373058259 ], [ 429568.546169050270692, 6440529.11011541634798 ], [ 429565.635689144721255, 6440536.54476507101208 ], [ 429578.509716376429424, 6440551.083012159913778 ], [ 429573.020858728792518, 6440560.734813078306615 ], [ 429554.350817517610267, 6440562.802659974433482 ], [ 429551.947535650571808, 6440574.571343216113746 ], [ 429559.957132467010524, 6440584.418390143662691 ], [ 429557.125407628424, 6440596.62895932327956 ], [ 429521.733856998092961, 6440612.890787870623171 ], [ 429517.656084062939044, 6440652.918714549392462 ], [ 429545.889671589480713, 6440674.567790010012686 ], [ 429544.697164969751611, 6440705.424261936917901 ], [ 429524.298725019907579, 6440708.391488700173795 ], [ 429500.733376724470872, 6440753.530999863520265 ], [ 429495.153456213360187, 6440782.293773910962045 ], [ 429507.031636461615562, 6440789.900623961351812 ], [ 429531.594335929316003, 6440776.436289517208934 ], [ 429551.366314963437617, 6440787.377810975536704 ], [ 429532.34586342331022, 6440794.22930377908051 ], [ 429533.342971226898953, 6440801.594748761504889 ], [ 429545.976064875372685, 6440802.239524173550308 ], [ 429565.711624291026965, 6440835.765394140034914 ], [ 429560.751089902361855, 6440884.205400946550071 ], [ 429530.646611048199702, 6440908.591882673092186 ], [ 429560.199469180661254, 6440927.945916940458119 ], [ 429543.975973219610751, 6441038.055753132328391 ], [ 429600.242528411443345, 6441169.576648238115013 ], [ 429598.791089555248618, 6441204.79184933565557 ], [ 429598.681082393450197, 6441249.849727858789265 ], [ 429614.813961779349484, 6441304.764874396845698 ], [ 429617.917828418081626, 6441318.941637496463954 ], [ 429617.387443515239283, 6441324.942150791175663 ], [ 429613.869341336190701, 6441331.318493535742164 ], [ 429613.967086534888949, 6441336.840179767459631 ], [ 429617.996104032848962, 6441341.345723105594516 ], [ 429625.718439206422772, 6441343.380541319958866 ], [ 429638.211392361903563, 6441349.195114420726895 ], [ 429666.492194001213647, 6441384.48559522908181 ], [ 429672.583477154606953, 6441394.253037445247173 ], [ 429674.428659635246731, 6441397.211808660067618 ], [ 429839.754003792942967, 6441276.529605255462229 ], [ 429979.343262496113311, 6441116.700755283236504 ], [ 430111.333312035247218, 6440875.50361841917038 ], [ 430139.65803606249392, 6440823.743335263803601 ], [ 430161.675530617416371, 6440783.508812539279461 ], [ 430162.539451782766264, 6440781.964176492765546 ], [ 430144.819631149643101, 6440768.178906758315861 ], [ 430101.370611818158068, 6440732.895494943484664 ], [ 430084.52016292733606, 6440719.049125510267913 ], [ 430065.921585575502831, 6440702.015295526944101 ], [ 430058.046591111226007, 6440693.70164885930717 ], [ 430048.935780069907196, 6440683.839594235643744 ], [ 430039.184792620362714, 6440672.106857111677527 ], [ 430030.369064539379906, 6440660.257465463131666 ], [ 430022.545793975121342, 6440647.856107506901026 ], [ 430014.543416861561127, 6440633.319826537743211 ], [ 430003.069633121893276, 6440610.47047214768827 ], [ 429968.565558901347686, 6440532.915120561607182 ], [ 429948.085219522938132, 6440490.458317610435188 ], [ 429918.781508251093328, 6440433.780642936937511 ], [ 429897.845271304948255, 6440394.617198443040252 ], [ 429780.965825135586783, 6440198.515715380199254 ], [ 429746.299723176751286, 6440138.259045843966305 ], [ 429718.304443534638267, 6440084.187706951983273 ], [ 429675.424767974065617, 6439988.686871577985585 ], [ 429654.105311199731659, 6439943.451196791604161 ], [ 429606.111680549685843, 6439838.030316085554659 ], [ 429581.907639785727952, 6439787.489675608463585 ], [ 429574.564645002887119, 6439773.410253286361694 ], [ 429543.482579888659529, 6439719.78445419576019 ], [ 429538.376399355242029, 6439710.821401748806238 ], [ 429488.860489197424613, 6439627.299696111120284 ], [ 429444.774179922649637, 6439557.435115110129118 ], [ 429398.608290260075592, 6439485.781604785472155 ], [ 429384.246979664778337, 6439462.428351068869233 ], [ 429259.100469159078784, 6439260.329748652875423 ], [ 429239.034471027611289, 6439228.013779289089143 ], [ 429200.872294001048431, 6439164.761337143369019 ], [ 429180.212299970618915, 6439135.574269636534154 ], [ 429171.133812724321615, 6439125.858298941515386 ], [ 429159.135238699615002, 6439116.105244873091578 ], [ 429135.196312364656478, 6439101.865492377430201 ], [ 429113.934920385770965, 6439092.937781955115497 ], [ 429093.244185848918278, 6439084.249691987410188 ], [ 429081.839467927464284, 6439080.700124408118427 ], [ 429063.637788419960998, 6439074.35413754824549 ], [ 429035.941149706020951, 6439063.411373227834702 ], [ 429003.253951971244533, 6439049.116833141073585 ], [ 428998.528117860085331, 6439047.04078219179064 ], [ 428982.055219673202373, 6439115.571497150696814 ], [ 428939.765015638666227, 6439324.16941131092608 ], [ 428911.09820682159625, 6439378.391947282478213 ], [ 428860.811704406281933, 6439444.676420168019831 ], [ 428722.281055554631166, 6439591.156299106776714 ], [ 428745.098828294721898, 6439646.011279955506325 ], [ 428744.821807160566095, 6439717.624412302859128 ], [ 428763.058157739753369, 6439734.421332811005414 ], [ 428780.222774397174362, 6439778.479108130559325 ], [ 428786.056092969956808, 6439842.975596816278994 ], [ 428766.470896449056454, 6439881.463640769012272 ], [ 428796.748505416733678, 6440048.254851792939007 ] ] ] ] } },
{ "type": "Feature", "properties": { "value": 90.2, "POI_CODE": 1 }, "geometry": { "type": "MultiPolygon", "coordinates": [ [ [ [ 456872.634670260595158, 6433581.261609646491706 ], [ 456877.58238360111136, 6433540.169562233611941 ], [ 457090.667728684784379, 6433154.538636703044176 ], [ 457056.217098467517644, 6433127.90228845179081 ], [ 457024.863665175507776, 6433099.157354800961912 ], [ 457002.583731563296169, 6433084.421938787214458 ], [ 456988.172461219190154, 6433074.890542180277407 ], [ 456931.715637224493548, 6433039.135368751361966 ], [ 456889.362844780669548, 6433018.404497694224119 ], [ 456864.032350300054532, 6433005.083474962972105 ], [ 456833.212949777604081, 6432992.066979448311031 ], [ 456822.819065406685695, 6432987.670124541968107 ], [ 456808.791430741955992, 6432979.282042893581092 ], [ 456791.55356110871071, 6432967.299017144367099 ], [ 456747.461626842734404, 6432932.826503297314048 ], [ 456684.38235571316909, 6432893.984473382122815 ], [ 456636.210502850764897, 6432870.613831786438823 ], [ 456613.129864628426731, 6432854.185716548003256 ], [ 456603.406408183742315, 6432846.330501955002546 ], [ 456547.072320813254919, 6432800.781174318864942 ], [ 456511.336476973781828, 6432777.454679130576551 ], [ 456471.752508983190637, 6432750.06194487400353 ], [ 456388.861890094354749, 6432702.266140697523952 ], [ 456337.163004100206308, 6432668.371180037036538 ], [ 456320.298314372892492, 6432661.596919960342348 ], [ 456301.578806551289745, 6432659.10748946852982 ], [ 456278.184344389010221, 6432663.316571729257703 ], [ 456265.217184507986531, 6432665.674478297121823 ], [ 456246.371316888544243, 6432666.204087637364864 ], [ 456224.328003203845583, 6432663.829426432959735 ], [ 456217.367681593575981, 6432664.618428318761289 ], [ 456213.196827397157904, 6432667.191705928184092 ], [ 456211.662028198887128, 6432671.562069267965853 ], [ 456207.542625757458154, 6432693.341458873823285 ], [ 456204.365585968596861, 6432706.81544981431216 ], [ 456198.384598777105566, 6432718.794839994981885 ], [ 456192.3836621568189, 6432727.879540179856122 ], [ 456185.568577442900278, 6432733.276605724357069 ], [ 456174.693773940904066, 6432738.451071387156844 ], [ 456171.169462148915045, 6432741.807825414463878 ], [ 456157.185208532842807, 6432759.598279166966677 ], [ 456154.733842206886038, 6432760.092870539054275 ], [ 456152.508181627781596, 6432759.092984856106341 ], [ 456152.160664765513502, 6432756.491378321312368 ], [ 456153.702982715680264, 6432752.276787661015987 ], [ 456160.438014617539011, 6432738.529817722737789 ], [ 456164.254274021543097, 6432732.720298052765429 ], [ 456174.023290030076168, 6432720.432001273147762 ], [ 456181.897238452336751, 6432709.277981289662421 ], [ 456185.485179940471426, 6432704.183587107807398 ], [ 456187.088788551918697, 6432698.554280673153698 ], [ 456188.099362642853521, 6432682.487513853237033 ], [ 456187.690222173579969, 6432674.274893204681575 ], [ 456189.525652235664893, 6432668.242206604219973 ], [ 456204.381137296615634, 6432650.68726275768131 ], [ 456206.542577510641422, 6432645.296794150024652 ], [ 456209.058234096330125, 6432629.135568294674158 ], [ 456210.798251371888909, 6432614.408051474951208 ], [ 456211.511450564779807, 6432607.28540270216763 ], [ 456209.381071375741158, 6432600.984511223621666 ], [ 456195.606530621182173, 6432587.384918979369104 ], [ 456155.472999830381013, 6432553.354127269238234 ], [ 456128.517932620074134, 6432536.737540508620441 ], [ 456071.91583284153603, 6432503.679299211129546 ], [ 456058.381749312276952, 6432497.504103629849851 ], [ 455996.201787875092123, 6432475.575880359858274 ], [ 455969.924485530238599, 6432463.21731140371412 ], [ 455930.955942066968419, 6432441.902391533367336 ], [ 455922.126670804573223, 6432438.214293011464179 ], [ 455876.65467575553339, 6432423.296063359826803 ], [ 455832.072119506308809, 6432403.391459355130792 ], [ 455825.597881003574003, 6432399.042837368324399 ], [ 455772.892993525019847, 6432373.76190531346947 ], [ 455761.783633763610851, 6432367.950518262572587 ], [ 455746.693682095268741, 6432361.637743583880365 ], [ 455725.853442714025732, 6432356.090313486754894 ], [ 455709.739385416032746, 6432350.111940414644778 ], [ 455695.416031231114175, 6432343.701770504005253 ], [ 455689.745275748544373, 6432340.457872476428747 ], [ 455672.884845111810137, 6432333.764207656495273 ], [ 455640.069799227989279, 6432317.928598891943693 ], [ 455631.813730987370946, 6432316.439355731010437 ], [ 455584.36353503819555, 6432309.217976027168334 ], [ 455531.478410910058301, 6432297.158645073883235 ], [ 455476.159866228990722, 6432280.372815769165754 ], [ 455408.654163257859182, 6432250.774750131182373 ], [ 455357.042357729515061, 6432225.420220699161291 ], [ 455332.546006525517441, 6432216.831539044156671 ], [ 455293.152072202239651, 6432207.630551436915994 ], [ 455265.360662652936298, 6432201.77372083440423 ], [ 455251.211828998115379, 6432197.345082227140665 ], [ 455230.973867088381667, 6432186.660529193468392 ], [ 455210.38499775150558, 6432173.140761806629598 ], [ 455134.757939322444145, 6432126.068490726873279 ], [ 455087.891208653105423, 6432100.664027967490256 ], [ 455042.584131297888234, 6432072.715033235959709 ], [ 455012.215619831462391, 6432049.018372243270278 ], [ 455002.929367075848859, 6432040.583072880282998 ], [ 454989.866901841247454, 6432034.094374969601631 ], [ 454921.767680844699498, 6432008.608573743142188 ], [ 454844.821507134241983, 6431985.439793515019119 ], [ 454815.262311147060245, 6431977.557356529869139 ], [ 454784.992033307964448, 6431962.713092570193112 ], [ 454722.722120408026967, 6431920.71914264652878 ], [ 454688.604385039419867, 6431902.13358923047781 ], [ 454662.847816470544785, 6431894.197942750528455 ], [ 454626.154910245211795, 6431886.075076343491673 ], [ 454584.23115390050225, 6431877.700331275351346 ], [ 454493.33004477067152, 6431848.016541838645935 ], [ 454367.99703058146406, 6431794.823022946715355 ], [ 454295.547630458488129, 6431775.009276023134589 ], [ 454201.974592995131388, 6431762.554142600856721 ], [ 454164.129933592048474, 6431747.44519267976284 ], [ 454131.48110847978387, 6431732.644288867712021 ], [ 454112.503544393461198, 6431722.106722020544112 ], [ 454085.472218547831289, 6431700.11557684559375 ], [ 454075.274115913838614, 6431695.333833365701139 ], [ 454065.739288357901387, 6431692.749085651710629 ], [ 454022.701788405771367, 6431684.393015619367361 ], [ 453993.591423015459441, 6431674.284559212625027 ], [ 453951.667892584577203, 6431652.944847257807851 ], [ 453915.494060015189461, 6431634.857195033691823 ], [ 453900.430491452454589, 6431628.355077474378049 ], [ 453895.324307882343419, 6431651.602527786977589 ], [ 453818.724090182920918, 6431998.300439693033695 ], [ 453797.883622524910606, 6432083.419270231388509 ], [ 453795.948620317270979, 6432093.83007587492466 ], [ 453799.850891756417695, 6432109.963156559504569 ], [ 453792.686691179755144, 6432141.645562438294291 ], [ 453783.814530309522524, 6432180.885761808604002 ], [ 453772.149777854559943, 6432232.450728480704129 ], [ 453762.605109189229552, 6432260.007659206166863 ], [ 453743.947708198393229, 6432291.723208492621779 ], [ 453720.338332311657723, 6432317.105158000253141 ], [ 453931.086582514049951, 6432456.561595278792083 ], [ 453977.864967736182734, 6432462.681494490243495 ], [ 454000.538973685936071, 6432500.159427806735039 ], [ 454278.027882571332157, 6432647.922957830131054 ], [ 454425.786302900582086, 6432732.805825275368989 ], [ 454660.36284233344486, 6432825.583275231532753 ], [ 454849.375287802831735, 6432823.438803245313466 ], [ 455117.740750112163369, 6432758.255479839630425 ], [ 455380.7844754003454, 6432813.018089624121785 ], [ 455425.034815472085029, 6432792.545290610753 ], [ 455976.002170556865167, 6432941.805956264026463 ], [ 455994.727015125623439, 6433227.928515455685556 ], [ 456263.171841577452142, 6433373.680311971344054 ], [ 456698.270869821310043, 6433510.97277079615742 ], [ 456841.185917875787709, 6433567.126051365397871 ], [ 456872.634670260595158, 6433581.261609646491706 ] ], [ [ 454325.044058417784981, 6431914.41893061529845 ], [ 454338.723331921908539, 6431913.249101259745657 ], [ 454343.860405751329381, 6431919.258535419590771 ], [ 454337.956450128054712, 6431935.01443942822516 ], [ 454329.858701665769331, 6431936.12036757171154 ], [ 454288.394544120237697, 6431945.703210598789155 ], [ 454291.320323153282516, 6431935.548539848998189 ], [ 454255.655410668405239, 6431920.269027010537684 ], [ 454250.663212284154724, 6431927.418873324990273 ], [ 454248.469061243580654, 6431912.768932035192847 ], [ 454233.756579378386959, 6431911.924468508921564 ], [ 454227.037369247991592, 6431900.867186367511749 ], [ 454236.12206490628887, 6431897.222224821336567 ], [ 454246.263275869132485, 6431897.105897400528193 ], [ 454249.223716223496012, 6431889.979347522370517 ], [ 454223.6820985696977, 6431873.581930951215327 ], [ 454210.774671442282852, 6431853.487771179527044 ], [ 454212.765717884292826, 6431849.913052421994507 ], [ 454205.550025172182359, 6431839.874731503427029 ], [ 454216.858603254717309, 6431847.783949547447264 ], [ 454231.316999510978349, 6431865.076740295626223 ], [ 454244.638578018464614, 6431871.849503105506301 ], [ 454258.925590823346283, 6431879.880558280274272 ], [ 454289.476885356882121, 6431891.176919749006629 ], [ 454292.963633976585697, 6431902.137727530673146 ], [ 454305.789259855344426, 6431915.140487648546696 ], [ 454317.402071488904767, 6431910.965707181952894 ], [ 454325.044058417784981, 6431914.41893061529845 ] ], [ [ 454405.260534823813941, 6431945.256490275263786 ], [ 454409.849067080882378, 6431947.731548261828721 ], [ 454417.017746165336575, 6431953.71785640437156 ], [ 454422.021725316997617, 6431948.09349586814642 ], [ 454428.786608367867302, 6431963.203485181555152 ], [ 454436.924762702838052, 6431965.638024472631514 ], [ 454435.591879798157606, 6431981.853752912022173 ], [ 454425.491333678539377, 6431985.509866789914668 ], [ 454414.738400550791994, 6431976.012638606131077 ], [ 454424.307819908019155, 6431970.848291976377368 ], [ 454407.558178103878163, 6431969.013239366933703 ], [ 454402.577406711410731, 6431976.663808752782643 ], [ 454403.72035286820028, 6431988.286159520037472 ], [ 454397.013322781422175, 6431978.241687749512494 ], [ 454382.364778508024756, 6431982.963134319521487 ], [ 454381.723849480098579, 6431970.822866742499173 ], [ 454378.56639731064206, 6431960.737834247760475 ], [ 454391.055976975301746, 6431944.906690252013505 ], [ 454399.713713508506771, 6431948.348441490903497 ], [ 454405.260534823813941, 6431945.256490275263786 ] ], [ [ 454239.48368701513391, 6431980.168159652501345 ], [ 454236.476845201977994, 6431983.242338485084474 ], [ 454236.050140486971941, 6431990.328696983866394 ], [ 454240.200684439216275, 6431998.386908098123968 ], [ 454239.733363144332543, 6432001.933000578545034 ], [ 454232.66885430761613, 6432005.042598092928529 ], [ 454217.950958083383739, 6432003.697213236242533 ], [ 454174.923443235398736, 6432009.257415243424475 ], [ 454138.89029789774213, 6432006.119652940891683 ], [ 454128.165896610706113, 6431999.673679241910577 ], [ 454134.326613399607595, 6431962.146782751195133 ], [ 454148.437968969810754, 6431954.903092642314732 ], [ 454158.776947954494972, 6431956.58803668897599 ], [ 454168.760774473368656, 6431958.210281512700021 ], [ 454176.82940856780624, 6431954.576855544932187 ], [ 454230.634399764821865, 6431960.038522957824171 ], [ 454240.435832307790406, 6431974.601183708757162 ], [ 454239.48368701513391, 6431980.168159652501345 ] ], [ [ 454930.636458013555966, 6432425.45633902400732 ], [ 454929.968833887658548, 6432422.301727081649005 ], [ 454931.177770360023715, 6432416.910173778422177 ], [ 454933.668368890415877, 6432413.0852170009166 ], [ 454939.63974973448785, 6432408.909173667430878 ], [ 454950.375838307605591, 6432405.625739205628633 ], [ 454955.16555223474279, 6432408.733798074536026 ], [ 454958.728428989532404, 6432415.652530765160918 ], [ 454957.827669271326158, 6432420.0941749420017 ], [ 454954.067383307439741, 6432427.59665790759027 ], [ 454953.8412485489971, 6432432.153161783702672 ], [ 454948.138738400826696, 6432431.89467510022223 ], [ 454940.205172152607702, 6432430.726116017438471 ], [ 454933.202150245662779, 6432428.277741745114326 ], [ 454930.636458013555966, 6432425.45633902400732 ] ], [ [ 455391.747478584467899, 6432499.849513797089458 ], [ 455394.803248532174621, 6432502.164681514725089 ], [ 455394.855542825825978, 6432506.840516862459481 ], [ 455389.270155914011411, 6432512.815318887121975 ], [ 455384.555086857581045, 6432510.529851261526346 ], [ 455383.76842775993282, 6432514.12390702124685 ], [ 455383.282365770894103, 6432519.774452108889818 ], [ 455379.323077870067209, 6432523.804838083684444 ], [ 455376.539089005207643, 6432521.497775744646788 ], [ 455378.385463793296367, 6432513.905770198442042 ], [ 455377.922758579370566, 6432509.501750496216118 ], [ 455374.623435022484045, 6432510.228994126431644 ], [ 455371.071223248494789, 6432513.163668620400131 ], [ 455368.423047349439003, 6432510.855092055164278 ], [ 455363.710954014677554, 6432508.836839597672224 ], [ 455362.705255453765858, 6432504.995615274645388 ], [ 455368.685433499573264, 6432497.357341861352324 ], [ 455377.686913411016576, 6432500.563518531620502 ], [ 455383.346154330181889, 6432501.190534384921193 ], [ 455386.19791061693104, 6432496.883049046620727 ], [ 455391.747478584467899, 6432499.849513797089458 ] ], [ [ 454644.727720971801318, 6432775.388182026334107 ], [ 454667.999668535077944, 6432784.487581162713468 ], [ 454705.783619143359829, 6432808.28664512000978 ], [ 454700.923447502718773, 6432817.149135407991707 ], [ 454688.713683048088569, 6432810.685165624134243 ], [ 454668.143557403876912, 6432797.14572440367192 ], [ 454644.727720971801318, 6432775.388182026334107 ] ] ] ] } },
{ "type": "Feature", "properties": { "value": 92.4, "POI_CODE": 1 }, "geometry": { "type": "MultiPolygon", "coordinates": [ [ [ [ 457933.334391194512136, 6434354.676576494239271 ], [ 457991.265263519831933, 6434295.989307401701808 ], [ 458008.399363981268834, 6434277.158884792588651 ], [ 458079.595458878786303, 6434211.519051640294492 ], [ 458094.174680997733958, 6434206.221724916249514 ], [ 458103.623031320807058, 6434207.035410261712968 ], [ 458116.868705194909126, 6434215.280295051634312 ], [ 458139.851628395204898, 6434243.987904768437147 ], [ 458148.693705395737197, 6434255.031458139419556 ], [ 458264.923918737040367, 6434160.571446232497692 ], [ 458246.292864337796345, 6434143.208873488940299 ], [ 458245.100484878057614, 6434142.096805483102798 ], [ 458207.310399433481507, 6434102.042144314385951 ], [ 458158.440141078317538, 6434047.551667029038072 ], [ 458126.043484878842719, 6434008.532303222455084 ], [ 458103.453475909424014, 6433983.639677936211228 ], [ 458082.012806803686544, 6433962.520734594203532 ], [ 458063.290521688875742, 6433943.911913045682013 ], [ 458048.671423808322288, 6433928.678207654505968 ], [ 458055.976731707225554, 6433922.143472570925951 ], [ 458054.02300994383404, 6433905.919166220352054 ], [ 458047.446952374128159, 6433898.160992863588035 ], [ 458043.204746693489142, 6433897.303766143508255 ], [ 458032.046968852402642, 6433905.794170763343573 ], [ 458021.038244766066782, 6433901.523191341198981 ], [ 457998.895615417917725, 6433888.95204421505332 ], [ 457969.672706150799058, 6433866.189885666593909 ], [ 457932.900920400454197, 6433833.063664194196463 ], [ 457894.079958117799833, 6433801.072842571884394 ], [ 457842.382274616567884, 6433764.152456742711365 ], [ 457805.597334376710933, 6433733.877892732620239 ], [ 457808.455817567475606, 6433730.607572039589286 ], [ 457793.184832409955561, 6433716.985014007426798 ], [ 457790.996428844227921, 6433719.413182036951184 ], [ 457774.195971899549477, 6433703.546635777689517 ], [ 457743.425565860234201, 6433677.640365730039775 ], [ 457741.071062876086216, 6433676.095392983406782 ], [ 457714.398374372976832, 6433657.472248023375869 ], [ 457700.982466551940888, 6433646.792072029784322 ], [ 457687.714072660775855, 6433634.996949122287333 ], [ 457688.675656688050367, 6433632.13637428265065 ], [ 457688.578825432748999, 6433630.801291289739311 ], [ 457687.891853679670021, 6433629.494740034453571 ], [ 457682.942690736032091, 6433625.483266136609018 ], [ 457680.002601242624223, 6433624.401048948056996 ], [ 457672.946874683839269, 6433623.852434388361871 ], [ 457655.648885195783805, 6433605.698002438992262 ], [ 457631.46178606786998, 6433587.138076489791274 ], [ 457624.730898920854088, 6433579.9389424379915 ], [ 457612.670075522211846, 6433562.363683533854783 ], [ 457605.611898680916056, 6433554.377528284676373 ], [ 457572.802518562588375, 6433521.847076988779008 ], [ 457525.003505991597194, 6433480.157177904620767 ], [ 457489.487089850532357, 6433446.386931165121496 ], [ 457451.869902245816775, 6433409.477281201630831 ], [ 457415.772818690806162, 6433366.238615212030709 ], [ 457401.371497472282499, 6433352.474625211209059 ], [ 457347.43756981077604, 6433314.482127848081291 ], [ 457335.622955476341303, 6433305.756790449842811 ], [ 457312.949165868805721, 6433288.763628846034408 ], [ 457292.050936803396326, 6433274.92484088242054 ], [ 457273.581033083959483, 6433265.636322154663503 ], [ 457234.730521297606174, 6433246.768271006643772 ], [ 457209.237641310493927, 6433231.275649374350905 ], [ 457176.400933208700735, 6433213.245500093325973 ], [ 457131.113623411802109, 6433184.560347821563482 ], [ 457094.678756361769047, 6433157.639860958792269 ], [ 457090.667728684784379, 6433154.538636703044176 ], [ 456877.58238360111136, 6433540.169562233611941 ], [ 456872.634670260595158, 6433581.261609646491706 ], [ 456932.794903504662216, 6433608.302379748784006 ], [ 457062.363349993480369, 6433870.992996878921986 ], [ 457103.646591502125375, 6433984.100695316679776 ], [ 457095.517212524951901, 6434002.03230504412204 ], [ 457087.661388206179254, 6434016.502364455722272 ], [ 457081.38045062799938, 6434028.639551958069205 ], [ 457078.763620412326418, 6434042.763735460117459 ], [ 457083.415287406300195, 6434082.741415047086775 ], [ 457084.81070287595503, 6434133.387403030879796 ], [ 457097.674119243281893, 6434185.424207967706025 ], [ 457125.046595213061664, 6434314.699403183534741 ], [ 457124.326725984108634, 6434325.707825391553342 ], [ 457110.509987599099986, 6434366.051268673501909 ], [ 457114.346903314173687, 6434411.014788902364671 ], [ 457128.754508498474024, 6434474.458864586427808 ], [ 457169.34038143849466, 6434504.79768561758101 ], [ 457194.798831331543624, 6434546.945823717862368 ], [ 457205.676305060973391, 6434585.799028617329895 ], [ 457208.856008429604117, 6434597.155266784131527 ], [ 457266.656830710940994, 6434683.9949238486588 ], [ 457345.107434536446817, 6434828.250102973543108 ], [ 457428.700733142031822, 6434918.084819117560983 ], [ 457428.70073314209003, 6434918.084819117560983 ], [ 457438.392265178030357, 6434906.991755423136055 ], [ 457467.735311092692427, 6434871.182363764382899 ], [ 457473.049319154815748, 6434864.701168628409505 ], [ 457480.249517802265473, 6434856.863741027191281 ], [ 457517.176877021149267, 6434812.066386420279741 ], [ 457525.772119279019535, 6434801.631019652821124 ], [ 457560.051410087093245, 6434766.92769343778491 ], [ 457586.601643484085798, 6434738.608924125321209 ], [ 457623.049954265821725, 6434698.505220202729106 ], [ 457630.285100294975564, 6434690.56749421544373 ], [ 457660.00812275003409, 6434657.984477837570012 ], [ 457714.814310915011447, 6434598.791793916374445 ], [ 457752.900188081897795, 6434553.104815290309489 ], [ 457793.8308740700013, 6434507.287880908697844 ], [ 457823.435694657149725, 6434476.667013682425022 ], [ 457833.645382315618917, 6434466.916712718084455 ], [ 457841.963819573924411, 6434457.509336810559034 ], [ 457848.319243587204255, 6434451.707971691153944 ], [ 457871.050303949974477, 6434423.576309205032885 ], [ 457881.913401968544349, 6434408.040548645891249 ], [ 457933.334391194512136, 6434354.676576494239271 ] ] ] ] } },
{ "type": "Feature", "properties": { "value": 78.4, "POI_CODE": 1 }, "geometry": { "type": "MultiPolygon", "coordinates": [ [ [ [ 458171.195070875808597, 6435224.465752011165023 ], [ 458189.331771565659437, 6435237.857581239193678 ], [ 458196.434549073979724, 6435244.296598729677498 ], [ 458205.173138950834982, 6435260.394142325036228 ], [ 458222.01598210085649, 6435277.141582433134317 ], [ 458232.931189793394879, 6435286.947774699889123 ], [ 458240.616549842816312, 6435298.869952413253486 ], [ 458256.349235453701112, 6435324.60338285472244 ], [ 458269.040167929430027, 6435338.867040386423469 ], [ 458314.227518584462814, 6435371.830196834169328 ], [ 458335.846669882535934, 6435386.011795814149082 ], [ 458367.14952479628846, 6435405.748513275757432 ], [ 458384.286507868673652, 6435416.314038218930364 ], [ 458409.742132138111629, 6435419.833881966769695 ], [ 458428.545325984363444, 6435429.469193387776613 ], [ 458441.836816799710505, 6435439.162079202011228 ], [ 458447.789649778103922, 6435446.326122611761093 ], [ 458455.111818488687277, 6435459.165499668568373 ], [ 458489.007597514078952, 6435495.076461164280772 ], [ 458518.853243541612756, 6435520.11830308008939 ], [ 458553.157293040596414, 6435555.669250841252506 ], [ 458608.646279238513671, 6435601.366320012137294 ], [ 458709.204290283611044, 6435705.830978829413652 ], [ 458745.229818934923969, 6435752.934182958677411 ], [ 458763.828475748305209, 6435777.248102184385061 ], [ 458824.655792529811151, 6435803.853301729075611 ], [ 458862.758416851167567, 6435846.59371939394623 ], [ 458892.513332386268303, 6435881.6266546305269 ], [ 458880.997646773583256, 6435901.943021774291992 ], [ 458897.684748977015261, 6435922.435967056080699 ], [ 458914.180459118739236, 6435942.697135273367167 ], [ 458968.987913522403687, 6435978.151504512876272 ], [ 458988.204746641800739, 6435993.964650950394571 ], [ 459084.91753137827618, 6436073.559732912108302 ], [ 459104.730309985403437, 6436068.768968715332448 ], [ 459104.730309985810891, 6436068.768968713469803 ], [ 459143.942676628765184, 6436078.243361326865852 ], [ 459226.613723377580754, 6436063.019179446622729 ], [ 459227.077869803761132, 6435842.287058745510876 ], [ 459219.744986763922498, 6435753.738128772936761 ], [ 459219.74498676386429, 6435753.738128770142794 ], [ 459219.744986764329951, 6435753.738128773868084 ], [ 459228.245014985150192, 6435736.660295370966196 ], [ 459241.118668349867221, 6435675.813624798320234 ], [ 459246.684877385967411, 6435666.704555761069059 ], [ 459272.627319786523003, 6435653.434488587081432 ], [ 459294.905051410547458, 6435647.661964413709939 ], [ 459300.797524945810437, 6435617.459944765083492 ], [ 459291.43364220589865, 6435596.123711936175823 ], [ 459278.031969085510354, 6435570.19545594509691 ], [ 459271.538822443981189, 6435554.462366684339941 ], [ 459267.040512982872315, 6435532.395787760615349 ], [ 459261.514463008323219, 6435502.746182789094746 ], [ 459256.871177941502538, 6435482.095144029706717 ], [ 459247.118423772801179, 6435457.543721207417548 ], [ 459234.334447012806777, 6435430.339987304992974 ], [ 459216.129721341247205, 6435399.406141428276896 ], [ 459197.249510830501094, 6435364.203751972876489 ], [ 459175.025584878050722, 6435326.987011098302901 ], [ 459151.83382652013097, 6435288.666889974847436 ], [ 459126.410309889761265, 6435248.009337294846773 ], [ 459109.70558454003185, 6435224.7988610137254 ], [ 459090.467238575802185, 6435201.447451302781701 ], [ 459077.626985388167668, 6435183.887019730173051 ], [ 459059.401995431282558, 6435151.206002493388951 ], [ 459028.650367563706823, 6435101.117442873306572 ], [ 458993.972092549374793, 6435038.899810399860144 ], [ 458968.687402096402366, 6434997.128381932154298 ], [ 458932.575471909367479, 6434949.467328771948814 ], [ 458911.014150399947539, 6434915.719064912758768 ], [ 458891.242341246746946, 6434886.684499964118004 ], [ 458853.340066275326535, 6434834.455312029458582 ], [ 458817.58046258444665, 6434790.889029708690941 ], [ 458799.921177387353964, 6434767.055027779191732 ], [ 458787.547107848338783, 6434749.167791487649083 ], [ 458774.125404024380259, 6434737.292779505252838 ], [ 458761.21185032610083, 6434728.897567397914827 ], [ 458749.713424393557943, 6434719.218446270562708 ], [ 458737.886428192956373, 6434708.596349966712296 ], [ 458720.277603908383753, 6434690.28474776353687 ], [ 458700.262603186187334, 6434668.212517379783094 ], [ 458673.323157738370355, 6434635.311770209111273 ], [ 458646.901202631997876, 6434606.814986764453351 ], [ 458609.737870686862152, 6434565.480799711309373 ], [ 458572.444959354237653, 6434526.519889341667295 ], [ 458545.962515964405611, 6434492.345927775837481 ], [ 458519.985652565024793, 6434460.850226151756942 ], [ 458495.67797494790284, 6434434.358847287483513 ], [ 458473.098877095675562, 6434413.461257560178638 ], [ 458445.643863587989472, 6434385.243760800920427 ], [ 458410.018519194214605, 6434346.868196405470371 ], [ 458400.566807515104301, 6434333.249451729469001 ], [ 458394.124917081440799, 6434318.419080258347094 ], [ 458391.623359773308039, 6434306.119592211209238 ], [ 458390.138179095461965, 6434292.785145309753716 ], [ 458389.560217430465855, 6434283.226868785917759 ], [ 458387.417012831021566, 6434274.720417466014624 ], [ 458383.218390324269421, 6434267.248643176630139 ], [ 458375.144356825738214, 6434259.516718151047826 ], [ 458365.365068595448975, 6434251.869426445104182 ], [ 458362.367562371422537, 6434249.183983973227441 ], [ 458359.411604683089536, 6434246.520378124900162 ], [ 458355.042998666176572, 6434241.433135440573096 ], [ 458349.015495216939598, 6434232.956154864281416 ], [ 458339.319124794681557, 6434221.956653393805027 ], [ 458328.847775933216326, 6434208.549147034063935 ], [ 458316.746532990131527, 6434194.535194337368011 ], [ 458309.402003198396415, 6434188.844470606185496 ], [ 458285.331417772511486, 6434173.452698090113699 ], [ 458265.728404582419898, 6434161.321159250102937 ], [ 458264.923918737040367, 6434160.571446232497692 ], [ 458148.69370539591182, 6434255.031458139419556 ], [ 458139.851628395204898, 6434243.987904768437147 ], [ 458116.868705194909126, 6434215.280295051634312 ], [ 458103.623031320807058, 6434207.035410261712968 ], [ 458094.174680997733958, 6434206.221724916249514 ], [ 458079.595458878786303, 6434211.519051640294492 ], [ 458008.399363981268834, 6434277.158884792588651 ], [ 457991.265263519831933, 6434295.989307401701808 ], [ 457933.334391194512136, 6434354.676576494239271 ], [ 457881.913401968544349, 6434408.040548645891249 ], [ 457871.050303949974477, 6434423.576309205032885 ], [ 457848.319243587204255, 6434451.707971691153944 ], [ 457841.963819573924411, 6434457.509336810559034 ], [ 457833.645382315618917, 6434466.916712718084455 ], [ 457823.435694657149725, 6434476.667013682425022 ], [ 457793.8308740700013, 6434507.287880908697844 ], [ 457752.900188081897795, 6434553.104815290309489 ], [ 457714.814310915011447, 6434598.791793916374445 ], [ 457660.00812275003409, 6434657.984477837570012 ], [ 457630.285100294975564, 6434690.56749421544373 ], [ 457623.049954265821725, 6434698.505220202729106 ], [ 457586.601643484085798, 6434738.608924125321209 ], [ 457560.051410087093245, 6434766.92769343778491 ], [ 457525.772119279019535, 6434801.631019652821124 ], [ 457517.176877021149267, 6434812.066386420279741 ], [ 457480.249517802265473, 6434856.863741027191281 ], [ 457473.049319154815748, 6434864.701168628409505 ], [ 457467.735311092692427, 6434871.182363764382899 ], [ 457438.392265178030357, 6434906.991755423136055 ], [ 457428.70073314209003, 6434918.084819117560983 ], [ 457490.028186360315885, 6435009.944907534867525 ], [ 457579.932590724900365, 6435141.818828615359962 ], [ 457619.276247005676851, 6435215.031192308291793 ], [ 457620.778954610635992, 6435217.587229010649025 ], [ 457666.952075624081772, 6435308.241643910296261 ], [ 457687.192569427192211, 6435316.833864944055676 ], [ 457730.805897027021274, 6435379.513459010981023 ], [ 457761.584660123626236, 6435406.29902409017086 ], [ 457804.928136905306019, 6435451.501446474343538 ], [ 457809.520409101562109, 6435466.617704170756042 ], [ 457835.575118731532712, 6435496.048142115585506 ], [ 457854.913111566973384, 6435514.293035199865699 ], [ 458171.195070875808597, 6435224.465752011165023 ] ] ] ] } },
{ "type": "Feature", "properties": { "value": 83.2, "POI_CODE": 1 }, "geometry": { "type": "MultiPolygon", "coordinates": [ [ [ [ 458556.046583989285864, 6429139.144787610508502 ], [ 458552.471243886218872, 6429147.198484531603754 ], [ 458543.076985283056274, 6429167.537890280596912 ], [ 458536.400567880133167, 6429182.059338967315853 ], [ 458529.382530923990998, 6429197.831372615881264 ], [ 458518.973584892286453, 6429222.891124301590025 ], [ 458500.392960186116397, 6429264.158081285655499 ], [ 458489.071517976350151, 6429291.242684320546687 ], [ 458483.13193714019144, 6429308.373095953837037 ], [ 458478.641417062142864, 6429327.292181073687971 ], [ 458475.981579302344471, 6429344.911805205978453 ], [ 458471.392541784560308, 6429375.945885251276195 ], [ 458468.378526958695147, 6429392.466919197700918 ], [ 458467.139791152090766, 6429401.799092611297965 ], [ 458465.674930343171582, 6429418.370819995179772 ], [ 458467.804953508602921, 6429437.332397607155144 ], [ 458482.145781323546544, 6429472.166761468164623 ], [ 458483.946875930356327, 6429475.989316212013364 ], [ 458488.65510647604242, 6429485.983369064517319 ], [ 458492.565385205089115, 6429494.271063012070954 ], [ 458493.978737500845455, 6429497.184652484022081 ], [ 458494.672609374974854, 6429498.546940186992288 ], [ 458503.397061793948524, 6429516.226363782770932 ], [ 458560.749602235096972, 6429628.698005338199437 ], [ 458566.542618812003639, 6429639.605022048577666 ], [ 458567.535853918117937, 6429641.342776368372142 ], [ 458571.171126717526931, 6429648.219360997900367 ], [ 458616.417916473408695, 6429732.369650889188051 ], [ 458627.537333244283218, 6429753.130939643830061 ], [ 458636.77124009677209, 6429769.892364378087223 ], [ 458653.79828916687984, 6429760.76411997154355 ], [ 458660.89392199262511, 6429757.105439930222929 ], [ 458727.141927141463384, 6429722.939592183567584 ], [ 458747.130038889241405, 6429712.634323352016509 ], [ 458777.088817634794395, 6429697.182419356890023 ], [ 458811.70268363726791, 6429679.778775149956346 ], [ 458957.316425734665245, 6429603.635849662125111 ], [ 459000.069533153669909, 6429583.266456644050777 ], [ 459044.152401703759097, 6429562.271509269252419 ], [ 459057.360948934103362, 6429556.390818691812456 ], [ 459067.284651041321922, 6429551.79087227024138 ], [ 459060.430792230938096, 6429537.598322676494718 ], [ 459049.354299691854976, 6429513.940543473698199 ], [ 459043.041512353986036, 6429501.80228775087744 ], [ 459040.698456812067889, 6429496.949574048630893 ], [ 459030.473293868883047, 6429476.790363841690123 ], [ 459011.340887115336955, 6429441.669263842515647 ], [ 459003.535678988904692, 6429426.963271202519536 ], [ 458981.729266180132981, 6429385.901870422065258 ], [ 458954.927741580177099, 6429332.755724693648517 ], [ 458947.920303549210075, 6429319.221854442730546 ], [ 458943.419993217161391, 6429325.9040721161291 ], [ 458920.409202840179205, 6429282.795564982108772 ], [ 458912.270279871881939, 6429267.313788875006139 ], [ 458894.289553156937473, 6429238.037935566157103 ], [ 458884.055321689578705, 6429223.446249065920711 ], [ 458866.375125763181131, 6429199.856966370716691 ], [ 458854.719567610009108, 6429187.317542153410614 ], [ 458839.383678873069584, 6429173.279576701112092 ], [ 458814.125452608801425, 6429155.458187703043222 ], [ 458811.500889603281394, 6429154.305041315965354 ], [ 458806.833963362267241, 6429152.282234979793429 ], [ 458794.017188758472912, 6429146.390910040587187 ], [ 458705.181122293346561, 6429103.028171873651445 ], [ 458609.431229506793898, 6429060.640909908339381 ], [ 458595.306158146937378, 6429054.051191196776927 ], [ 458590.639036669628695, 6429062.86215930711478 ], [ 458580.384845448017586, 6429085.247935633175075 ], [ 458570.691264780296478, 6429106.392033842392266 ], [ 458566.916757490136661, 6429114.625929389148951 ], [ 458561.129320567182731, 6429127.679535511881113 ], [ 458556.046583989285864, 6429139.144787610508502 ] ] ] ] } },
{ "type": "Feature", "properties": { "value": 91.8, "POI_CODE": 1 }, "geometry": { "type": "MultiPolygon", "coordinates": [ [ [ [ 458371.418293946189806, 6430180.695571007207036 ], [ 458410.815820067655295, 6430195.89498773869127 ], [ 458489.50183669407852, 6430230.103994919918478 ], [ 458518.719879108190071, 6430247.904395478777587 ], [ 458544.892115430673584, 6430259.802128789946437 ], [ 458559.290300934691913, 6430261.790374685078859 ], [ 458575.708848590729758, 6430262.009639969095588 ], [ 458597.23074286658084, 6430267.698578244075179 ], [ 458623.398015992366709, 6430278.583663982339203 ], [ 458647.864291053032503, 6430293.561645341105759 ], [ 458691.652811799780466, 6430324.428616110235453 ], [ 458736.277991768147331, 6430349.408572652377188 ], [ 458783.602567204332445, 6430364.607621769420803 ], [ 458813.62295128358528, 6430373.917638076469302 ], [ 458819.595520969713107, 6430376.049439879134297 ], [ 458845.686307285330258, 6430385.377972863614559 ], [ 458880.818083467427641, 6430394.713728520087898 ], [ 458908.661377482989337, 6430397.511135007254779 ], [ 458940.597395801101811, 6430401.235300880856812 ], [ 458953.58890633599367, 6430379.13399175927043 ], [ 458959.64408182160696, 6430367.46993893571198 ], [ 458976.681627687998116, 6430334.248628820292652 ], [ 459003.95874563313555, 6430283.040769645012915 ], [ 459008.972943172673695, 6430273.558648323640227 ], [ 459013.420226228656247, 6430265.262574802152812 ], [ 459023.236311565211508, 6430260.719264193437994 ], [ 459028.893543101323303, 6430249.972409256733954 ], [ 459039.48538899194682, 6430221.972665425390005 ], [ 459041.884618435869925, 6430216.213960368186235 ], [ 459045.328418581630103, 6430207.438319768756628 ], [ 459049.025370095914695, 6430197.992036555893719 ], [ 459053.598870748712216, 6430185.853436291217804 ], [ 459061.484794816584326, 6430164.79582046251744 ], [ 459062.372384446731303, 6430162.604425025172532 ], [ 459065.806858275900595, 6430154.062716737389565 ], [ 459073.376133451529313, 6430136.114800316281617 ], [ 459087.372414369718172, 6430102.914050591178238 ], [ 459110.600127688900102, 6430042.629625187255442 ], [ 459114.136387813312467, 6430033.619286388158798 ], [ 459131.064238778839353, 6429990.568369197659194 ], [ 459137.535453741787933, 6429975.560107737779617 ], [ 459140.543137130851392, 6429968.592752893455327 ], [ 459142.166127020027488, 6429964.913009474053979 ], [ 459153.134656216891017, 6429940.071840172633529 ], [ 459155.977477814885788, 6429932.003905527293682 ], [ 459158.665431638073642, 6429924.394057204015553 ], [ 459161.09450117329834, 6429915.740250633098185 ], [ 459164.145256570307538, 6429904.886661423370242 ], [ 459167.160508934641257, 6429896.338204112835228 ], [ 459170.359060543065425, 6429881.441417627036572 ], [ 459173.138838308339473, 6429859.111315356567502 ], [ 459173.396515705564525, 6429855.991122397594154 ], [ 459174.625030008086469, 6429840.891806501895189 ], [ 459174.549886254768353, 6429833.544046488590539 ], [ 459174.822581939224619, 6429819.178224986419082 ], [ 459173.694222959282342, 6429807.086961102671921 ], [ 459172.924784183269367, 6429797.152048847638071 ], [ 459171.055251311918255, 6429785.981364914216101 ], [ 459167.982396234059706, 6429772.150797517970204 ], [ 459163.729066411440726, 6429756.740126546472311 ], [ 459157.252495901659131, 6429737.188039000146091 ], [ 459151.90411616343772, 6429721.621571565046906 ], [ 459147.504462596902158, 6429712.714748268947005 ], [ 459140.286452758125961, 6429698.113829706795514 ], [ 459133.39511229674099, 6429683.097616852261126 ], [ 459130.100525577377994, 6429675.916424969211221 ], [ 459128.519040075538214, 6429672.692582685500383 ], [ 459116.772439736640081, 6429648.740861628204584 ], [ 459104.529185494000558, 6429621.899386751465499 ], [ 459093.688763696118258, 6429601.044872142374516 ], [ 459087.319108195311856, 6429589.675386637449265 ], [ 459079.967983533337247, 6429576.545643203891814 ], [ 459074.501722044253256, 6429566.825904131866992 ], [ 459067.284651041321922, 6429551.79087227024138 ], [ 459057.360948934103362, 6429556.390818691812456 ], [ 459044.152401703759097, 6429562.271509269252419 ], [ 459000.069533153669909, 6429583.266456644050777 ], [ 458957.316425734665245, 6429603.635849662125111 ], [ 458811.70268363726791, 6429679.778775149956346 ], [ 458777.088817634794395, 6429697.182419356890023 ], [ 458747.130038889241405, 6429712.634323352016509 ], [ 458727.141927141463384, 6429722.939592183567584 ], [ 458660.89392199262511, 6429757.105439930222929 ], [ 458653.79828916687984, 6429760.76411997154355 ], [ 458636.77124009677209, 6429769.892364378087223 ], [ 458620.513974457571749, 6429779.725289426743984 ], [ 458614.999983221874572, 6429782.588254797272384 ], [ 458590.141018940077629, 6429795.015671531669796 ], [ 458470.619773013226222, 6429857.907110086642206 ], [ 458458.586363253882155, 6429864.089298510923982 ], [ 458441.576068491267506, 6429873.04006848949939 ], [ 458421.40901937824674, 6429884.172684161923826 ], [ 458404.757182226749137, 6429885.537513365969062 ], [ 458381.198333870735951, 6429895.002150585874915 ], [ 458368.466342963685747, 6429899.911468608304858 ], [ 458359.297856497112662, 6429902.534552532248199 ], [ 458343.38190041098278, 6429904.749294049106538 ], [ 458329.466712054796517, 6429905.005867950618267 ], [ 458307.399914900190197, 6429903.955848090350628 ], [ 458289.631804223987274, 6429902.549275381490588 ], [ 458274.303297926671803, 6429898.767970752902329 ], [ 458308.296329071687069, 6429915.091789852827787 ], [ 458322.64149620954413, 6429919.228649348951876 ], [ 458333.483961466699839, 6429927.510627201758325 ], [ 458340.89610280416673, 6429938.945998471230268 ], [ 458344.024884821497835, 6429952.207545620389283 ], [ 458343.240311942528933, 6429959.141186122782528 ], [ 458342.49964637728408, 6429965.751477775163949 ], [ 458336.492912347719539, 6429977.983814003877342 ], [ 458326.716899040271528, 6429987.494234125129879 ], [ 458320.350547671143431, 6429991.312917437404394 ], [ 458309.514291458297521, 6430000.021656882949173 ], [ 458301.189045692037325, 6430006.967264533042908 ], [ 458296.511337174684741, 6430012.894974129274487 ], [ 458292.211500070057809, 6430019.353181539103389 ], [ 458288.609791973547544, 6430029.277960606850684 ], [ 458286.061295361607336, 6430041.585584225133061 ], [ 458285.223826995119452, 6430060.41108840610832 ], [ 458284.810689790698234, 6430063.855865393765271 ], [ 458281.945151250110939, 6430108.589520339854062 ], [ 458281.799722220690455, 6430113.334198475815356 ], [ 458281.300083960231859, 6430125.464536280371249 ], [ 458292.171439961937722, 6430126.375272375531495 ], [ 458321.265312332427129, 6430127.596762645989656 ], [ 458326.393189759983215, 6430133.099175056442618 ], [ 458335.045565786655061, 6430138.832023223862052 ], [ 458369.828932727046777, 6430139.927677113562822 ], [ 458370.997645241208375, 6430172.093243370763958 ], [ 458371.418293946189806, 6430180.695571007207036 ] ] ] ] } },
{ "type": "Feature", "properties": { "value": 79.8, "POI_CODE": 1 }, "geometry": { "type": "MultiPolygon", "coordinates": [ [ [ [ 459192.276691860286519, 6428846.044236932881176 ], [ 459244.745125430868939, 6428785.061308609321713 ], [ 459258.037091867881827, 6428772.589082482270896 ], [ 459292.936466612212826, 6428805.980683866888285 ], [ 459230.058066623867489, 6428702.562694264575839 ], [ 458914.939340336248279, 6428360.344813977368176 ], [ 458901.695002677268349, 6428348.177870349958539 ], [ 458902.065708238515072, 6428353.752250385470688 ], [ 458902.349940101325046, 6428358.392254116944969 ], [ 458901.370129226124845, 6428363.145471661351621 ], [ 458900.596904882229865, 6428366.716346873901784 ], [ 458899.560844863182865, 6428383.238909979350865 ], [ 458896.085721586714499, 6428392.549395300447941 ], [ 458887.786951676302124, 6428411.685292361304164 ], [ 458860.972999344114214, 6428471.707099998369813 ], [ 458857.815687929687556, 6428477.418026359751821 ], [ 458846.712223053269554, 6428502.595336919650435 ], [ 458824.898508190060966, 6428552.055275269784033 ], [ 458821.099971793359146, 6428560.355961434543133 ], [ 458817.925690220261458, 6428567.848557270132005 ], [ 458785.08038560312707, 6428641.28293823171407 ], [ 458775.546031512436457, 6428662.602997442707419 ], [ 458760.938421969301999, 6428695.265475585125387 ], [ 458748.093323090986814, 6428723.979456769302487 ], [ 458744.613277103111614, 6428732.176725301891565 ], [ 458740.90071644744603, 6428740.754959914833307 ], [ 458735.257802160165738, 6428754.174223952926695 ], [ 458731.031172042712569, 6428763.915730436332524 ], [ 458726.813104747387115, 6428771.051765842363238 ], [ 458719.252472726569977, 6428787.664103199727833 ], [ 458714.038673038361594, 6428799.119356500916183 ], [ 458694.942640061490238, 6428843.530480827204883 ], [ 458690.017157424299512, 6428854.270201509818435 ], [ 458677.959098931693006, 6428877.821181895211339 ], [ 458669.812264031090308, 6428895.441759661771357 ], [ 458642.806323084339965, 6428949.41018199827522 ], [ 458614.805046603956725, 6429012.786333754658699 ], [ 458603.968622022774071, 6429036.625517146661878 ], [ 458598.734091846330557, 6429047.157015476375818 ], [ 458595.306158146937378, 6429054.051191196776927 ], [ 458609.431229506793898, 6429060.640909908339381 ], [ 458705.181122293346561, 6429103.028171873651445 ], [ 458794.017188758472912, 6429146.390910040587187 ], [ 458806.833963362267241, 6429152.282234979793429 ], [ 458811.500889603281394, 6429154.305041315965354 ], [ 458814.125452608801425, 6429155.458187703043222 ], [ 458839.383678873069584, 6429173.279576701112092 ], [ 458854.719567610009108, 6429187.317542153410614 ], [ 458866.375125763181131, 6429199.856966370716691 ], [ 458884.055321689578705, 6429223.446249065920711 ], [ 458894.289553156937473, 6429238.037935566157103 ], [ 458912.270279871881939, 6429267.313788875006139 ], [ 458920.409202840179205, 6429282.795564982108772 ], [ 458943.419993217161391, 6429325.9040721161291 ], [ 458947.920303549210075, 6429319.221854442730546 ], [ 458950.058014830923639, 6429312.129700344055891 ], [ 458953.579938908631448, 6429306.292608625255525 ], [ 458962.385530162777286, 6429301.54802702460438 ], [ 458964.201016535109375, 6429300.482759311795235 ], [ 459029.256670108356047, 6429265.488152283243835 ], [ 459074.608574427315034, 6429241.073538181371987 ], [ 459075.619661434320733, 6429240.528736838139594 ], [ 459115.941416208574083, 6429218.949691468849778 ], [ 459131.110172733315267, 6429223.125578662380576 ], [ 459120.121929983550217, 6429199.466704309917986 ], [ 459109.87913489411585, 6429178.194062328897417 ], [ 459099.147193105600309, 6429158.22914888523519 ], [ 459096.470458962954581, 6429147.935233331285417 ], [ 459099.132446911127772, 6429138.90045740455389 ], [ 459103.316827432019636, 6429129.60514001827687 ], [ 459109.956313909206074, 6429123.391106309369206 ], [ 459127.276216920814477, 6429095.723628670908511 ], [ 459135.280679780233186, 6429080.788782596588135 ], [ 459146.987760104995687, 6429058.556622910313308 ], [ 459159.723845329775941, 6429035.200563536025584 ], [ 459166.830669768853113, 6429017.435765329748392 ], [ 459178.49234692734899, 6428980.317850828170776 ], [ 459125.698845081555191, 6428954.904255219735205 ], [ 459114.356670996989124, 6428949.865269659087062 ], [ 459110.229591663344763, 6428948.036995098926127 ], [ 459192.276691860286519, 6428846.044236932881176 ] ] ] ] } },
{ "type": "Feature", "properties": { "value": 87.9, "POI_CODE": 1 }, "geometry": { "type": "MultiPolygon", "coordinates": [ [ [ [ 463160.222855658154003, 6436888.04820672236383 ], [ 463157.760924860602245, 6436895.497426600195467 ], [ 463167.620427059067879, 6436900.772856594063342 ], [ 463163.238557302043773, 6436906.024146122857928 ], [ 463156.897416136402171, 6436904.824656071141362 ], [ 463154.438386898429599, 6436912.585606314241886 ], [ 463129.001981085224543, 6436900.027960598468781 ], [ 463132.885618021653499, 6436891.942050250247121 ], [ 463101.543122868752107, 6436873.593857707455754 ], [ 463083.978049327037297, 6436874.602842185646296 ], [ 463075.760601636196952, 6436889.286968615837395 ], [ 463065.489116790471599, 6436891.130276140756905 ], [ 463057.699796339147724, 6436889.632620476186275 ], [ 463052.727460430876818, 6436882.096427701413631 ], [ 463050.076684941304848, 6436869.172062130644917 ], [ 463037.984268687665462, 6436862.336602489463985 ], [ 463030.904472059570253, 6436869.184405127540231 ], [ 463042.270254863251466, 6436880.456544104963541 ], [ 463045.927452851785347, 6436882.315401845611632 ], [ 463047.098012139846105, 6436889.575108218938112 ], [ 463056.332383786677383, 6436895.490709506906569 ], [ 463069.668033241468947, 6436900.266019009053707 ], [ 463078.812956291309092, 6436896.540369579568505 ], [ 463086.029243461147416, 6436889.681668328121305 ], [ 463091.463446707639378, 6436879.58833974879235 ], [ 463111.836904446478002, 6436891.346453092992306 ], [ 463117.125629795831628, 6436903.756523553282022 ], [ 463124.664078861300368, 6436910.022012599743903 ], [ 463148.721084741235245, 6436918.873605907894671 ], [ 463164.787268023937941, 6436919.749297669157386 ], [ 463173.591866255621426, 6436913.666585560888052 ], [ 463182.764746860659216, 6436912.958257541060448 ], [ 463189.135094373021275, 6436917.319602256640792 ], [ 463200.898143123311456, 6436940.269598537124693 ], [ 463211.052666047413368, 6436943.014967873692513 ], [ 463218.394511142454576, 6436950.373589699156582 ], [ 463227.578930977266282, 6436950.923410226590931 ], [ 463234.410897407971788, 6436954.178287892602384 ], [ 463238.668522124469746, 6436952.079173075035214 ], [ 463247.353244450816419, 6436950.262089695781469 ], [ 463258.54127501003677, 6436948.021100116893649 ], [ 463280.578258857713081, 6436950.267335655167699 ], [ 463302.325496237725019, 6436940.279993660748005 ], [ 463315.643153413489927, 6436943.152357215061784 ], [ 463324.394884873414412, 6436948.605388122610748 ], [ 463328.921296949964017, 6436945.579765221104026 ], [ 463330.658193179522641, 6436941.366217623464763 ], [ 463326.988779001985677, 6436938.159987905994058 ], [ 463330.110949917521793, 6436930.626857312396169 ], [ 463340.084346371761058, 6436914.346058920957148 ], [ 463328.960526538547128, 6436903.715215302072465 ], [ 463324.049469629593659, 6436893.806564435362816 ], [ 463329.609610682644416, 6436878.746603451669216 ], [ 463339.685631157364696, 6436873.598953342996538 ], [ 463356.137015285901725, 6436847.08200940489769 ], [ 463450.041653394408058, 6436780.53905148524791 ], [ 463540.507451604353264, 6436734.349534649401903 ], [ 463607.630133179423865, 6436680.403345132246614 ], [ 463647.412986748269759, 6436657.905459286645055 ], [ 463710.411010595795233, 6436549.196783503517509 ], [ 463715.728208796936087, 6436454.79820962715894 ], [ 463757.409478464513086, 6436400.707950765267015 ], [ 463872.828841028618626, 6436339.056641883216798 ], [ 463992.265010490140412, 6436278.830974371172488 ], [ 464013.888271943375003, 6436217.298030137084424 ], [ 464071.953115799406078, 6436164.878031145781279 ], [ 464105.762808108236641, 6436124.29021271225065 ], [ 464142.928102607489564, 6436101.776450688950717 ], [ 464139.193757566099521, 6436082.191871017217636 ], [ 464136.369998567155562, 6436067.409006274305284 ], [ 464136.856587322137784, 6436037.565370793454349 ], [ 464139.636800284904893, 6435943.290615291334689 ], [ 464132.218310251366347, 6435895.97089553065598 ], [ 464117.499625220196322, 6435808.623235788196325 ], [ 464127.903546014451422, 6435800.813643735833466 ], [ 464133.296273006184492, 6435764.022735883481801 ], [ 464141.714369488181546, 6435740.777006825432181 ], [ 464144.187428699806333, 6435717.885419627651572 ], [ 464132.321467420319095, 6435689.17732709646225 ], [ 464096.936693017196376, 6435654.969386163167655 ], [ 464112.114256887754891, 6435633.967435585334897 ], [ 464113.809056376223452, 6435624.922459154389799 ], [ 464172.183336105488706, 6435539.511139337904751 ], [ 464114.408119504514616, 6435489.63844052888453 ], [ 464041.528224688023329, 6435436.362233615480363 ], [ 463914.725175566389225, 6435400.888793211430311 ], [ 463862.966358181613032, 6435413.048657128587365 ], [ 463858.266109276155476, 6435403.003842062316835 ], [ 463866.488080656912643, 6435362.122979150153697 ], [ 463870.088247328647412, 6435326.995811537839472 ], [ 463887.20889035158325, 6435287.904838050715625 ], [ 463894.965425599832088, 6435266.590784368105233 ], [ 463891.291026840044651, 6435225.828937741927803 ], [ 463877.799894768511876, 6435203.749933449551463 ], [ 463830.817038484325167, 6435195.52498228289187 ], [ 463727.216224360803608, 6435176.20277666952461 ], [ 463729.9193328738329, 6435108.772633107379079 ], [ 463704.929656886379234, 6435089.2817746065557 ], [ 463663.758727984677535, 6435047.414407366886735 ], [ 463639.571983947709668, 6434967.224919917993248 ], [ 463666.467218091653194, 6434891.991785138845444 ], [ 463697.587125907884911, 6434844.98970817681402 ], [ 463711.287512658978812, 6434815.916407849639654 ], [ 463704.528502194792964, 6434785.381605918519199 ], [ 463685.148261892958544, 6434761.163469539955258 ], [ 463682.320802638190798, 6434711.275312534533441 ], [ 463581.92486173985526, 6434618.453947800211608 ], [ 463542.139444670639932, 6434597.71868343744427 ], [ 463536.047161922091618, 6434587.330682765692472 ], [ 463591.997237241535913, 6434570.240573645569384 ], [ 463627.036792504834011, 6434548.287184085696936 ], [ 463692.459995168552268, 6434508.955312327481806 ], [ 463709.495794258022215, 6434486.910631865262985 ], [ 463703.025645458954386, 6434475.835511220619082 ], [ 463698.469865415478125, 6434444.222928517498076 ], [ 463689.390694960253313, 6434433.171593590639532 ], [ 463678.513734931359068, 6434429.54079853463918 ], [ 463658.74850872065872, 6434426.748181642964482 ], [ 463623.224549163191114, 6434402.232202864252031 ], [ 463601.828088011243381, 6434388.899682556279004 ], [ 463576.783893215470016, 6434402.756539524532855 ], [ 463538.134136091684923, 6434401.217142606154084 ], [ 463504.465628498874139, 6434380.236997734755278 ], [ 463484.894500156922732, 6434387.074411096982658 ], [ 463460.908122068562079, 6434399.085192074067891 ], [ 463445.979041218350176, 6434406.147462007589638 ], [ 463421.323623904376291, 6434411.484191195107996 ], [ 463377.488636237685569, 6434430.892556414939463 ], [ 463352.16223588824505, 6434459.5283188149333 ], [ 463339.027380721527152, 6434465.873052209615707 ], [ 463306.869991771527566, 6434478.928604844026268 ], [ 463274.555481902440079, 6434494.769381511956453 ], [ 463233.518061178619973, 6434555.550001158379018 ], [ 463208.095064797613304, 6434567.130219930782914 ], [ 463134.626778909703717, 6434604.629469310864806 ], [ 463090.326766903628595, 6434620.616052690893412 ], [ 463054.172611352405511, 6434653.763143136166036 ], [ 463036.945089063898195, 6434661.037556561641395 ], [ 462989.173014087835327, 6434684.405968395061791 ], [ 462954.058303111232817, 6434701.589212186634541 ], [ 462809.703046133799944, 6434746.523626977577806 ], [ 462731.643342241179198, 6434775.789500531740487 ], [ 462634.714136115508154, 6434823.282148740254343 ], [ 462612.260317507549189, 6434829.494017289020121 ], [ 462580.388387063750997, 6434847.251412468031049 ], [ 462532.728238604380749, 6434875.734860419295728 ], [ 462521.263672726461664, 6434884.928083905950189 ], [ 462474.900627982511651, 6434912.542712151072919 ], [ 462438.226285914250184, 6434931.014534490182996 ], [ 462370.418678965535946, 6434963.353032497689128 ], [ 462339.488121861591935, 6434979.945550071075559 ], [ 462303.836549138242844, 6434997.217612597160041 ], [ 462234.197543639398646, 6435022.917593048885465 ], [ 462162.741282103175763, 6435051.697937147691846 ], [ 462101.58158624538919, 6435087.54086506459862 ], [ 462032.453162049001548, 6435123.171182448975742 ], [ 462021.502843853551894, 6435126.059064474888146 ], [ 462022.592135661805514, 6435128.264370485208929 ], [ 462033.972556434862781, 6435151.314871455542743 ], [ 462040.046621081826743, 6435164.417520659044385 ], [ 462044.811505106976256, 6435174.537573371082544 ], [ 462069.942876109853387, 6435227.931274231523275 ], [ 462128.881028199568391, 6435341.740231207571924 ], [ 462139.004875960643403, 6435361.863561904989183 ], [ 462224.622347613621969, 6435539.408193681389093 ], [ 462226.897858236276079, 6435544.129749872721732 ], [ 462229.565998937410768, 6435549.805118513293564 ], [ 462242.210786325042136, 6435575.750212916173041 ], [ 462245.430203383497428, 6435582.311096121557057 ], [ 462254.534652557980735, 6435600.852194368839264 ], [ 462338.757380913419183, 6435772.377732938155532 ], [ 462344.45193205459509, 6435782.990379608236253 ], [ 462349.714030798524618, 6435793.428975513204932 ], [ 462377.110941402381286, 6435851.980506395921111 ], [ 462394.064167146047112, 6435888.206700247712433 ], [ 462394.997645700641442, 6435890.202027887105942 ], [ 462430.667851786827669, 6435966.445864044129848 ], [ 462440.446413760364521, 6435987.196704786270857 ], [ 462466.67817112011835, 6436043.232376830652356 ], [ 462494.166747913928702, 6436101.850629939697683 ], [ 462519.432704321283381, 6436155.735715784132481 ], [ 462522.792675922450144, 6436162.907870002090931 ], [ 462562.2122056245571, 6436255.629458909854293 ], [ 462590.470440160657745, 6436351.262037852779031 ], [ 462597.399569811183028, 6436387.316015774384141 ], [ 462616.328707068169024, 6436483.637636663392186 ], [ 462650.270383075112477, 6436681.049880818463862 ], [ 462661.389735531643964, 6436741.281373667530715 ], [ 462664.635182664205786, 6436761.598519145511091 ], [ 462666.328503048920538, 6436772.199042028747499 ], [ 462690.711668597592507, 6436913.150449342094362 ], [ 462712.447474439395592, 6436908.482735742814839 ], [ 462755.771229689475149, 6436880.576046541333199 ], [ 462792.623443577438593, 6436869.04177030082792 ], [ 462807.925302989489865, 6436880.901400519534945 ], [ 462821.531206815910991, 6436880.462595891207457 ], [ 462835.216714808659162, 6436872.117877014912665 ], [ 462842.990020035183989, 6436873.782260110601783 ], [ 462851.319332851213403, 6436868.015020774677396 ], [ 462860.042387551337015, 6436870.305221630260348 ], [ 462871.334608616831247, 6436858.987874829210341 ], [ 462884.897856990399305, 6436854.597077268175781 ], [ 462885.598565420485102, 6436844.959543737582862 ], [ 462890.098728078068234, 6436843.570378199219704 ], [ 462893.219994249462616, 6436847.41596229467541 ], [ 462903.266091308614705, 6436839.105394660495222 ], [ 462923.569518383999821, 6436835.654017734341323 ], [ 462925.501919886912219, 6436836.246135768480599 ], [ 462925.08694656228181, 6436831.353259538300335 ], [ 462975.644015377270989, 6436822.287368511781096 ], [ 463043.084414693526924, 6436832.78389820177108 ], [ 463080.305129396088887, 6436860.229366262443364 ], [ 463109.375682801473886, 6436866.384332744404674 ], [ 463160.222855658154003, 6436888.04820672236383 ] ], [ [ 463024.507325421844143, 6436031.42393009737134 ], [ 463040.959065741626546, 6436016.863742000423372 ], [ 463051.425140280276537, 6436019.21614858135581 ], [ 463060.780397762951907, 6436001.047625766135752 ], [ 463088.508161621284671, 6436009.987352825701237 ], [ 463093.803702272824012, 6436017.910292369313538 ], [ 463051.584480557765346, 6436036.394568645395339 ], [ 463027.646615643170662, 6436039.066178621724248 ], [ 463024.507325421844143, 6436031.42393009737134 ] ], [ [ 462453.091780638962518, 6435258.339300780557096 ], [ 462449.538476390356664, 6435262.681681968271732 ], [ 462434.011295618140139, 6435270.254487097263336 ], [ 462431.529602363763843, 6435261.18132730294019 ], [ 462437.213388008298352, 6435253.701297195628285 ], [ 462445.597451131150592, 6435252.185968595556915 ], [ 462453.091780638962518, 6435258.339300780557096 ] ] ] ] } },
{ "type": "Feature", "properties": { "value": 80.2, "POI_CODE": 1 }, "geometry": { "type": "MultiPolygon", "coordinates": [ [ [ [ 460754.078184685960878, 6434006.955228129401803 ], [ 460726.922863273182884, 6433963.543479718267918 ], [ 460744.485751414089464, 6433828.005933987908065 ], [ 460900.137222432298586, 6433716.627929804846644 ], [ 461017.389947009971365, 6433656.670768484473228 ], [ 461304.333239976665936, 6433669.40981487557292 ], [ 461576.289073208463378, 6433626.833498626947403 ], [ 461722.08371191972401, 6433527.783781220205128 ], [ 461915.232467336812988, 6433497.083289205096662 ], [ 461738.323944512172602, 6433134.795656613074243 ], [ 461461.799375973641872, 6432800.194686658680439 ], [ 461453.770657764165662, 6432805.371697956696153 ], [ 461445.649125224968884, 6432811.941384923644364 ], [ 461428.790967758337501, 6432825.587793270125985 ], [ 461416.544440879952163, 6432835.504267275333405 ], [ 461356.220636161742732, 6432884.321289784274995 ], [ 461270.357709734293167, 6432955.633147803135216 ], [ 461251.891926081909332, 6432968.405208729207516 ], [ 461173.45451558282366, 6432873.437105088494718 ], [ 461161.389247478859033, 6432858.835306184366345 ], [ 461157.266727290698327, 6432853.931915586814284 ], [ 461150.348056414630264, 6432845.704402338713408 ], [ 461142.957336114835925, 6432836.913660928606987 ], [ 461130.505856225849129, 6432822.093034286983311 ], [ 461067.243510499945842, 6432746.820065460167825 ], [ 460889.295649629086256, 6432907.623245340771973 ], [ 460868.872797835210804, 6432926.072419376112521 ], [ 460849.935214952623937, 6432936.991588153876364 ], [ 460835.195046080450993, 6432924.922200312837958 ], [ 460800.48832999629667, 6432885.781625692732632 ], [ 460793.274491565069184, 6432877.63556257262826 ], [ 460790.426017931080423, 6432874.423539794050157 ], [ 460770.595227402867749, 6432863.584659134037793 ], [ 460749.873483199276961, 6432870.235216469503939 ], [ 460745.128125164133962, 6432874.100929723121226 ], [ 460722.684215836110525, 6432892.359205265529454 ], [ 460710.387358178792056, 6432902.367443725466728 ], [ 460587.117121004266664, 6433006.240553862415254 ], [ 460574.330758902768139, 6433016.242927014827728 ], [ 460560.275596014107578, 6433027.516048138029873 ], [ 460504.694376309169456, 6433072.101671180687845 ], [ 460432.552423271001317, 6433134.722678382880986 ], [ 460418.711698921513744, 6433150.859802579507232 ], [ 460401.098742733011022, 6433178.3912603398785 ], [ 460320.076888981740922, 6433325.020612601190805 ], [ 460304.487320519401692, 6433343.313314067199826 ], [ 460288.246801860106643, 6433358.483866835013032 ], [ 460278.707454070041422, 6433364.090293568558991 ], [ 460264.389792664325796, 6433372.516764557920396 ], [ 460238.21478346711956, 6433385.604252489283681 ], [ 460213.361113724822644, 6433394.993325012736022 ], [ 460196.072108022228349, 6433400.89997629635036 ], [ 460194.536253067431971, 6433401.427480445243418 ], [ 460183.19096824224107, 6433405.326375915668905 ], [ 460168.472215267713182, 6433404.304306119680405 ], [ 460156.973740721703507, 6433403.506194255314767 ], [ 460130.624177877034526, 6433396.721675043925643 ], [ 460137.510176345997024, 6433405.6937565067783 ], [ 460172.992717156594153, 6433451.935592433437705 ], [ 460214.237999665085226, 6433511.859769696369767 ], [ 460236.420289437111933, 6433538.995084612630308 ], [ 460255.749839624098968, 6433571.993253288790584 ], [ 460262.157240761793219, 6433596.39111652970314 ], [ 460263.924778848653659, 6433603.120795671828091 ], [ 460268.008953164680861, 6433654.497609077952802 ], [ 460268.847514734021388, 6433659.844779719598591 ], [ 460271.514749404974282, 6433676.875722186639905 ], [ 460285.454227464972064, 6433707.645244778133929 ], [ 460293.249353527382482, 6433722.620973272249103 ], [ 460399.849421002087183, 6433920.516803366132081 ], [ 460403.370733823103365, 6433918.399737824685872 ], [ 460514.508333894016687, 6433860.836086521856487 ], [ 460519.753725754912011, 6433858.123073261231184 ], [ 460619.253396108979359, 6434052.320459937676787 ], [ 460632.559589729062282, 6434079.144792662002146 ], [ 460754.078184685960878, 6434006.955228129401803 ] ] ] ] } },
{ "type": "Feature", "properties": { "value": 71.2, "POI_CODE": 1 }, "geometry": { "type": "MultiPolygon", "coordinates": [ [ [ [ 461461.799375973641872, 6432800.194686658680439 ], [ 461738.323944512172602, 6433134.795656613074243 ], [ 461915.232467336812988, 6433497.083289205096662 ], [ 461722.08371191972401, 6433527.783781220205128 ], [ 461576.289073208463378, 6433626.833498626947403 ], [ 461304.333239976665936, 6433669.40981487557292 ], [ 461017.389947009971365, 6433656.670768484473228 ], [ 460900.137222432298586, 6433716.627929804846644 ], [ 460744.485751414089464, 6433828.005933987908065 ], [ 460726.922863273182884, 6433963.543479718267918 ], [ 460754.078184685960878, 6434006.955228129401803 ], [ 460754.078184686368331, 6434006.955228129401803 ], [ 460838.196423104207497, 6434138.702122330665588 ], [ 460937.707552083942574, 6434285.754040654748678 ], [ 460943.176533545833081, 6434293.839501544833183 ], [ 460959.053505951073021, 6434300.164023504592478 ], [ 460971.154898333828896, 6434304.944529193453491 ], [ 461000.858370741829276, 6434311.980045989155769 ], [ 461041.27730241039535, 6434315.503985785879195 ], [ 461059.800451823219191, 6434316.569999006576836 ], [ 461080.21967055182904, 6434317.7511928640306 ], [ 461110.031163077859674, 6434319.553422522731125 ], [ 461123.616770559572615, 6434320.378423873335123 ], [ 461138.395481660147198, 6434321.269777355715632 ], [ 461230.170742427348159, 6434327.023093730211258 ], [ 461233.856634589494206, 6434327.254461613483727 ], [ 461402.705602861591615, 6434367.257405199110508 ], [ 461421.366106268600561, 6434371.574927262030542 ], [ 461522.77929368527839, 6434395.034003150649369 ], [ 461534.696700306667481, 6434397.980854091234505 ], [ 461681.266179456433747, 6434434.213456088677049 ], [ 461722.809683182393201, 6434444.402802883647382 ], [ 461732.467850822024047, 6434446.93770909961313 ], [ 461764.088530731969513, 6434454.717594150453806 ], [ 461792.164835833304096, 6434461.629842285066843 ], [ 461796.567082474706694, 6434462.712187509052455 ], [ 461800.803736333618872, 6434463.76272233389318 ], [ 461809.120017939130776, 6434467.95852242410183 ], [ 461814.087646112544462, 6434473.834269855171442 ], [ 461817.400784990401007, 6434480.772479552775621 ], [ 461822.6372245742823, 6434504.237553054466844 ], [ 461830.84608902229229, 6434540.990559121593833 ], [ 461835.730911865539383, 6434562.889107937924564 ], [ 461841.350413798179943, 6434590.626035638153553 ], [ 461843.402183896570932, 6434600.23739561624825 ], [ 461862.566663337405771, 6434681.444296058267355 ], [ 461872.123988015810028, 6434719.164284424856305 ], [ 461876.10786126711173, 6434733.311027558520436 ], [ 461896.224885872681625, 6434804.388069206848741 ], [ 461897.012962577573489, 6434807.175195782445371 ], [ 461913.066802124551032, 6434860.17597434669733 ], [ 461915.273094815784134, 6434867.458864946849644 ], [ 461920.187687195662875, 6434881.440878854133189 ], [ 461920.897569997701794, 6434883.460503599606454 ], [ 461922.62061868008459, 6434888.354182049632072 ], [ 461931.782706783618778, 6434914.465209542773664 ], [ 461933.38492775458144, 6434919.070559898391366 ], [ 461936.6234404554707, 6434927.523817502893507 ], [ 461943.391794239345472, 6434944.037864241749048 ], [ 461981.27507404750213, 6435036.434525653719902 ], [ 462021.502843853551894, 6435126.059064474888146 ], [ 462032.453162049001548, 6435123.171182448975742 ], [ 462101.58158624538919, 6435087.54086506459862 ], [ 462162.741282103175763, 6435051.697937147691846 ], [ 462234.197543639398646, 6435022.917593048885465 ], [ 462303.836549138242844, 6434997.217612597160041 ], [ 462339.488121861591935, 6434979.945550071075559 ], [ 462370.418678965535946, 6434963.353032497689128 ], [ 462438.226285914250184, 6434931.014534490182996 ], [ 462474.900627982511651, 6434912.542712151072919 ], [ 462521.263672726461664, 6434884.928083905950189 ], [ 462532.728238604380749, 6434875.734860419295728 ], [ 462580.388387063750997, 6434847.251412468031049 ], [ 462612.260317507549189, 6434829.494017289020121 ], [ 462634.714136115508154, 6434823.282148740254343 ], [ 462731.643342241179198, 6434775.789500531740487 ], [ 462809.703046133799944, 6434746.523626977577806 ], [ 462954.058303111232817, 6434701.589212186634541 ], [ 462989.173014087835327, 6434684.405968395061791 ], [ 463036.945089063898195, 6434661.037556561641395 ], [ 463054.172611352405511, 6434653.763143136166036 ], [ 463090.326766903628595, 6434620.616052690893412 ], [ 463134.626778909703717, 6434604.629469310864806 ], [ 463208.095064797613304, 6434567.130219930782914 ], [ 463233.518061178619973, 6434555.550001158379018 ], [ 463274.555481902440079, 6434494.769381511956453 ], [ 463306.869991771527566, 6434478.928604844026268 ], [ 463339.027380721527152, 6434465.873052209615707 ], [ 463352.16223588824505, 6434459.5283188149333 ], [ 463377.488636237685569, 6434430.892556414939463 ], [ 463421.323623904376291, 6434411.484191195107996 ], [ 463445.979041218350176, 6434406.147462007589638 ], [ 463460.908122068562079, 6434399.085192074067891 ], [ 463484.894500156922732, 6434387.074411096982658 ], [ 463504.465628498874139, 6434380.236997734755278 ], [ 463538.134136091684923, 6434401.217142606154084 ], [ 463576.783893215470016, 6434402.756539524532855 ], [ 463601.828088011243381, 6434388.899682556279004 ], [ 463612.445443439530209, 6434355.022054650820792 ], [ 463611.571445134817623, 6434328.475346038118005 ], [ 463622.095727788691875, 6434301.835725562646985 ], [ 463637.360204303171486, 6434246.694285062141716 ], [ 463665.609266895509791, 6434179.532244109548628 ], [ 463678.268644900759682, 6434135.749178770929575 ], [ 463683.627506466931663, 6434048.108902033418417 ], [ 463682.331394429435022, 6434040.627505938522518 ], [ 463675.234799592988566, 6433999.763461363501847 ], [ 463668.207354137324728, 6433967.149118153378367 ], [ 463666.365199114719871, 6433946.400937104597688 ], [ 463674.751287814462557, 6433925.971498809754848 ], [ 463724.176812863908708, 6433851.257438312284648 ], [ 463763.279908005846664, 6433779.989179296419024 ], [ 463807.315609057957772, 6433690.650560393929482 ], [ 463817.157997770002112, 6433660.098531686700881 ], [ 463835.186889051285107, 6433612.314732840284705 ], [ 463854.124110918375663, 6433570.891448362730443 ], [ 463868.388760378700681, 6433541.557612905278802 ], [ 463875.266828379302751, 6433524.560442660935223 ], [ 463880.796245894976892, 6433497.510350964963436 ], [ 463906.106049464084208, 6433458.111668091267347 ], [ 463925.776132570230402, 6433436.177777831442654 ], [ 463964.531381859153043, 6433364.758902725763619 ], [ 463983.392650886380579, 6433306.1460514459759 ], [ 463992.461075455939863, 6433295.553639584220946 ], [ 464004.763782955356874, 6433272.361752395518124 ], [ 464017.554749145172536, 6433262.036414183676243 ], [ 464024.4380760936765, 6433245.495969023555517 ], [ 464032.00463494687574, 6433228.103188966400921 ], [ 464023.356292981712613, 6433225.0748236682266 ], [ 463982.590850458480418, 6433210.846164203248918 ], [ 463888.370629463926889, 6433177.951175480149686 ], [ 463835.41781787580112, 6433159.313992895185947 ], [ 463703.856483918149024, 6433113.278884949162602 ], [ 463643.073203258914873, 6433092.199232754297554 ], [ 463605.480922153044958, 6433079.159074342809618 ], [ 463470.712983019242529, 6433032.414884422905743 ], [ 463381.847353427147027, 6433001.59818191640079 ], [ 463279.892741410934832, 6432966.116318104788661 ], [ 463235.085653982358053, 6432950.930394256487489 ], [ 463121.075221629173029, 6432910.931968179531395 ], [ 463066.883364606415853, 6432891.926674364134669 ], [ 462996.747587567195296, 6432867.948366791941226 ], [ 462947.180843976384494, 6432850.471671210601926 ], [ 462910.477034300158266, 6432837.585631798952818 ], [ 462858.258737355587073, 6432821.459645451046526 ], [ 462848.069897214882076, 6432818.715373138897121 ], [ 462806.233516157080885, 6432809.619144251570106 ], [ 462800.097099299542606, 6432808.284625887870789 ], [ 462770.862641848216299, 6432802.968147956766188 ], [ 462721.310816616751254, 6432796.761754962615669 ], [ 462665.142023372231051, 6432792.165551305748522 ], [ 462610.297805546899326, 6432790.920201515778899 ], [ 462366.79285263660131, 6432788.066749092191458 ], [ 462301.500695267808624, 6432787.981988583691418 ], [ 462280.063908211013768, 6432788.006547432392836 ], [ 462246.835914748138748, 6432788.25417098775506 ], [ 462219.259099477552809, 6432788.459663211368024 ], [ 462196.996877957833931, 6432788.626097468659282 ], [ 462177.397172001888976, 6432788.700598558411002 ], [ 462149.264337341475766, 6432788.811641710810363 ], [ 462073.664574641094077, 6432789.095675424672663 ], [ 462026.72389859019313, 6432788.718451847322285 ], [ 461978.108804186806083, 6432788.012588324025273 ], [ 461927.933054569002707, 6432788.379953486844897 ], [ 461879.95406782918144, 6432788.738084811717272 ], [ 461828.390647861117031, 6432789.119967322796583 ], [ 461816.100982499425299, 6432789.092877894639969 ], [ 461786.448731544078328, 6432789.031749514862895 ], [ 461740.999030687380582, 6432788.955355829559267 ], [ 461735.760771735862363, 6432788.949943402782083 ], [ 461686.367170421639457, 6432788.978820678777993 ], [ 461682.558131720114034, 6432788.982015390880406 ], [ 461628.568512715515681, 6432788.855357928201556 ], [ 461615.84176060691243, 6432788.821957080624998 ], [ 461587.278791003336664, 6432789.041311339475214 ], [ 461568.949275329185184, 6432789.173372440040112 ], [ 461508.0850447564153, 6432788.992126680910587 ], [ 461481.481158471433446, 6432790.885711967013776 ], [ 461461.799375973874703, 6432800.194686658680439 ], [ 461461.799375973641872, 6432800.194686658680439 ] ] ] ] } },
{ "type": "Feature", "properties": { "value": 88.5, "POI_CODE": 1 }, "geometry": { "type": "MultiPolygon", "coordinates": [ [ [ [ 459732.55475465033669, 6430102.070368961431086 ], [ 459732.554754649987444, 6430102.070368961431086 ], [ 459666.699227547564078, 6430086.065079942345619 ], [ 459542.198019483417738, 6430205.416107911616564 ], [ 459439.772453338722698, 6430313.472680274397135 ], [ 459332.866256242443342, 6430344.081954712048173 ], [ 459233.637785425235052, 6430402.291448366828263 ], [ 459179.187183884205297, 6430500.634918048046529 ], [ 459101.600393555592746, 6430685.926442708820105 ], [ 459002.7975615124451, 6430925.842948424629867 ], [ 459006.251373687817249, 6430929.562337861396372 ], [ 459042.49400482524652, 6431208.995953012257814 ], [ 459065.981122960802168, 6431329.77596543263644 ], [ 459188.397948603320401, 6431552.789680242538452 ], [ 459295.797768208838534, 6431831.45434700883925 ], [ 459416.013109690451529, 6431950.121450097300112 ], [ 459515.922901158570312, 6432041.242921397089958 ], [ 459497.559602284047287, 6432082.155761989764869 ], [ 459497.55960228422191, 6432082.155761991627514 ], [ 459497.559602284396533, 6432082.155761991627514 ], [ 459503.45798620156711, 6432090.067932227626443 ], [ 459511.015148809412494, 6432097.8853341024369 ], [ 459516.987961743376218, 6432108.480100274085999 ], [ 459530.070591928437352, 6432115.996511744335294 ], [ 459534.171095276367851, 6432117.29100994206965 ], [ 459542.445720254443586, 6432121.315578395500779 ], [ 459559.285850285901688, 6432126.600546346046031 ], [ 459559.10212078114273, 6432100.904777302406728 ], [ 459598.018989616713952, 6431979.91144005022943 ], [ 459783.816900868434459, 6431875.904982884414494 ], [ 459925.184008267417084, 6431776.791347617283463 ], [ 459843.32336896576453, 6431599.988410838879645 ], [ 459965.74813037738204, 6431385.596394618041813 ], [ 459972.106800340989139, 6431132.388425289653242 ], [ 459947.676621764607262, 6430915.005602254532278 ], [ 460163.158680024498608, 6430433.823826697655022 ], [ 459831.580294835963286, 6430212.131423604674637 ], [ 459732.55475465033669, 6430102.070368961431086 ] ] ] ] } },
{ "type": "Feature", "properties": { "value": 95.2, "POI_CODE": 1 }, "geometry": { "type": "MultiPolygon", "coordinates": [ [ [ [ 459002.7975615124451, 6430925.842948424629867 ], [ 459101.600393555592746, 6430685.926442708820105 ], [ 459179.187183884205297, 6430500.634918048046529 ], [ 459233.637785425235052, 6430402.291448366828263 ], [ 459332.866256242443342, 6430344.081954712048173 ], [ 459439.772453338722698, 6430313.472680274397135 ], [ 459542.198019483417738, 6430205.416107911616564 ], [ 459666.699227547564078, 6430086.065079942345619 ], [ 459732.554754649987444, 6430102.070368961431086 ], [ 459732.55475465033669, 6430102.070368961431086 ], [ 459748.483176614332478, 6429695.408188628964126 ], [ 459726.940742511942517, 6429581.703455198556185 ], [ 459716.887925474438816, 6429581.313775653019547 ], [ 459726.940742512466386, 6429581.703455198556185 ], [ 459723.517131159896962, 6429567.143453096970916 ], [ 459713.285673271107953, 6429523.630906541831791 ], [ 459691.620178655721247, 6429467.644607240334153 ], [ 459677.325845909770578, 6429440.365024994127452 ], [ 459641.075113547558431, 6429440.463506164029241 ], [ 459626.373053955903742, 6429440.503446765244007 ], [ 459619.232910898223054, 6429440.522844156250358 ], [ 459579.543260489474051, 6429440.63066772185266 ], [ 459541.522339898743667, 6429442.552277124486864 ], [ 459452.526575886353385, 6429454.979179156944156 ], [ 459442.123523120244499, 6429456.431806920096278 ], [ 459296.342706915631425, 6429482.800133121199906 ], [ 459256.628520047466736, 6429488.449389692395926 ], [ 459195.457657913502771, 6429499.718330983072519 ], [ 459171.972619208041579, 6429506.393951261416078 ], [ 459163.671482399222441, 6429509.585271286778152 ], [ 459144.996727977180853, 6429516.74629176594317 ], [ 459082.596425657335203, 6429544.663948623463511 ], [ 459067.284651041321922, 6429551.79087227024138 ], [ 459074.501722044253256, 6429566.825904131866992 ], [ 459079.967983533337247, 6429576.545643203891814 ], [ 459087.319108195311856, 6429589.675386637449265 ], [ 459093.688763696118258, 6429601.044872142374516 ], [ 459104.529185494000558, 6429621.899386751465499 ], [ 459116.772439736640081, 6429648.740861628204584 ], [ 459128.519040075538214, 6429672.692582685500383 ], [ 459130.100525577377994, 6429675.916424969211221 ], [ 459133.39511229674099, 6429683.097616852261126 ], [ 459140.286452758125961, 6429698.113829706795514 ], [ 459147.504462596902158, 6429712.714748268947005 ], [ 459151.90411616343772, 6429721.621571565046906 ], [ 459157.252495901659131, 6429737.188039000146091 ], [ 459163.729066411440726, 6429756.740126546472311 ], [ 459167.982396234059706, 6429772.150797517970204 ], [ 459171.055251311918255, 6429785.981364914216101 ], [ 459172.924784183269367, 6429797.152048847638071 ], [ 459173.694222959282342, 6429807.086961102671921 ], [ 459174.822581939224619, 6429819.178224986419082 ], [ 459174.549886254768353, 6429833.544046488590539 ], [ 459174.625030008086469, 6429840.891806501895189 ], [ 459173.396515705564525, 6429855.991122397594154 ], [ 459173.138838308339473, 6429859.111315356567502 ], [ 459170.359060543065425, 6429881.441417627036572 ], [ 459167.160508934641257, 6429896.338204112835228 ], [ 459164.145256570307538, 6429904.886661423370242 ], [ 459161.09450117329834, 6429915.740250633098185 ], [ 459158.665431638073642, 6429924.394057204015553 ], [ 459155.977477814885788, 6429932.003905527293682 ], [ 459153.134656216891017, 6429940.071840172633529 ], [ 459142.166127020027488, 6429964.913009474053979 ], [ 459140.543137130851392, 6429968.592752893455327 ], [ 459137.535453741787933, 6429975.560107737779617 ], [ 459131.064238778839353, 6429990.568369197659194 ], [ 459114.136387813312467, 6430033.619286388158798 ], [ 459110.600127688900102, 6430042.629625187255442 ], [ 459087.372414369718172, 6430102.914050591178238 ], [ 459073.376133451529313, 6430136.114800316281617 ], [ 459065.806858275900595, 6430154.062716737389565 ], [ 459062.372384446731303, 6430162.604425025172532 ], [ 459061.484794816584326, 6430164.79582046251744 ], [ 459053.598870748712216, 6430185.853436291217804 ], [ 459049.025370095914695, 6430197.992036555893719 ], [ 459045.328418581630103, 6430207.438319768756628 ], [ 459041.884618435869925, 6430216.213960368186235 ], [ 459039.48538899194682, 6430221.972665425390005 ], [ 459028.893543101323303, 6430249.972409256733954 ], [ 459023.236311565211508, 6430260.719264193437994 ], [ 459013.420226228656247, 6430265.262574802152812 ], [ 459008.972943172673695, 6430273.558648323640227 ], [ 459003.95874563313555, 6430283.040769645012915 ], [ 458976.681627687998116, 6430334.248628820292652 ], [ 458959.64408182160696, 6430367.46993893571198 ], [ 458953.58890633599367, 6430379.13399175927043 ], [ 458940.597395801101811, 6430401.235300880856812 ], [ 458940.597395800985396, 6430401.235300880856812 ], [ 458940.597395801160019, 6430401.235300881788135 ], [ 458927.659379834891297, 6430427.336957335472107 ], [ 458904.34258681134088, 6430432.019045959226787 ], [ 458876.744774275575764, 6430561.121314917691052 ], [ 458851.005391547863837, 6430762.378878922201693 ], [ 459002.7975615124451, 6430925.842948424629867 ] ] ] ] } },
{ "type": "Feature", "properties": { "value": 90.0, "POI_CODE": 1 }, "geometry": { "type": "MultiPolygon", "coordinates": [ [ [ [ 461079.070718820148613, 6428850.934389455243945 ], [ 461079.070718819333706, 6428850.934389455243945 ], [ 460924.420054380025249, 6428779.405375055968761 ], [ 460815.197169607679825, 6428673.418466616421938 ], [ 460794.548469502304215, 6428642.241763557307422 ], [ 460745.218988936510868, 6428609.500854286365211 ], [ 460770.199396249139681, 6428555.03114038426429 ], [ 460770.199396248732228, 6428555.031140383332968 ], [ 460765.948477775265928, 6428562.220959247089922 ], [ 460746.239842972077895, 6428556.346562311053276 ], [ 460733.817557147878688, 6428547.772981056943536 ], [ 460703.288100375037175, 6428526.673604804091156 ], [ 460672.932473082852084, 6428504.648619944229722 ], [ 460665.140725052740891, 6428501.062247806228697 ], [ 460659.288903282489628, 6428499.360704838298261 ], [ 460650.500452896056231, 6428497.821710952557623 ], [ 460599.615207872062456, 6428497.087499234825373 ], [ 460582.821109884942416, 6428501.450751271098852 ], [ 460513.148280002642423, 6428542.622433640994132 ], [ 460457.044800841948017, 6428580.844059560447931 ], [ 460422.654519409523346, 6428602.784798593260348 ], [ 460319.93461114942329, 6428667.357331251725554 ], [ 460313.444445570756216, 6428671.608232159167528 ], [ 460258.059374609088991, 6428706.206998239271343 ], [ 460216.425845204968937, 6428723.623261434957385 ], [ 460175.864960760867689, 6428727.634972563944757 ], [ 460136.51752222183859, 6428727.05887770280242 ], [ 460095.971537773613818, 6428719.536346083506942 ], [ 459994.238619177252986, 6428700.657556240446866 ], [ 459950.673120831372216, 6428696.273151149973273 ], [ 459934.756180739263073, 6428694.818361321464181 ], [ 459928.88214168039849, 6428694.44306667894125 ], [ 459815.376928918529302, 6428687.255270616151392 ], [ 459800.836756438133307, 6428686.332730650901794 ], [ 459762.021958166791592, 6428686.456404966302216 ], [ 459745.431401640875265, 6428690.910224534571171 ], [ 459731.008037416264415, 6428697.468872288241982 ], [ 459706.296410372771788, 6428710.856357186101377 ], [ 459693.075523840205278, 6428718.226934706792235 ], [ 459683.312130860635079, 6428721.999739692546427 ], [ 459672.593502812902443, 6428724.256843546405435 ], [ 459660.580613441066816, 6428725.380237617529929 ], [ 459649.134922850120347, 6428724.716481328010559 ], [ 459619.167824213393033, 6428717.592936703003943 ], [ 459602.567957594350446, 6428712.917486794292927 ], [ 459590.691193164559081, 6428707.047499410808086 ], [ 459577.680835734354332, 6428696.067334827966988 ], [ 459563.852981909411028, 6428679.673182295635343 ], [ 459542.423336652165744, 6428650.51846110727638 ], [ 459529.607433463272173, 6428633.089835416525602 ], [ 459519.851957327744458, 6428641.149587409570813 ], [ 459515.264387560018804, 6428645.226634531281888 ], [ 459480.790613834571559, 6428675.872145268134773 ], [ 459468.338045711978339, 6428684.360219711437821 ], [ 459408.45025810826337, 6428742.286856696940958 ], [ 459394.410757695732173, 6428758.039602140896022 ], [ 459394.410757695150096, 6428758.0396021399647 ], [ 459394.410757695382927, 6428758.039602140896022 ], [ 459383.668035070761107, 6428784.04500831477344 ], [ 459385.653807186579797, 6428815.131885096430779 ], [ 459395.889689181873109, 6428850.860233457759023 ], [ 459408.830648440110963, 6428865.203543501906097 ], [ 459438.364970858965535, 6428898.461649115197361 ], [ 459449.927715160185471, 6428911.861026152037084 ], [ 459481.355800147925038, 6428951.223971422761679 ], [ 459494.835625662992243, 6428974.157087636180222 ], [ 459506.918813276221044, 6428996.948532851412892 ], [ 459519.632128013530746, 6429023.018187164328992 ], [ 459537.183509969443548, 6429066.875692524015903 ], [ 459550.534528047603089, 6429115.674827287904918 ], [ 459556.490826315421145, 6429139.387908964417875 ], [ 459578.731716852285899, 6429227.932845793664455 ], [ 459586.832875266496558, 6429255.118273969739676 ], [ 459637.375198836904019, 6429427.82093143183738 ], [ 459641.075113547558431, 6429440.463506164029241 ], [ 459677.325845909770578, 6429440.365024994127452 ], [ 459670.858583084598649, 6429428.022775007411838 ], [ 459795.53167321201181, 6429428.77432575263083 ], [ 459856.070007887319662, 6429431.349529801867902 ], [ 459943.593705840117764, 6429433.120386201888323 ], [ 459989.308997730142437, 6429436.959760474041104 ], [ 460102.201882238849066, 6429444.781835369765759 ], [ 460143.798633101047017, 6429448.764340054243803 ], [ 460149.496352993242908, 6429449.353243125602603 ], [ 460235.163761041709222, 6429458.274826746433973 ], [ 460261.199875604361296, 6429461.867991441860795 ], [ 460283.515099505602848, 6429464.551940591074526 ], [ 460320.674291633127723, 6429467.511556495912373 ], [ 460557.139347292657476, 6429486.456828517839313 ], [ 460723.490140386333223, 6429499.769930792972445 ], [ 460755.112179382180329, 6429502.298157930374146 ], [ 460778.095609830808826, 6429504.477262278087437 ], [ 460850.169414073170628, 6429511.318758809007704 ], [ 460911.789592704793904, 6429517.172747557982802 ], [ 460920.089594227611087, 6429517.959951750934124 ], [ 461019.627282615634613, 6429530.737436231225729 ], [ 461154.93701077089645, 6429548.10156773775816 ], [ 461237.947709331812803, 6429559.65355615876615 ], [ 461259.564628013642505, 6429562.383125931024551 ], [ 461316.468039978761226, 6429569.580663059838116 ], [ 461336.670010100293439, 6429567.803936093114316 ], [ 461340.424609075416811, 6429566.743245075456798 ], [ 461345.906135595578235, 6429565.187073252163827 ], [ 461349.933540568861645, 6429563.611583850346506 ], [ 461358.4761603482184, 6429559.565172294154763 ], [ 461367.863109877798706, 6429558.483399173244834 ], [ 461377.108298736158758, 6429560.464881944470108 ], [ 461385.222729668545071, 6429565.30763806309551 ], [ 461390.424300790007692, 6429571.47012824844569 ], [ 461398.135646289738361, 6429576.194333870895207 ], [ 461405.665170632884838, 6429581.065054411999881 ], [ 461430.656549524108414, 6429586.847057825885713 ], [ 461445.347385050321463, 6429588.764620089903474 ], [ 461445.347385050845332, 6429588.764620088972151 ], [ 461461.548162854916882, 6429500.404474566690624 ], [ 461330.661209075828083, 6429315.058095380663872 ], [ 460949.320334142947104, 6429241.011919510550797 ], [ 460986.061420447193086, 6428900.723115313798189 ], [ 461079.070718819682952, 6428850.934389456175268 ], [ 461079.070718820148613, 6428850.934389455243945 ] ] ] ] } },
{ "type": "Feature", "properties": { "value": 99.0, "POI_CODE": 1 }, "geometry": { "type": "MultiPolygon", "coordinates": [ [ [ [ 471917.470069293573033, 6445078.85418932698667 ], [ 471601.954254840966314, 6444587.637466920539737 ], [ 471785.95437546033645, 6444431.897159748710692 ], [ 471506.420207032118924, 6444040.186929367482662 ], [ 471429.150546514429152, 6444102.181926065124571 ], [ 471301.332994689873885, 6444209.477150848135352 ], [ 471278.154336672509089, 6444210.802620185539126 ], [ 471237.268914734013379, 6444204.729850270785391 ], [ 471189.552758740377612, 6444254.655186659656465 ], [ 471203.554203414940275, 6444263.471954403445125 ], [ 471216.010128112160601, 6444273.535840320400894 ], [ 471234.683041609008797, 6444291.604588148184121 ], [ 471256.2112428258406, 6444320.207751648500562 ], [ 471228.518536179908551, 6444341.251029081642628 ], [ 471163.407775076339021, 6444390.757186952978373 ], [ 471120.713954344100785, 6444423.222278827801347 ], [ 471132.285609748854768, 6444438.848179751075804 ], [ 471133.059281638124958, 6444440.791000337339938 ], [ 471133.148444799182471, 6444442.527250773273408 ], [ 471132.766432077740319, 6444444.244657869450748 ], [ 471126.935740356508177, 6444458.605319899506867 ], [ 471107.999602683354169, 6444472.304195886477828 ], [ 471077.844561717589386, 6444486.463400579057634 ], [ 471026.586260862357449, 6444510.140398655086756 ], [ 471003.114821746014059, 6444518.695574113167822 ], [ 471018.886826694826595, 6444541.872716919519007 ], [ 471224.037188544461969, 6444814.120689080096781 ], [ 471214.471392329316586, 6444825.669137520715594 ], [ 470991.735314404475503, 6445031.553844820708036 ], [ 470977.349741236888804, 6445043.984275095164776 ], [ 470956.925958314153831, 6445024.470995557494462 ], [ 470907.50581872969633, 6444973.360371548682451 ], [ 470800.386340141121764, 6444878.650442798621953 ], [ 470699.419851926330011, 6444806.254998613148928 ], [ 470681.766497381497175, 6444797.110680907033384 ], [ 470615.70090936019551, 6444753.842411966994405 ], [ 470587.072517555032391, 6444738.310887733474374 ], [ 470572.210485658899415, 6444726.941850549541414 ], [ 470547.932246667740401, 6444714.52929079066962 ], [ 470536.120734259020537, 6444708.047852836549282 ], [ 470527.212406684178859, 6444696.890896894969046 ], [ 470482.555841913912445, 6444673.273353438824415 ], [ 470473.694105110072996, 6444670.789545361883938 ], [ 470465.91165441571502, 6444667.763299083337188 ], [ 470463.298376860795543, 6444663.919240511022508 ], [ 470460.962013190612197, 6444655.352313352748752 ], [ 470432.860752815147862, 6444641.209717178717256 ], [ 470395.454482700733934, 6444618.875250295735896 ], [ 470367.923042091191746, 6444609.360601174645126 ], [ 470349.003822299069725, 6444605.170684778131545 ], [ 470323.383317359257489, 6444600.852783407084644 ], [ 470301.181521165475715, 6444598.624938467517495 ], [ 470260.793726135161705, 6444603.659110439941287 ], [ 470239.185706542455591, 6444606.816018098033965 ], [ 470214.151612041692715, 6444607.694000886753201 ], [ 470145.374258444062434, 6444601.118067138828337 ], [ 470124.762048758217134, 6444598.890392351895571 ], [ 470113.166109958547167, 6444593.811464516445994 ], [ 470104.802548213338014, 6444587.951125727966428 ], [ 470078.302263921243139, 6444577.885147504508495 ], [ 470064.900996886659414, 6444573.899959071539342 ], [ 470051.390998494171072, 6444572.676866958849132 ], [ 470031.509211359953042, 6444561.937791533768177 ], [ 470011.022849169559777, 6444547.562562199309468 ], [ 469983.662367891287431, 6444531.257532542571425 ], [ 469968.01539182360284, 6444523.871503970585763 ], [ 469951.249585094803479, 6444519.589253254234791 ], [ 469940.230142394255381, 6444518.392230536788702 ], [ 469903.531214424176142, 6444517.668102155439556 ], [ 469798.96010801603552, 6444521.301080519333482 ], [ 469766.560667625279166, 6444523.072944842278957 ], [ 469763.389781134377699, 6444525.746977499686182 ], [ 469757.095772347762249, 6444526.540878525003791 ], [ 469750.879262130591087, 6444525.140800141729414 ], [ 469740.682400231482461, 6444522.178892595693469 ], [ 469720.093099276826251, 6444523.816637204959989 ], [ 469701.127143942227121, 6444528.314677955582738 ], [ 469690.352296394761652, 6444529.08720129262656 ], [ 469661.274671141931321, 6444533.295192088000476 ], [ 469560.858352277777158, 6444556.565374518744648 ], [ 469417.693494893203024, 6444589.252417420968413 ], [ 469407.361448923998978, 6444590.155909310095012 ], [ 469381.565788181324024, 6444595.353871943429112 ], [ 469342.843500252463855, 6444600.930116901174188 ], [ 469297.614141178608406, 6444613.972297284752131 ], [ 469289.32060968677979, 6444581.536214548163116 ], [ 469274.163298623228911, 6444536.371389335952699 ], [ 469269.873658220225479, 6444517.688290250487626 ], [ 469266.101887808588799, 6444497.453559618443251 ], [ 469265.033074063248932, 6444491.727810426615179 ], [ 469376.906167616660241, 6444448.431909468024969 ], [ 469403.757222145970445, 6444431.067453280091286 ], [ 469432.080317949643359, 6444393.784236091189086 ], [ 469443.76841062749736, 6444347.888971178792417 ], [ 469444.429299141338561, 6444263.877770847640932 ], [ 469447.99077604879858, 6443980.489862062036991 ], [ 469450.424889982910827, 6443662.194518723525107 ], [ 469450.756621287844609, 6443618.791633668355644 ], [ 469452.410401477478445, 6443608.691513205878437 ], [ 469430.193320159974974, 6443603.740763397887349 ], [ 469412.413147667015437, 6443599.858240709640086 ], [ 469079.237115169875324, 6443527.037848324514925 ], [ 469019.460842207015958, 6443506.037148364819586 ], [ 468979.29845520114759, 6443481.599618178792298 ], [ 468909.865687034791335, 6443437.717626065015793 ], [ 468860.563831876846962, 6443408.342504700645804 ], [ 468840.566720313683618, 6443389.315374023281038 ], [ 468821.580948500195518, 6443363.34391472954303 ], [ 468806.016706517781131, 6443333.604651428759098 ], [ 468716.572046764253173, 6442944.851190188899636 ], [ 468702.077909953193739, 6442877.025583217851818 ], [ 468700.255341652780771, 6442868.489017668180168 ], [ 468698.855606009135954, 6442860.539225006476045 ], [ 468694.662257314368617, 6442836.689804010093212 ], [ 468683.23497564898571, 6442771.679282562807202 ], [ 468678.305546456074808, 6442752.367222322151065 ], [ 468667.088616266613826, 6442729.040822352282703 ], [ 468651.521933877433185, 6442712.885662762448192 ], [ 468568.617041469726246, 6442660.709609262645245 ], [ 468485.948726771923248, 6442605.215453308075666 ], [ 468366.219600293843541, 6442529.119261420331895 ], [ 468282.071426676004194, 6442486.723544617183506 ], [ 468235.995123270666227, 6442470.123279303312302 ], [ 468184.786728145903908, 6442455.228302991017699 ], [ 468310.311129670473747, 6442712.078183200210333 ], [ 468330.428281156753656, 6442808.479714097455144 ], [ 468428.488373214378953, 6442893.441311462782323 ], [ 468428.488373214902822, 6442893.441311463713646 ], [ 468428.488373214728199, 6442893.441311462782323 ], [ 468430.014902911090758, 6442894.251565855927765 ], [ 468450.499144837318454, 6442905.124231512658298 ], [ 468477.187034192087594, 6442933.927690317854285 ], [ 468493.27935599378543, 6442944.332849374972284 ], [ 468499.687477864674293, 6442966.561217560432851 ], [ 468508.407898218196351, 6442992.935393455438316 ], [ 468489.260316134954337, 6443016.89171695150435 ], [ 468494.64533303945791, 6443029.69767683185637 ], [ 468504.532673447974958, 6443037.59125502128154 ], [ 468531.363279768265784, 6443039.950642981566489 ], [ 468556.715078891022131, 6443031.844802355393767 ], [ 468563.813666893402115, 6443020.053383777849376 ], [ 468540.387869922269601, 6443017.744756400585175 ], [ 468538.586760546546429, 6443006.747472315095365 ], [ 468553.718462677497882, 6443000.025225006043911 ], [ 468570.194039273657836, 6442997.879621377214789 ], [ 468591.009392107545864, 6442985.879579314962029 ], [ 468595.300910485908389, 6442975.880716673098505 ], [ 468590.178265664842911, 6442959.72121156193316 ], [ 468600.497580883908086, 6442954.451206988655031 ], [ 468615.750126069586258, 6442957.025147122330964 ], [ 468613.757647142279893, 6442982.927468933165073 ], [ 468607.448504311672878, 6443011.914612990804017 ], [ 468597.203889727417845, 6443019.165866052731872 ], [ 468581.370463932689745, 6443021.317415265366435 ], [ 468596.645999739295803, 6443027.576457330957055 ], [ 468607.677449470444117, 6443040.894648350775242 ], [ 468608.451812144718133, 6443059.883163042366505 ], [ 468592.315789203043096, 6443072.169016716070473 ], [ 468599.304946046322584, 6443084.539343370124698 ], [ 468625.219017125316896, 6443088.732582679018378 ], [ 468648.922061906603631, 6443086.674983548931777 ], [ 468649.634677397029009, 6443107.567909212782979 ], [ 468672.957661744847428, 6443130.531584003008902 ], [ 468670.654503873491194, 6443150.680043637752533 ], [ 468673.023699332028627, 6443174.020530540496111 ], [ 468675.941667539998889, 6443195.998343073762953 ], [ 468682.780662326666061, 6443214.037211880087852 ], [ 468675.350882133061532, 6443231.631855173036456 ], [ 468665.72854524088325, 6443238.566280448809266 ], [ 468652.289221326704137, 6443236.490018741227686 ], [ 468642.213693512836471, 6443223.308905747719109 ], [ 468630.371322559716646, 6443227.310423008166254 ], [ 468623.010273850348312, 6443243.880294901318848 ], [ 468616.012113310105633, 6443249.714120306074619 ], [ 468605.777436503150966, 6443274.545899429358542 ], [ 468610.968380779901054, 6443291.951897563412786 ], [ 468598.809931281663012, 6443301.389411025680602 ], [ 468585.095615318219643, 6443303.991840532980859 ], [ 468568.573043584299739, 6443305.993026589974761 ], [ 468561.971473183250055, 6443315.030410846695304 ], [ 468562.817477499018423, 6443328.16186330281198 ], [ 468573.016184763226192, 6443330.853553744964302 ], [ 468590.529561389703304, 6443337.974450041539967 ], [ 468584.880230717360973, 6443355.711074342951179 ], [ 468574.998868588008918, 6443368.55993960890919 ], [ 468574.976557308109477, 6443382.121355778537691 ], [ 468582.058594025904313, 6443387.676895696669817 ], [ 468588.146986126841512, 6443400.154531783424318 ], [ 468587.074005025671795, 6443423.85621580388397 ], [ 468572.109930547710974, 6443437.424455889500678 ], [ 468568.746255446458235, 6443449.241995953023434 ], [ 468575.747789539804216, 6443463.248885077424347 ], [ 468589.318963291065302, 6443475.388995804823935 ], [ 468586.562103606353048, 6443501.386470772325993 ], [ 468579.552390177501366, 6443518.354484241455793 ], [ 468581.481333524512593, 6443549.28068536799401 ], [ 468591.22107470582705, 6443566.995846636593342 ], [ 468599.80803147261031, 6443638.564290905371308 ], [ 468615.626001584110782, 6443672.041791715659201 ], [ 468615.982507136592176, 6443691.078160538338125 ], [ 468625.52889683766989, 6443700.032452668063343 ], [ 468633.135377519472968, 6443710.928270100615919 ], [ 468641.698848840664141, 6443744.585631841793656 ], [ 468648.638577828998677, 6443744.141168311238289 ], [ 468655.857548907282762, 6443761.174935034476221 ], [ 468646.132306202838663, 6443768.332919863983989 ], [ 468664.072467198071536, 6443829.07222737185657 ], [ 468676.542555302323308, 6443841.421723982319236 ], [ 468697.209735696029384, 6443876.1639912603423 ], [ 468692.04020114033483, 6443918.870323460549116 ], [ 468701.639309258142021, 6443939.837994110770524 ], [ 468696.198166209447663, 6443950.31345266290009 ], [ 468682.612090984010138, 6443959.194153387099504 ], [ 468667.834949502663221, 6443982.057502783834934 ], [ 468643.023030173964798, 6444066.760581716895103 ], [ 468516.011129146965686, 6444175.921280635520816 ], [ 468482.657310834096279, 6444239.538475195877254 ], [ 468452.223460059962235, 6444371.885482757352293 ], [ 468398.732324487005826, 6444489.90850312076509 ], [ 468416.739584581169765, 6444530.115047257393599 ], [ 468418.73992132168496, 6444590.634951568208635 ], [ 468389.887891390884761, 6444648.872878650203347 ], [ 468396.521757909795269, 6444720.434287299402058 ], [ 468435.646111996960826, 6444810.921303960494697 ], [ 468524.090272064437158, 6444875.787714722566307 ], [ 468512.202900379314087, 6444906.144299580715597 ], [ 468558.143228616681881, 6444964.289714368991554 ], [ 468563.852703492506407, 6444958.933570325374603 ], [ 468585.22958792722784, 6444938.85672183893621 ], [ 468613.522282621182967, 6444938.632999109104276 ], [ 468661.348939005169086, 6444963.00625404715538 ], [ 468701.065034944214858, 6444983.23532937746495 ], [ 468737.317001973802689, 6445001.710622215643525 ], [ 468791.931106825359166, 6445086.144702569581568 ], [ 468801.257649757899344, 6445100.556803368963301 ], [ 468838.452814258169383, 6445204.156490602530539 ], [ 468925.171701378538273, 6445344.645396268926561 ], [ 468935.542549168283585, 6445407.649734706617892 ], [ 468914.151980156137142, 6445450.683228102512658 ], [ 468886.687304109858815, 6445492.250209729187191 ], [ 468870.033387252187822, 6445623.495312738232315 ], [ 468894.342257488868199, 6445695.420016958378255 ], [ 468956.845652677235194, 6445741.827393584884703 ], [ 468987.066693266970105, 6445729.989513723179698 ], [ 469046.429306838195771, 6445587.422402280382812 ], [ 469074.372241422650404, 6445533.070924905128777 ], [ 469112.95101580908522, 6445515.557378111407161 ], [ 469146.543946994643193, 6445506.333276204764843 ], [ 469168.96197617019061, 6445514.977283577434719 ], [ 469207.009226868569385, 6445521.451502464711666 ], [ 469232.48514673038153, 6445504.664277679286897 ], [ 469260.868127435853239, 6445441.358978483825922 ], [ 469306.89267162734177, 6445406.776894392445683 ], [ 469330.27946489455644, 6445360.200659222900867 ], [ 469385.624819937162101, 6445329.51123577915132 ], [ 469414.073288165440317, 6445333.066421619616449 ], [ 469442.391759058402386, 6445341.154360638000071 ], [ 469472.748294435266871, 6445331.81321164406836 ], [ 469503.685043302655686, 6445320.586189467459917 ], [ 469511.961799013603013, 6445325.187783256173134 ], [ 469510.487716401868965, 6445329.474568424746394 ], [ 469482.221877051342744, 6445336.650490527972579 ], [ 469471.640884372580331, 6445347.799055152572691 ], [ 469461.411068763642106, 6445352.554015781730413 ], [ 469457.408449796144851, 6445364.075120598077774 ], [ 469436.057635570119601, 6445377.856336490251124 ], [ 469413.878597581991926, 6445382.681155353784561 ], [ 469397.717316977330483, 6445388.472908375784755 ], [ 469380.66535601898795, 6445402.421707032248378 ], [ 469365.456700616865419, 6445408.829752162098885 ], [ 469350.615585037798155, 6445422.427603560499847 ], [ 469329.756176761409733, 6445458.58501260727644 ], [ 469303.42109950678423, 6445512.042623267509043 ], [ 469272.644251346588135, 6445551.272094390355051 ], [ 469232.827277833246626, 6445585.272058414295316 ], [ 469169.632853408926167, 6445624.107932716608047 ], [ 469153.070289637835231, 6445637.931457942351699 ], [ 469152.84943761152681, 6445647.385975222103298 ], [ 469152.314499075524509, 6445670.203783419914544 ], [ 469160.124217651144136, 6445733.685087455436587 ], [ 469180.82393230200978, 6445790.319089430384338 ], [ 469199.431201811530627, 6445833.753322490490973 ], [ 469224.843836695887148, 6445866.011967860162258 ], [ 469259.824676092539448, 6445899.555021137930453 ], [ 469328.073813879862428, 6445925.002822268754244 ], [ 469455.421974540455267, 6445965.829207210801542 ], [ 469689.386799320054706, 6446004.307620416395366 ], [ 469839.702036207658239, 6446008.195270852185786 ], [ 470024.208308020723052, 6446023.186972144059837 ], [ 470194.632167757779825, 6446014.34367838408798 ], [ 470415.924256795609836, 6446051.76864358317107 ], [ 470658.574493699183222, 6446077.769223080947995 ], [ 470808.849705180618912, 6446072.808895093388855 ], [ 470833.982948560791556, 6446056.234899163246155 ], [ 470930.911725899728481, 6446012.669140209443867 ], [ 470970.961005126999225, 6445963.208341781049967 ], [ 470975.853998694103211, 6445941.739626074209809 ], [ 471003.243347193463705, 6445887.339189409278333 ], [ 471071.241482108947821, 6445862.9606713661924 ], [ 471097.159461624920368, 6445867.336818548850715 ], [ 471162.148538193607237, 6445878.298782104626298 ], [ 471208.766751057177316, 6445840.46113741863519 ], [ 471285.648411333735567, 6445818.471371776424348 ], [ 471346.980863901029807, 6445741.125815341249108 ], [ 471508.135484166967217, 6445670.6346854288131 ], [ 471680.853885083924979, 6445448.779318478889763 ], [ 471716.69287202594569, 6445447.243010965175927 ], [ 471737.235189893399365, 6445423.22594222612679 ], [ 471728.533688767522108, 6445396.599782434292138 ], [ 471762.306381756032351, 6445358.737786624580622 ], [ 471792.264359076041728, 6445351.791158087551594 ], [ 471811.404436337586958, 6445334.38408703636378 ], [ 471826.375498431792948, 6445314.33297201897949 ], [ 471846.773713434638921, 6445270.780913793481886 ], [ 471872.892337715020403, 6445252.03181470464915 ], [ 471937.4178876268561, 6445165.611144302412868 ], [ 471913.67735338077182, 6445105.279617545194924 ], [ 471921.304454018943943, 6445094.621886547654867 ], [ 471917.470069293573033, 6445078.85418932698667 ] ] ] ] } },
{ "type": "Feature", "properties": { "value": 78.6, "POI_CODE": 1 }, "geometry": { "type": "MultiPolygon", "coordinates": [ [ [ [ 476349.749130307522137, 6433167.462541504763067 ], [ 476296.256217846879736, 6433155.06129736546427 ], [ 476179.751321265648585, 6433132.249114379286766 ], [ 476096.417845281539485, 6433096.79646036028862 ], [ 475891.640112518332899, 6432909.970748707652092 ], [ 475854.117717764922418, 6432890.83830139040947 ], [ 475751.675009388593026, 6432903.905299192294478 ], [ 475548.617809224058874, 6433001.941392805427313 ], [ 475467.801197673310526, 6433151.775887497700751 ], [ 475627.203741376637481, 6433392.769506664946675 ], [ 475464.506292711012065, 6433516.821442360989749 ], [ 475498.659438483009581, 6433664.547769495286047 ], [ 475191.774757674196735, 6433764.606068830005825 ], [ 475211.001547032850794, 6433960.800090155564249 ], [ 475241.495922374422662, 6434051.455108063295484 ], [ 475680.605197797820438, 6433971.731990593485534 ], [ 475871.485323633940425, 6433929.098326555453241 ], [ 475907.378947887860704, 6433909.526687528006732 ], [ 475976.063914880796801, 6433815.103069636970758 ], [ 476258.933518215664662, 6433401.401608381420374 ], [ 476322.111083549738396, 6433309.77035674918443 ], [ 476349.749130307522137, 6433167.462541504763067 ] ] ] ] } },
{ "type": "Feature", "properties": { "value": 76.0, "POI_CODE": 1 }, "geometry": { "type": "MultiPolygon", "coordinates": [ [ [ [ 457739.996008152840659, 6427487.460200343281031 ], [ 457694.54601392603945, 6427487.028203160502017 ], [ 457618.180034273536876, 6427485.477117341943085 ], [ 457534.447248582262546, 6427483.515881045721471 ], [ 457479.88327421847498, 6427476.313426981680095 ], [ 457466.677526453218888, 6427474.572317316196859 ], [ 457400.71364745660685, 6427465.866729564033449 ], [ 457344.517143051780295, 6427457.570106785744429 ], [ 457233.303323583269957, 6427437.417536596767604 ], [ 457228.837888733134605, 6427450.85144872777164 ], [ 457222.607287631777581, 6427469.595725719816983 ], [ 457220.559946542722173, 6427474.449878665618598 ], [ 457218.073222196253482, 6427484.10756706353277 ], [ 457210.389095055346843, 6427485.537091813981533 ], [ 457207.947979709890205, 6427491.720435906201601 ], [ 457212.733687939762603, 6427500.710131205618382 ], [ 457215.96205447986722, 6427502.880125138908625 ], [ 457223.195886454661377, 6427506.343334668315947 ], [ 457226.693346489861142, 6427509.345519120804965 ], [ 457226.640146465564612, 6427513.766356164589524 ], [ 457224.550055085041095, 6427516.282788538374007 ], [ 457224.012508906540461, 6427519.651064771227539 ], [ 457227.079321830300614, 6427523.303642441518605 ], [ 457222.909904268395621, 6427528.236185238696635 ], [ 457221.344844554725569, 6427534.499215168878436 ], [ 457219.771135388349649, 6427540.506252411752939 ], [ 457222.955810023122467, 6427545.226445672102273 ], [ 457225.040774094930384, 6427549.412840757519007 ], [ 457223.028522517182864, 6427552.017514359205961 ], [ 457218.126838130585384, 6427552.070000093430281 ], [ 457212.951735727023333, 6427551.991809919476509 ], [ 457210.483460560033564, 6427550.114300774410367 ], [ 457205.41668311326066, 6427547.451831186190248 ], [ 457194.000223742623348, 6427549.333334542810917 ], [ 457187.476803611090872, 6427550.90634791366756 ], [ 457185.575836638454348, 6427563.341326953843236 ], [ 457181.630428657750599, 6427572.613843256607652 ], [ 457182.528607570158783, 6427584.139225450344384 ], [ 457184.762761726975441, 6427595.071313072927296 ], [ 457184.915119767072611, 6427609.288025877438486 ], [ 457174.823080427071545, 6427619.962529057636857 ], [ 457173.388779339729808, 6427629.586700701154768 ], [ 457167.259342287376057, 6427650.796218723058701 ], [ 457168.330282893322874, 6427660.783230324275792 ], [ 457173.424959345895331, 6427669.368736109696329 ], [ 457169.828743493824732, 6427674.796232043765485 ], [ 457171.230282184842508, 6427679.769319241866469 ], [ 457170.755998719949275, 6427689.583616553805768 ], [ 457169.022100943140686, 6427707.661846186034381 ], [ 457163.142896982724778, 6427715.797163671813905 ], [ 457165.740702487470116, 6427724.799129819497466 ], [ 457160.461609501740895, 6427734.854230906814337 ], [ 457162.876712967525236, 6427745.016109421849251 ], [ 457161.070479126414284, 6427755.791097266599536 ], [ 457153.660631807055324, 6427765.100799480453134 ], [ 457156.270846770319622, 6427775.260581818409264 ], [ 457147.599475925322622, 6427792.644974198192358 ], [ 457146.911234212049749, 6427800.14566205907613 ], [ 457138.827497135149315, 6427821.587748979218304 ], [ 457135.298966421745718, 6427835.509936125949025 ], [ 457134.839607101108413, 6427843.397867508232594 ], [ 457129.043051985441707, 6427857.555947836488485 ], [ 457125.656055951025337, 6427868.681945842690766 ], [ 457120.325240886420943, 6427877.74671901576221 ], [ 457115.917981974955183, 6427890.219780193641782 ], [ 457111.796178816002794, 6427898.436523042619228 ], [ 457101.734683701302856, 6427901.406044040806592 ], [ 457095.181290422740858, 6427912.243183377198875 ], [ 457089.921909968776163, 6427921.340634907595813 ], [ 457088.126136086531915, 6427929.20952729973942 ], [ 457088.377769055659883, 6427936.121154704131186 ], [ 457085.089877872727811, 6427944.896812785416842 ], [ 457085.38903627631953, 6427950.727913415059447 ], [ 457084.068261423439253, 6427952.723988230340183 ], [ 457083.284794725826941, 6427955.7497703647241 ], [ 457084.154189222957939, 6427960.17183696012944 ], [ 457087.347012910817284, 6427961.262089558877051 ], [ 457092.939517862338107, 6427957.861759231425822 ], [ 457095.593603434797842, 6427962.743428962305188 ], [ 457086.455999447905924, 6427981.246395268477499 ], [ 457075.324551243684255, 6427993.023490395396948 ], [ 457069.656624323513824, 6428002.604132235050201 ], [ 457067.693367421510629, 6428016.888129173777997 ], [ 457058.220233354775701, 6428041.006403557024896 ], [ 457048.244084528647363, 6428076.620597368106246 ], [ 457051.750313760712743, 6428081.571014948189259 ], [ 457048.189999061636627, 6428086.98711141012609 ], [ 457048.31118352827616, 6428094.957889696583152 ], [ 457046.056611037813127, 6428105.782299728132784 ], [ 457034.978031853737775, 6428114.18528740759939 ], [ 457032.252234004146885, 6428119.124786794185638 ], [ 457036.026040513126645, 6428124.217056818306446 ], [ 457040.865972547791898, 6428130.032720875926316 ], [ 457046.966101827798411, 6428134.27605214715004 ], [ 457053.71893845021259, 6428146.985495298169553 ], [ 457054.485970148118213, 6428156.185225749388337 ], [ 457053.105251013359521, 6428167.445605556480587 ], [ 457054.06076085253153, 6428184.826941564679146 ], [ 457064.470394246571232, 6428191.762977461330593 ], [ 457068.06362430867739, 6428199.317874308675528 ], [ 457067.766090695047751, 6428203.540931379422545 ], [ 457071.360900643630885, 6428228.298142253421247 ], [ 457075.31025479681557, 6428243.687689850106835 ], [ 457080.969533686060458, 6428257.544616974890232 ], [ 457090.418757722771261, 6428289.576374822296202 ], [ 457092.112106021842919, 6428307.963005194440484 ], [ 457099.389906445052475, 6428318.395507289096713 ], [ 457103.305412844754755, 6428340.00945941451937 ], [ 457105.118977638543583, 6428360.788656003773212 ], [ 457113.051368271000683, 6428373.830687362700701 ], [ 457119.356412522436585, 6428405.462040423415601 ], [ 457129.754709657281637, 6428417.46441828366369 ], [ 457142.587642990984023, 6428465.727034297771752 ], [ 457141.322458221984562, 6428475.093333823606372 ], [ 457151.787975908606313, 6428480.158442407846451 ], [ 457152.536470788181759, 6428493.166285083629191 ], [ 457154.080539349233732, 6428498.772488239221275 ], [ 457163.184033191006165, 6428507.493118953891098 ], [ 457167.910134141973685, 6428506.061791335232556 ], [ 457174.461335687083192, 6428509.432004505768418 ], [ 457174.987971608410589, 6428512.232174266129732 ], [ 457187.468009905074723, 6428521.584706624038517 ], [ 457197.352183607930783, 6428533.102861710824072 ], [ 457219.957397982943803, 6428541.723478621803224 ], [ 457224.518886543577537, 6428553.076033232733607 ], [ 457237.632070810650475, 6428563.056586936116219 ], [ 457246.160203335457481, 6428600.89947457332164 ], [ 457259.424242701730691, 6428629.5344841722399 ], [ 457262.542578666761983, 6428636.266489244997501 ], [ 457268.237272045575082, 6428629.823643067851663 ], [ 457281.941783970047254, 6428614.979899427853525 ], [ 457308.897813247167505, 6428586.577832673676312 ], [ 457332.989184782316443, 6428560.600408009253442 ], [ 457355.130949029116891, 6428536.380884130485356 ], [ 457369.392782886046916, 6428520.51829035487026 ], [ 457382.924364503007382, 6428505.465203003957868 ], [ 457399.367760210414417, 6428487.920448989607394 ], [ 457425.699475570989307, 6428459.581530830822885 ], [ 457445.61266070563579, 6428438.058488548733294 ], [ 457469.176650041772518, 6428416.797294326126575 ], [ 457485.672092852066271, 6428403.516745083965361 ], [ 457511.042601305234712, 6428389.195437057875097 ], [ 457523.101211458386388, 6428383.97885572258383 ], [ 457540.541717128071468, 6428378.371069223619998 ], [ 457561.628633107349742, 6428372.624405941925943 ], [ 457578.855481269943994, 6428369.71352874301374 ], [ 457618.603525101323612, 6428364.158707157708704 ], [ 457663.73781198868528, 6428359.170699830166996 ], [ 457718.962460993672721, 6428353.441728125326335 ], [ 457738.149978601897601, 6428351.423787622712553 ], [ 457769.326141472731251, 6428348.154611446894705 ], [ 457829.724844728654716, 6428341.359263329766691 ], [ 457872.145917418180034, 6428336.936705552041531 ], [ 457878.810193183133379, 6428341.531633464619517 ], [ 457881.870975211379118, 6428344.728262995369732 ], [ 457883.917114684416447, 6428347.579300495795906 ], [ 457888.188121975224931, 6428362.943946438841522 ], [ 457892.803575421043206, 6428334.714723449200392 ], [ 457895.820645292813424, 6428325.352490871213377 ], [ 457901.514129505434539, 6428316.374014362692833 ], [ 457909.34174372034613, 6428307.373056272044778 ], [ 457934.901399941416457, 6428284.991349269635975 ], [ 457938.321697027422488, 6428281.904570159502327 ], [ 457966.222401999286376, 6428256.659207073040307 ], [ 458011.795684920856729, 6428215.105973514728248 ], [ 458038.773186268517748, 6428191.941790389828384 ], [ 458046.569380118395202, 6428184.400014914572239 ], [ 458081.243413350486662, 6428153.160974828526378 ], [ 458090.599521228927188, 6428144.946002997457981 ], [ 458116.945523151545785, 6428118.983183991163969 ], [ 458156.203531875566114, 6428082.719788609072566 ], [ 458164.70042412832845, 6428074.859155055135489 ], [ 458195.801368775893934, 6428047.221490750089288 ], [ 458251.765124310215469, 6427996.332148315384984 ], [ 458277.470519198279362, 6427971.679812354966998 ], [ 458281.351783071877435, 6427967.953875509090722 ], [ 458297.572384453727864, 6427954.534880364313722 ], [ 458318.22934313537553, 6427936.738480387255549 ], [ 458321.499423273024149, 6427933.931960370391607 ], [ 458334.953633066848852, 6427921.699935842305422 ], [ 458367.035725561494473, 6427894.365167482756078 ], [ 458414.690818130853586, 6427853.763645878061652 ], [ 458418.867352330766153, 6427852.250465298071504 ], [ 458421.518861929362174, 6427850.218723258003592 ], [ 458435.779573150270153, 6427840.428162970580161 ], [ 458451.188195409602486, 6427827.864451183006167 ], [ 458440.505045489757322, 6427815.516485360451043 ], [ 458398.924486636416987, 6427770.065520063973963 ], [ 458287.880303152487613, 6427648.636602592654526 ], [ 458253.005541879159864, 6427612.013282380066812 ], [ 458226.222728735825513, 6427586.996483133174479 ], [ 458220.411359062534757, 6427582.046890690922737 ], [ 458206.724137687066104, 6427570.387864786200225 ], [ 458167.511328238761052, 6427545.99140197224915 ], [ 458156.815837752597872, 6427540.525202256627381 ], [ 458106.055406184634194, 6427518.009486489929259 ], [ 458068.284886915294919, 6427504.933414386585355 ], [ 458015.095305629773065, 6427495.014783450402319 ], [ 457948.262820070958696, 6427490.1394531885162 ], [ 457880.172091688320506, 6427488.774625400081277 ], [ 457739.996008152840659, 6427487.460200343281031 ] ] ] ] } },
{ "type": "Feature", "properties": { "value": 88.4, "POI_CODE": 1 }, "geometry": { "type": "MultiPolygon", "coordinates": [ [ [ [ 452876.469815415155608, 6424799.643103777430952 ], [ 452856.851042056572624, 6424800.508989670313895 ], [ 452837.426858467049897, 6424802.319094358943403 ], [ 452820.013491967052687, 6424805.029718643985689 ], [ 452789.083790772245266, 6424811.719037405215204 ], [ 452776.841556753846817, 6424814.346537253819406 ], [ 452754.349533959408291, 6424819.945543063804507 ], [ 452745.280740716902073, 6424822.201619762927294 ], [ 452714.763276409474202, 6424832.2046759724617 ], [ 452682.340924727031961, 6424850.247223656624556 ], [ 452674.610559242311865, 6424855.582969486713409 ], [ 452649.555941901053302, 6424876.121768025681376 ], [ 452620.01561061735265, 6424899.118889444507658 ], [ 452592.961463079962414, 6424920.160520821809769 ], [ 452582.782490767305717, 6424928.075240814127028 ], [ 452573.173786067636684, 6424933.177371409721673 ], [ 452580.948930381797254, 6424949.107473825104535 ], [ 452584.289923876349349, 6424955.893204689025879 ], [ 452603.104897211538628, 6424994.11701106838882 ], [ 452622.908202665683348, 6425034.878954981453717 ], [ 452648.4019851271878, 6425084.503339278511703 ], [ 452651.88606947788503, 6425091.398773095570505 ], [ 452668.078155666298699, 6425124.097897754050791 ], [ 452699.356716677255463, 6425186.135710960254073 ], [ 452722.200071816449054, 6425231.449509967118502 ], [ 452725.188510108971968, 6425237.482387502677739 ], [ 452736.833475297549739, 6425261.027449364773929 ], [ 452804.104819941916503, 6425395.938067452050745 ], [ 452818.132978416862898, 6425423.463584762997925 ], [ 452820.233626380155329, 6425427.992737874388695 ], [ 452833.0498581706197, 6425455.621681266464293 ], [ 452840.874827914405614, 6425469.425022343173623 ], [ 452859.092543183593079, 6425508.080131687223911 ], [ 452879.087846374430228, 6425550.500042042694986 ], [ 452882.852073165064212, 6425557.637322147376835 ], [ 452937.009341019496787, 6425660.415092829614878 ], [ 452987.485412334674038, 6425760.297392582520843 ], [ 453000.090601805655751, 6425782.740732589736581 ], [ 453006.651916304486804, 6425796.347689379937947 ], [ 453011.921546094876248, 6425807.275330814532936 ], [ 453039.581353100133128, 6425860.795930540189147 ], [ 453057.941898668359499, 6425897.31243850197643 ], [ 453061.758504373661708, 6425899.895324389450252 ], [ 453065.545564877742436, 6425899.962202364578843 ], [ 453067.800059134839103, 6425897.987225631251931 ], [ 453069.360482220770791, 6425894.339114855974913 ], [ 453088.516807737411, 6425930.645997728221118 ], [ 453115.792758403054904, 6425987.912742820568383 ], [ 453130.633298987639137, 6426017.467365358956158 ], [ 453137.52795402193442, 6426029.300261513330042 ], [ 453146.741039979853667, 6426037.554143177345395 ], [ 453157.337470030528493, 6426042.195446840487421 ], [ 453165.05857322528027, 6426044.799481463618577 ], [ 453170.714142624987289, 6426048.8417879473418 ], [ 453175.072347543318756, 6426054.246553075499833 ], [ 453177.809214850829449, 6426060.62786606233567 ], [ 453178.729863538057543, 6426067.509230338968337 ], [ 453177.689343901583925, 6426074.636253179982305 ], [ 453182.102220087894239, 6426092.288144672289491 ], [ 453187.327947789221071, 6426102.570731144398451 ], [ 453196.956226456561126, 6426112.456608574837446 ], [ 453231.491448930930346, 6426139.687783544883132 ], [ 453336.80177410581382, 6426222.721545258536935 ], [ 453465.315769667678978, 6426325.217814201489091 ], [ 453474.362660750688519, 6426332.015771766193211 ], [ 453508.777836177730933, 6426360.442058814689517 ], [ 453518.740285995299928, 6426368.665791868232191 ], [ 453543.182534926454537, 6426394.625198342837393 ], [ 453538.382802183623426, 6426400.014327876269817 ], [ 453559.176047391665634, 6426428.098365610465407 ], [ 453576.676145090081263, 6426460.930572791956365 ], [ 453585.132671737344936, 6426484.169880725443363 ], [ 453590.112539907277096, 6426508.050828733481467 ], [ 453593.23633046640316, 6426528.479427705518901 ], [ 453598.003800744016189, 6426574.831901205703616 ], [ 453615.785324338648934, 6426725.762701948173344 ], [ 453621.125955186900683, 6426771.084198669530451 ], [ 453623.375651282258332, 6426790.632222179323435 ], [ 453624.388492019963451, 6426809.10343717969954 ], [ 453642.112360809522215, 6426900.666849432513118 ], [ 453653.004542079521343, 6426975.930984921753407 ], [ 453655.61340887733968, 6426992.301581013016403 ], [ 453658.250560536806006, 6427006.522926981560886 ], [ 453669.847627368639223, 6427085.497799037024379 ], [ 453679.538410641020164, 6427151.077946551144123 ], [ 453680.155284624430351, 6427161.436849279329181 ], [ 453682.187626994214952, 6427174.518387380056083 ], [ 453692.826783253636677, 6427280.627645723521709 ], [ 453695.743562991148792, 6427308.797083968296647 ], [ 453698.693247689167038, 6427340.829753988422453 ], [ 453704.618212524161208, 6427405.072955424897373 ], [ 453706.428277167142369, 6427434.713824349455535 ], [ 453719.710986733320169, 6427434.749226081185043 ], [ 453733.296880545793101, 6427433.389370543882251 ], [ 453779.49811157444492, 6427421.887317938730121 ], [ 453838.822332213283516, 6427408.341331047937274 ], [ 453998.492098529008217, 6427366.004279946908355 ], [ 454057.625858061073814, 6427351.194449076429009 ], [ 454063.790056862111669, 6427349.820860448293388 ], [ 454105.657504776027054, 6427339.285451352596283 ], [ 454216.253632147447206, 6427311.472448703832924 ], [ 454246.094057154259644, 6427305.685955603606999 ], [ 454277.486531581380405, 6427302.186725463718176 ], [ 454286.834139578510076, 6427301.467382286675274 ], [ 454302.948497152654454, 6427300.336635411716998 ], [ 454327.92836175794946, 6427301.320329732261598 ], [ 454342.474545133474749, 6427302.690615813247859 ], [ 454362.093503477808554, 6427304.459515461698174 ], [ 454373.202006609819364, 6427305.956751887686551 ], [ 454381.89421987941023, 6427307.128313724882901 ], [ 454405.840322639676742, 6427311.330973041243851 ], [ 454426.060564341489226, 6427315.22101996652782 ], [ 454425.597366624919232, 6427313.287890572100878 ], [ 454420.886423323419876, 6427297.430725313723087 ], [ 454415.988183758279774, 6427282.266028224490583 ], [ 454410.808487999252975, 6427267.316099776886404 ], [ 454405.173124593391549, 6427251.825797165744007 ], [ 454399.465733073360752, 6427237.282738945446908 ], [ 454380.077965337666683, 6427190.005161074921489 ], [ 454329.461786106170621, 6427067.593980957753956 ], [ 454158.023590722470544, 6426663.801081421785057 ], [ 454153.185441824432928, 6426652.477334043011069 ], [ 454148.106907722831238, 6426640.310143977403641 ], [ 454142.097380276652984, 6426626.394424438476562 ], [ 454136.430248936638236, 6426613.454601999372244 ], [ 454130.120424246415496, 6426599.664823115803301 ], [ 454123.980336649459787, 6426586.752714516595006 ], [ 454117.415477867121808, 6426572.910210908390582 ], [ 454110.589801994734444, 6426559.538352673873305 ], [ 454104.055092803318985, 6426547.29886213131249 ], [ 454098.124336865788791, 6426535.631428561173379 ], [ 454090.625199361180421, 6426522.345277989283204 ], [ 454084.505590993736405, 6426511.236747845076025 ], [ 454077.123951510933693, 6426498.917955295182765 ], [ 454068.920996451750398, 6426485.651065310463309 ], [ 454061.335203088296112, 6426473.590735799632967 ], [ 454052.249006540048867, 6426459.65483905095607 ], [ 454042.725234044133686, 6426445.22295050136745 ], [ 454033.836726190813351, 6426432.542996239848435 ], [ 454024.585075346811209, 6426419.666821025311947 ], [ 454014.912028436665423, 6426406.673037604428828 ], [ 454005.570750880171545, 6426394.243307946249843 ], [ 453995.277326340030413, 6426381.323515487834811 ], [ 453985.635807647602633, 6426369.543075941503048 ], [ 453976.820312239113264, 6426358.610488137230277 ], [ 453967.663117824995425, 6426348.316509393043816 ], [ 453958.459842392068822, 6426338.134424808435142 ], [ 453949.428172134328634, 6426327.961517953313887 ], [ 453937.824689370114356, 6426315.346454783342779 ], [ 453927.512928396055941, 6426304.464619214646518 ], [ 453917.258194197434932, 6426293.916180946864188 ], [ 453907.142002164677251, 6426284.101034264080226 ], [ 453894.936873929342255, 6426272.684400236234069 ], [ 453883.084619420522358, 6426262.121072092093527 ], [ 453871.107455648249015, 6426250.991370572708547 ], [ 453858.775724133476615, 6426240.41137775965035 ], [ 453846.92970645945752, 6426230.404797209426761 ], [ 453835.027825118275359, 6426220.688387962058187 ], [ 453823.162660794507246, 6426211.08293217793107 ], [ 453517.86576140782563, 6425975.011188444681466 ], [ 453507.374220929050352, 6425966.648854085244238 ], [ 453495.656172794522718, 6425957.109443867579103 ], [ 453482.537467066489626, 6425946.172308639623225 ], [ 453472.196934926498216, 6425937.073442734777927 ], [ 453460.212309216614813, 6425926.501745856367052 ], [ 453449.592445785761811, 6425916.793801929801702 ], [ 453438.203970893402584, 6425906.115018523298204 ], [ 453428.350179356697481, 6425896.665430191904306 ], [ 453417.582174093404319, 6425885.934938261285424 ], [ 453406.10253796284087, 6425874.555844515562057 ], [ 453394.321361437789164, 6425862.690388568677008 ], [ 453383.343485696706921, 6425851.22756848204881 ], [ 453373.120040168170817, 6425840.034336029551923 ], [ 453363.304956264095381, 6425828.85863358527422 ], [ 453355.073615729459561, 6425820.069486822932959 ], [ 453347.260740362922661, 6425810.640817046165466 ], [ 453337.731463217176497, 6425800.141033377498388 ], [ 453326.116350573603995, 6425785.813150794245303 ], [ 453316.929144758323673, 6425774.218258555047214 ], [ 453307.722189513966441, 6425762.456602687947452 ], [ 453299.576002325047739, 6425751.862813069485128 ], [ 453291.959303477779031, 6425741.017898184247315 ], [ 453284.222371497540735, 6425730.51956609915942 ], [ 453277.186681731662247, 6425720.291410758160055 ], [ 453269.23956507188268, 6425709.027295325882733 ], [ 453262.04953440267127, 6425698.255388297140598 ], [ 453254.856153494503815, 6425687.70621925406158 ], [ 453247.389504245482385, 6425676.559005301445723 ], [ 453239.361912716412917, 6425663.993173185735941 ], [ 453230.112620048457757, 6425649.159113671630621 ], [ 453222.72042218351271, 6425636.296388228423893 ], [ 453214.536889677576255, 6425622.552191028371453 ], [ 453206.805160051444545, 6425608.490960936993361 ], [ 453198.468514974520076, 6425593.301126106642187 ], [ 453190.46238609199645, 6425578.552810882218182 ], [ 453183.521715536015108, 6425564.860928910784423 ], [ 453177.091742548393086, 6425552.343315122649074 ], [ 453168.559094961325172, 6425536.098075407557189 ], [ 453161.725425404089037, 6425520.946380619890988 ], [ 453154.806183315231465, 6425506.575101951137185 ], [ 453148.054498123761732, 6425490.854618665762246 ], [ 453141.664498309604824, 6425475.708891828544438 ], [ 453136.196416117600165, 6425461.988695557229221 ], [ 453130.534072356007528, 6425447.346635258756578 ], [ 453124.96412776899524, 6425434.028483249247074 ], [ 453119.86023856367683, 6425418.578219084069133 ], [ 453114.341451185930055, 6425402.564976235851645 ], [ 453108.630738558655139, 6425385.83026085048914 ], [ 453083.149786427617073, 6425309.925902671180665 ], [ 452995.450384749390651, 6425043.765650780871511 ], [ 452990.307916717720218, 6425028.638893275521696 ], [ 452986.119309875182807, 6425015.627582053653896 ], [ 452982.445654020062648, 6425003.133533138781786 ], [ 452979.582812353677582, 6424993.168577785603702 ], [ 452976.09316115512047, 6424981.229086708277464 ], [ 452972.578957088000607, 6424968.209858452901244 ], [ 452969.71970200794749, 6424956.541317032650113 ], [ 452966.850242188549601, 6424943.503376509994268 ], [ 452964.607884133001789, 6424931.460150456055999 ], [ 452962.062393365893513, 6424917.794880943372846 ], [ 452960.044783599034417, 6424904.234746597707272 ], [ 452958.489143533341121, 6424891.715804724954069 ], [ 452957.04093643912347, 6424878.772495644167066 ], [ 452955.819330734317191, 6424864.468134722672403 ], [ 452954.760460294433869, 6424850.918993412517011 ], [ 452953.855944986105897, 6424837.412573887035251 ], [ 452953.282705731282476, 6424822.38799035269767 ], [ 452953.225624844722915, 6424810.504382041282952 ], [ 452953.213290289742872, 6424807.936464325524867 ], [ 452953.298302411742043, 6424798.073164856061339 ], [ 452932.779784225509502, 6424797.899932465516031 ], [ 452876.469815415155608, 6424799.643103777430952 ] ] ] ] } },
{ "type": "Feature", "properties": { "value": 75.7, "POI_CODE": 1 }, "geometry": { "type": "MultiPolygon", "coordinates": [ [ [ [ 466941.501188140769955, 6419975.364974212832749 ], [ 464825.803861970314756, 6420281.937682540155947 ], [ 464554.827525848988444, 6420758.736049133352935 ], [ 464685.32331332215108, 6421373.399482557550073 ], [ 465085.115291294641793, 6422285.120370618999004 ], [ 465187.563684038061183, 6422913.391438115388155 ], [ 465481.132329994230531, 6422807.782587739638984 ], [ 465503.485322962456848, 6422800.041126733645797 ], [ 465761.368766575120389, 6422706.62961919605732 ], [ 465825.414043962548021, 6422682.968467934057117 ], [ 465851.327208272239659, 6422673.227888532914221 ], [ 465865.566534992947709, 6422667.773331671953201 ], [ 466063.7025119815371, 6422597.815989510156214 ], [ 466268.401865936000831, 6422526.054086378775537 ], [ 466398.482457352627534, 6422480.179875415749848 ], [ 466873.979066147410776, 6422307.640072394162416 ], [ 466883.362774968903977, 6422303.955089554190636 ], [ 467228.91858633433003, 6422180.142205474898219 ], [ 467224.811963833286427, 6422152.491554756648839 ], [ 467167.477412105188705, 6421596.593712268397212 ], [ 467136.65713147376664, 6421401.483274407684803 ], [ 467113.767027925117873, 6421213.199721497483552 ], [ 467105.955752289737575, 6421159.911138286814094 ], [ 467099.952583809499629, 6421109.73628811724484 ], [ 467089.35661047976464, 6421076.544701863080263 ], [ 467072.123613596952055, 6420970.916129261255264 ], [ 467062.786016509053297, 6420855.313688457012177 ], [ 467051.749302512325812, 6420793.144787156954408 ], [ 467051.791179733583704, 6420781.676724201068282 ], [ 467050.481179108552169, 6420773.637832330539823 ], [ 467046.675367601739708, 6420762.457504906691611 ], [ 467039.306807893095538, 6420744.448139551095665 ], [ 467034.72969168308191, 6420733.118299721740186 ], [ 467032.995113583456259, 6420723.156777298077941 ], [ 467032.017160237475764, 6420708.691009363159537 ], [ 467030.799583527550567, 6420696.776833357289433 ], [ 467028.450626539124642, 6420682.700899759307504 ], [ 467023.851706478686538, 6420667.296315271407366 ], [ 467020.524769001000095, 6420650.990564529784024 ], [ 467020.863024590536952, 6420640.27715394180268 ], [ 467024.035994806559756, 6420629.25092498306185 ], [ 467028.051385186437983, 6420617.661077889613807 ], [ 467030.580082802625839, 6420608.955969890579581 ], [ 467029.211950246768538, 6420595.306177168153226 ], [ 467010.183059758914169, 6420487.087401092983782 ], [ 466997.486531870265026, 6420382.568594751879573 ], [ 466993.273672674258705, 6420347.932962091639638 ], [ 466972.2361055923393, 6420201.108126437291503 ], [ 466958.579684744472615, 6420117.606670239008963 ], [ 466948.971836739277933, 6420093.325401927344501 ], [ 466958.962260541971773, 6420040.458115928806365 ], [ 466941.501188140769955, 6419975.364974212832749 ] ], [ [ 465692.541048052022234, 6421484.742000830359757 ], [ 465692.745173271221574, 6421482.992250963114202 ], [ 465693.513195949140936, 6421481.393541804514825 ], [ 465694.763929878827184, 6421480.146977050229907 ], [ 465696.356303516658954, 6421479.376237249933183 ], [ 465698.11935009190347, 6421479.171857690438628 ], [ 465699.845999969693366, 6421479.557880120351911 ], [ 465701.352202726353426, 6421480.48021241184324 ], [ 465702.465465612825938, 6421481.851261881180108 ], [ 465703.071941221132874, 6421483.516130808740854 ], [ 465703.093026724993251, 6421485.286218357272446 ], [ 465702.556233198032714, 6421486.916346085257828 ], [ 465701.519824432733003, 6421488.294677463360131 ], [ 465700.094977555796504, 6421489.264387731440365 ], [ 465698.434893266006839, 6421489.735094626434147 ], [ 465696.716744772216771, 6421489.649611594155431 ], [ 465695.112355778750498, 6421489.01760019082576 ], [ 465693.799948839994613, 6421487.904335698112845 ], [ 465692.910755004442763, 6421486.420030931942165 ], [ 465692.541048052022234, 6421484.742000830359757 ] ], [ [ 465710.123854530334938, 6422079.290384514257312 ], [ 465708.26769710687222, 6422077.580551071092486 ], [ 465707.440807472332381, 6422075.750562755391002 ], [ 465707.42497481952887, 6422073.902492326684296 ], [ 465708.564752805163153, 6422072.166993296705186 ], [ 465709.22983174433466, 6422068.932502033188939 ], [ 465709.670007508655544, 6422066.401365134865046 ], [ 465710.343957706878427, 6422064.202238832600415 ], [ 465711.485742476826999, 6422062.700532709248364 ], [ 465713.439533520780969, 6422061.982369281351566 ], [ 465714.826059744751547, 6422062.092964590527117 ], [ 465715.527666346344631, 6422063.122395928949118 ], [ 465715.543399844318628, 6422064.959333394654095 ], [ 465715.564187136944383, 6422067.386317447759211 ], [ 465715.578967095818371, 6422069.111925379373133 ], [ 465716.519398939388338, 6422071.063414338976145 ], [ 465718.046926703187637, 6422074.501800635829568 ], [ 465718.533445800712798, 6422077.381280612200499 ], [ 465717.514083754620515, 6422079.349554664455354 ], [ 465715.678612691001035, 6422080.74586284160614 ], [ 465713.4888646028121, 6422080.87595652975142 ], [ 465711.869525725021958, 6422080.544680601917207 ], [ 465710.123854530334938, 6422079.290384514257312 ] ], [ [ 466742.104916142881848, 6422163.182296033017337 ], [ 466742.877843810594641, 6422162.852995490655303 ], [ 466743.706370265688747, 6422162.801576637662947 ], [ 466744.507698192377575, 6422163.039861149154603 ], [ 466745.180898246762808, 6422163.53528631478548 ], [ 466745.648446463164873, 6422164.221693718805909 ], [ 466745.850581073726062, 6422165.032777342945337 ], [ 466745.785822341335006, 6422165.790409619919956 ], [ 466745.489694515359588, 6422166.494295425713062 ], [ 466744.991153653303627, 6422167.066258064471185 ], [ 466744.343115942610893, 6422167.461323009803891 ], [ 466743.598497480445076, 6422167.634515719488263 ], [ 466742.840002699929755, 6422167.562881602905691 ], [ 466742.138864655455109, 6422167.268096270039678 ], [ 466741.566316450713202, 6422166.771835288032889 ], [ 466741.170093543943949, 6422166.118236923590302 ], [ 466740.997561459080316, 6422165.306907551363111 ], [ 466741.109129753895104, 6422164.482083802111447 ], [ 466741.493789769185241, 6422163.74406083021313 ], [ 466742.104916142881848, 6422163.182296033017337 ] ], [ [ 465778.516756102209911, 6422176.537520290352404 ], [ 465779.239591021265369, 6422178.669024344533682 ], [ 465779.745434951386414, 6422181.737620409578085 ], [ 465780.332986066292506, 6422186.052500346675515 ], [ 465780.953394976386335, 6422190.055353887379169 ], [ 465782.228139394021127, 6422193.718600571155548 ], [ 465783.830420263984706, 6422197.601723143830895 ], [ 465785.507572749338578, 6422201.239263380877674 ], [ 465787.098693120467942, 6422204.510125227272511 ], [ 465789.155922854959499, 6422207.587729674763978 ], [ 465791.455821282463148, 6422209.961833600886166 ], [ 465794.882610767497681, 6422213.250411584042013 ], [ 465798.085004639637191, 6422215.917418719269335 ], [ 465800.123339751444291, 6422218.171291100792587 ], [ 465801.349312662146986, 6422220.287366298027337 ], [ 465802.163433360750787, 6422222.017278688959777 ], [ 465802.217147922317963, 6422223.453076183795929 ], [ 465801.849072933080606, 6422224.725470860488713 ], [ 465800.996007610228844, 6422225.367384469136596 ], [ 465800.562734427396208, 6422225.938908778131008 ], [ 465800.682169820647687, 6422226.750653559342027 ], [ 465799.910874820139725, 6422226.567969691008329 ], [ 465799.257303129706997, 6422226.996637465432286 ], [ 465798.029433570802212, 6422227.430212651379406 ], [ 465797.169139333243947, 6422227.226022265851498 ], [ 465795.90308265684871, 6422227.348178835585713 ], [ 465794.94099644466769, 6422227.011253537610173 ], [ 465793.903083982993849, 6422226.808581725694239 ], [ 465793.049756577878725, 6422226.726804163306952 ], [ 465792.637619712622836, 6422226.307243081741035 ], [ 465792.083695279899985, 6422225.232001319527626 ], [ 465792.37630008260021, 6422224.828684845007956 ], [ 465792.423496153671294, 6422224.115720139816403 ], [ 465791.996853630291298, 6422223.384537502191961 ], [ 465790.761202634079382, 6422222.214918370358646 ], [ 465789.066027259046678, 6422221.316437730565667 ], [ 465786.850979512848426, 6422220.556006745435297 ], [ 465785.024006183200981, 6422220.170807850547135 ], [ 465783.092650475795381, 6422220.042578855529428 ], [ 465781.673988531110808, 6422220.321917274035513 ], [ 465779.734103521390352, 6422221.273738648742437 ], [ 465778.188786834070925, 6422222.667538301087916 ], [ 465776.673436168115586, 6422224.795911277644336 ], [ 465775.536529492703266, 6422226.865380063652992 ], [ 465774.588303057244048, 6422229.534459496848285 ], [ 465773.422312355192844, 6422233.74186181742698 ], [ 465772.321409510972444, 6422235.866692580282688 ], [ 465769.830546300974675, 6422240.241298593580723 ], [ 465768.965535575465765, 6422241.562481396831572 ], [ 465767.896672322356608, 6422241.894502118229866 ], [ 465766.479481458198279, 6422240.960252281278372 ], [ 465765.52447602187749, 6422240.066584879532456 ], [ 465764.443328701134305, 6422238.962454966269433 ], [ 465763.371546042908449, 6422237.568767158314586 ], [ 465762.999836564355064, 6422235.645804041065276 ], [ 465762.605793976224959, 6422233.188610926270485 ], [ 465762.304989419004414, 6422229.171892194077373 ], [ 465761.059841954207513, 6422221.355501406826079 ], [ 465759.554849369160365, 6422213.619270278140903 ], [ 465757.502708185988013, 6422204.217654766514897 ], [ 465754.800852026150096, 6422188.77596090734005 ], [ 465754.163637461140752, 6422183.504004920832813 ], [ 465754.182683022168931, 6422181.577699469402432 ], [ 465754.71423987718299, 6422180.03669114317745 ], [ 465755.970976345415693, 6422178.823491839691997 ], [ 465757.849479369586334, 6422177.61610755417496 ], [ 465760.266669595614076, 6422176.392982303164899 ], [ 465762.300064891169313, 6422175.295612871646881 ], [ 465764.375460480281617, 6422174.954981693997979 ], [ 465771.03435279300902, 6422173.294769378378987 ], [ 465773.962327848188579, 6422172.946852426975965 ], [ 465776.018611979787238, 6422173.140811729244888 ], [ 465777.359331391111482, 6422174.131387793458998 ], [ 465778.516756102209911, 6422176.537520290352404 ] ], [ [ 465779.315983745560516, 6422229.850317482836545 ], [ 465779.742666621808894, 6422229.200910773128271 ], [ 465780.354506183124613, 6422228.739195249043405 ], [ 465781.092581973760389, 6422228.499076033942401 ], [ 465781.868370469484944, 6422228.514711294323206 ], [ 465782.593062580097467, 6422228.786860262975097 ], [ 465783.183579500298947, 6422229.293965579010546 ], [ 465783.580049040960148, 6422229.958602603524923 ], [ 465783.728614893974736, 6422230.714429044164717 ], [ 465783.616769811487757, 6422231.483615388162434 ], [ 465783.284816020925064, 6422232.132211877033114 ], [ 465782.750515368243214, 6422232.66006672102958 ], [ 465782.084153560048435, 6422232.977508963085711 ], [ 465781.350761830573902, 6422233.072848930954933 ], [ 465780.627212552237324, 6422232.934295682236552 ], [ 465779.978727276145946, 6422232.572425374761224 ], [ 465779.488479741849005, 6422232.019928177818656 ], [ 465779.192564600438345, 6422231.343298071995378 ], [ 465779.126981401466765, 6422230.597896085120738 ], [ 465779.315983745560516, 6422229.850317482836545 ] ], [ [ 466005.934888083487749, 6422471.47035916801542 ], [ 466005.067298371344805, 6422472.490901228040457 ], [ 466003.917108116846066, 6422473.001690614968538 ], [ 466002.984510655282065, 6422472.642198076471686 ], [ 466001.108722961798776, 6422470.676321591250598 ], [ 465996.151966358127538, 6422467.055422177538276 ], [ 465987.346878454321995, 6422460.661521753296256 ], [ 465985.50262512563495, 6422458.227766187861562 ], [ 465984.071084554248955, 6422455.590095896273851 ], [ 465983.177434497745708, 6422452.847650427371264 ], [ 465982.934296735038515, 6422450.712033397518098 ], [ 465983.58383570110891, 6422449.114383861422539 ], [ 465984.98596597526921, 6422446.89798092097044 ], [ 465986.930194648506586, 6422445.768080781213939 ], [ 465989.793904445425142, 6422445.543337029404938 ], [ 465991.809068126312923, 6422445.793423747643828 ], [ 465993.829528763657436, 6422446.666957484558225 ], [ 465998.932087376946583, 6422450.720832536928356 ], [ 466001.816070157336071, 6422453.579978825524449 ], [ 466003.630846250453033, 6422456.726553332060575 ], [ 466004.424745468655601, 6422458.879760797135532 ], [ 466004.707759958109818, 6422463.620342006906867 ], [ 466005.067625406663865, 6422466.25598833616823 ], [ 466006.062337441428099, 6422468.351821596734226 ], [ 466006.572403054567985, 6422469.850547974929214 ], [ 466005.934888083487749, 6422471.47035916801542 ] ], [ [ 464812.125272377510555, 6421440.265893168747425 ], [ 464814.726421956613194, 6421446.477955968119204 ], [ 464801.620394410681911, 6421451.848305773921311 ], [ 464799.055443440156523, 6421445.713869513012469 ], [ 464812.125272377510555, 6421440.265893168747425 ] ] ] ] } },
{ "type": "Feature", "properties": { "value": 87.9, "POI_CODE": 1 }, "geometry": { "type": "MultiPolygon", "coordinates": [ [ [ [ 462427.53938443120569, 6424253.581227233633399 ], [ 462500.995300285052508, 6424588.266283478587866 ], [ 462338.199076950666495, 6424993.036415451206267 ], [ 462938.643132423167117, 6425519.474291305989027 ], [ 463662.581907574844081, 6425907.66185705922544 ], [ 464631.450469727511518, 6425753.362854091450572 ], [ 464632.503993014222942, 6425729.409345367923379 ], [ 464632.126722206303384, 6425680.746553891338408 ], [ 464631.070472024381161, 6425640.262029626406729 ], [ 464627.570399400603492, 6425584.345325361005962 ], [ 464623.17738581384765, 6425525.808936869725585 ], [ 464617.827878741023596, 6425481.543499693274498 ], [ 464610.127901539788581, 6425435.76240277569741 ], [ 464600.548850083258003, 6425394.273361271247268 ], [ 464589.533307350298855, 6425350.937709851190448 ], [ 464574.785569707164541, 6425300.409278012812138 ], [ 464555.87757876800606, 6425241.812325404025614 ], [ 464522.17463585245423, 6425140.23639543261379 ], [ 464444.231043162522838, 6424887.80038355011493 ], [ 464409.776349559833761, 6424781.511309023946524 ], [ 464393.172997835674323, 6424729.07389179058373 ], [ 464372.319564388424624, 6424667.232890706509352 ], [ 464357.067537029099185, 6424620.450715784914792 ], [ 464319.686186445469502, 6424506.996012999676168 ], [ 464288.10147955478169, 6424406.705778294242918 ], [ 464267.552495800715405, 6424338.89484590664506 ], [ 464241.482033905573189, 6424256.603693784214556 ], [ 464224.111239529214799, 6424202.871163807809353 ], [ 464205.403733966290019, 6424146.634418033063412 ], [ 464159.631619823398069, 6424015.141491373069584 ], [ 464138.612630568561144, 6423961.375209987163544 ], [ 464112.437665571284015, 6423895.697528500109911 ], [ 464066.100627737352625, 6423786.957178791984916 ], [ 464013.466088968503755, 6423678.518939461559057 ], [ 463973.469338998198509, 6423602.656548250466585 ], [ 463882.39301105949562, 6423446.623960175551474 ], [ 463867.817382269713562, 6423421.734653270803392 ], [ 463792.277443585975561, 6423463.593710579909384 ], [ 463751.439297120145056, 6423488.947885209694505 ], [ 463705.904739475634415, 6423514.623432270251215 ], [ 463533.625085069797933, 6423613.166015050373971 ], [ 463481.560760381515138, 6423645.550602417439222 ], [ 463354.604395005386323, 6423718.614081450738013 ], [ 463245.384685845579952, 6423782.58928291592747 ], [ 463137.816135129949544, 6423845.916379037313163 ], [ 463067.608702806057408, 6423887.248467138968408 ], [ 463043.721236960554961, 6423900.729543603025377 ], [ 462947.24204123171512, 6423951.913834519684315 ], [ 462851.227688212413341, 6424009.553833229467273 ], [ 462836.557353380601853, 6424018.007126852869987 ], [ 462806.616551460814662, 6424035.275743175297976 ], [ 462791.170903607271612, 6424045.61804480291903 ], [ 462750.27226598240668, 6424066.986106713302433 ], [ 462736.382372293970548, 6424075.310033210553229 ], [ 462594.09404353692662, 6424157.770916636101902 ], [ 462514.302007755904924, 6424203.677065301686525 ], [ 462454.189803254790604, 6424238.254997164011002 ], [ 462444.277180336415768, 6424243.95955384708941 ], [ 462427.53938443120569, 6424253.581227233633399 ] ], [ [ 464106.019927579443902, 6425356.540711617097259 ], [ 464105.352154831518419, 6425365.854629221372306 ], [ 464106.88781027199002, 6425368.85812412109226 ], [ 464125.548398954095319, 6425370.193720245733857 ], [ 464125.165114821400493, 6425383.524411692284048 ], [ 464132.568373992689885, 6425394.280120747163892 ], [ 464130.181331765255891, 6425409.142995553091168 ], [ 464123.704557928547729, 6425417.239768199622631 ], [ 464112.141096769366413, 6425420.872986043803394 ], [ 464106.863592045730911, 6425422.178489398211241 ], [ 464101.261953465698753, 6425429.554874680936337 ], [ 464097.199128589767497, 6425434.356657000258565 ], [ 464092.43044376472244, 6425442.248867838643491 ], [ 464089.279295322368853, 6425442.499847495928407 ], [ 464085.09774380933959, 6425436.057489352300763 ], [ 464079.327739880012814, 6425428.638490971177816 ], [ 464080.502574671991169, 6425420.455667621456087 ], [ 464087.363721570465714, 6425411.030439499765635 ], [ 464079.128616716829129, 6425391.987545429728925 ], [ 464079.991036950901616, 6425347.711491238325834 ], [ 464074.123342503444292, 6425339.97049474902451 ], [ 464077.610870466916822, 6425335.663749882020056 ], [ 464089.174618737772107, 6425341.260418370366096 ], [ 464106.019927579443902, 6425356.540711617097259 ] ], [ [ 463355.768553938192781, 6424228.813587911427021 ], [ 463357.093794967164285, 6424230.70534158218652 ], [ 463357.593118820572272, 6424231.591478163376451 ], [ 463357.949501094699372, 6424232.378719304688275 ], [ 463359.255153808859177, 6424233.424477732740343 ], [ 463357.986527518660296, 6424235.128450128249824 ], [ 463356.999809275439475, 6424235.950263260863721 ], [ 463356.099408159905579, 6424236.504072570241988 ], [ 463355.449793872365262, 6424236.654764547012746 ], [ 463355.01035869208863, 6424236.491782188415527 ], [ 463354.626121948997024, 6424235.894072579219937 ], [ 463353.261902847851161, 6424235.561421006917953 ], [ 463351.16563023586059, 6424235.424753463827074 ], [ 463349.27147625683574, 6424234.740674507804215 ], [ 463348.129985071020201, 6424233.526406723074615 ], [ 463347.34671443386469, 6424232.654007147997618 ], [ 463346.570279284147546, 6424231.88175006955862 ], [ 463345.45490592130227, 6424230.288691528141499 ], [ 463344.689285185420886, 6424228.759231377393007 ], [ 463344.304026037629228, 6424227.40442777890712 ], [ 463344.5455278341542, 6424225.988210920244455 ], [ 463345.100053446018137, 6424224.502322155050933 ], [ 463346.009332084155176, 6424224.271311764605343 ], [ 463345.491945726331323, 6424223.351940457709134 ], [ 463345.476846018864308, 6424222.350029004737735 ], [ 463346.192985745787155, 6424221.063069336116314 ], [ 463347.061556930537336, 6424219.618838564492762 ], [ 463346.985648677800782, 6424218.439342151395977 ], [ 463346.940859593451023, 6424216.780803442001343 ], [ 463347.23460254597012, 6424214.60700376611203 ], [ 463348.035121924825944, 6424213.486279554665089 ], [ 463348.894713719026186, 6424214.291176619008183 ], [ 463349.546777648327406, 6424215.699205321259797 ], [ 463349.592688797740266, 6424216.834441085346043 ], [ 463349.482088316523004, 6424217.681629913859069 ], [ 463349.144678377197124, 6424218.319353167898953 ], [ 463348.780739747104235, 6424219.937101582996547 ], [ 463349.130186966387555, 6424220.613066637888551 ], [ 463348.98948833666509, 6424221.404861842282116 ], [ 463348.613715603831224, 6424222.376953281462193 ], [ 463348.497299864946399, 6424223.23532931972295 ], [ 463348.474546545068733, 6424223.981508238241076 ], [ 463348.816953672387172, 6424224.535065022297204 ], [ 463349.691847680020146, 6424225.072608737275004 ], [ 463350.63530510221608, 6424225.342311129905283 ], [ 463351.478876310342457, 6424225.690866158343852 ], [ 463352.352749665034935, 6424226.117080934345722 ], [ 463353.09163882851135, 6424226.667005396448076 ], [ 463353.593721332319546, 6424226.562200291082263 ], [ 463354.380155456310604, 6424227.133957155048847 ], [ 463355.200257449469063, 6424228.150761187076569 ], [ 463355.768553938192781, 6424228.813587911427021 ] ], [ [ 462820.765146054618526, 6424605.45634406991303 ], [ 462821.374467667134013, 6424606.708811622112989 ], [ 462821.914646694320254, 6424608.162332443520427 ], [ 462822.524588504398707, 6424609.481597872450948 ], [ 462824.055732790729962, 6424610.591889699921012 ], [ 462825.316072499612346, 6424610.580174219794571 ], [ 462826.698516655305866, 6424609.698879062198102 ], [ 462827.965065269556362, 6424610.355141412466764 ], [ 462828.507000513549428, 6424611.997923268005252 ], [ 462828.171344420698006, 6424613.448451575823128 ], [ 462827.664177871018182, 6424615.546340946108103 ], [ 462828.52685755235143, 6424617.954381490126252 ], [ 462831.520329240243882, 6424622.95908772200346 ], [ 462832.276497903920244, 6424625.368118944577873 ], [ 462832.615574307797942, 6424627.469277034513652 ], [ 462832.213983257126529, 6424629.465979486703873 ], [ 462831.174404501041863, 6424630.945317493751645 ], [ 462829.823188563401345, 6424632.639096545055509 ], [ 462828.257925112033263, 6424634.223526448011398 ], [ 462826.27464050980052, 6424635.399887792766094 ], [ 462824.498453798238188, 6424636.574325024150312 ], [ 462822.711383428133558, 6424637.214436447247863 ], [ 462820.404648433846887, 6424637.970718907192349 ], [ 462818.523941626306623, 6424638.723041850142181 ], [ 462816.852281746803783, 6424640.319599414244294 ], [ 462815.709119962702971, 6424641.477021182887256 ], [ 462813.502063233463559, 6424641.497542646713555 ], [ 462811.60281241312623, 6424640.891703953035176 ], [ 462809.704492769902572, 6424640.386062713339925 ], [ 462806.662997904990334, 6424641.672479914501309 ], [ 462804.359167646034621, 6424642.740494256839156 ], [ 462801.750537413288839, 6424644.757727601565421 ], [ 462797.480009877122939, 6424648.783392489887774 ], [ 462794.55290324165253, 6424650.914932390674949 ], [ 462790.887116670957766, 6424652.518919293768704 ], [ 462787.946342374780215, 6424653.180914660915732 ], [ 462783.955251336214133, 6424653.529802617616951 ], [ 462781.959234108566307, 6424653.971466420218349 ], [ 462780.42410107323667, 6424655.611304609104991 ], [ 462779.007849681831431, 6424656.036440319381654 ], [ 462778.090711453056429, 6424656.044976285658777 ], [ 462776.159907965338789, 6424655.227903731167316 ], [ 462774.571037237590645, 6424654.908675462007523 ], [ 462772.826645563647617, 6424655.682019109837711 ], [ 462772.093734394875355, 6424657.681812243536115 ], [ 462771.946712146571372, 6424659.687285454943776 ], [ 462770.591640821017791, 6424657.784866524860263 ], [ 462769.742624241218437, 6424656.211754390969872 ], [ 462768.649652369786054, 6424655.130805801600218 ], [ 462766.310148284712341, 6424654.907640324905515 ], [ 462764.732885927718598, 6424655.835306321270764 ], [ 462763.497861530689988, 6424657.928847428411245 ], [ 462762.606327954272274, 6424660.687225512228906 ], [ 462761.192464475112502, 6424661.368425390683115 ], [ 462759.434082746563945, 6424660.638826702721417 ], [ 462757.921104792505503, 6424659.572926039807498 ], [ 462756.990696775144897, 6424658.156449304893613 ], [ 462755.979938129079528, 6424657.007935032248497 ], [ 462752.535319866379723, 6424655.035910909064114 ], [ 462751.693242874054704, 6424654.208710195496678 ], [ 462751.601072330784518, 6424653.207516301423311 ], [ 462752.426870389550459, 6424652.286843943409622 ], [ 462754.67192606406752, 6424651.263882458209991 ], [ 462756.07573524361942, 6424649.502784204669297 ], [ 462756.718025805486832, 6424646.668788373470306 ], [ 462757.599502284603659, 6424642.830512944608927 ], [ 462758.079953740118071, 6424640.409979341551661 ], [ 462758.973044091602787, 6424637.818594570271671 ], [ 462761.371347370906733, 6424635.45814021397382 ], [ 462764.259741199668497, 6424632.347151971422136 ], [ 462766.985269487136975, 6424628.90366473980248 ], [ 462769.469634654640686, 6424626.887565501965582 ], [ 462772.464621802442707, 6424625.690624272450805 ], [ 462775.293507849564776, 6424625.085328787565231 ], [ 462778.288498045294546, 6424623.888391930609941 ], [ 462780.606227503099944, 6424623.677544644102454 ], [ 462783.506339970277622, 6424622.459226889535785 ], [ 462785.344616842980031, 6424620.326677077449858 ], [ 462788.243490105087403, 6424618.974767385050654 ], [ 462791.150768304301891, 6424617.889995540492237 ], [ 462794.056805198313668, 6424616.671630422584713 ], [ 462795.963375023857225, 6424615.518234612420201 ], [ 462797.059616348007694, 6424614.405779392458498 ], [ 462797.672639144468121, 6424612.874730790033937 ], [ 462798.240811165131163, 6424611.611313406378031 ], [ 462799.127456432092004, 6424610.868227592669427 ], [ 462800.123509154014755, 6424610.435873865149915 ], [ 462801.32883477472933, 6424610.235386035405099 ], [ 462800.689907338412013, 6424609.617829852737486 ], [ 462800.46560477768071, 6424608.406319727189839 ], [ 462800.87379511987092, 6424607.756756015121937 ], [ 462800.758278373978101, 6424606.789180092513561 ], [ 462800.256079319631681, 6424605.602522660046816 ], [ 462800.436845972784795, 6424604.042093484662473 ], [ 462801.112859483051579, 6424603.55704733915627 ], [ 462801.220269056328107, 6424600.471954516135156 ], [ 462800.806929511483759, 6424599.295604420825839 ], [ 462800.486799113452435, 6424598.597145615145564 ], [ 462800.897801042417996, 6424597.613538403064013 ], [ 462801.575590815395117, 6424596.683119334280491 ], [ 462802.263159033318516, 6424594.895298185758293 ], [ 462802.500287488044705, 6424593.668362290598452 ], [ 462802.188366998801939, 6424592.580140062607825 ], [ 462801.566981184703764, 6424591.940152741037309 ], [ 462800.923598204157315, 6424590.84387970995158 ], [ 462800.695345162996091, 6424589.843950673006475 ], [ 462801.433964249852579, 6424589.091108408756554 ], [ 462802.427211991860531, 6424588.992798800580204 ], [ 462804.502848093165085, 6424590.109152914956212 ], [ 462806.118811606895179, 6424591.430193475447595 ], [ 462807.223401738738175, 6424593.123409417457879 ], [ 462807.148176763323136, 6424595.851917481981218 ], [ 462806.495871058839839, 6424598.886408000253141 ], [ 462806.174954971764237, 6424600.64855067897588 ], [ 462805.645284059166443, 6424602.234492252580822 ], [ 462805.346779233950656, 6424604.497452639974654 ], [ 462804.322040558792651, 6424606.299543065950274 ], [ 462803.406192014866974, 6424608.356700988486409 ], [ 462802.912025817902759, 6424609.942312747240067 ], [ 462803.58895548741566, 6424610.192096715793014 ], [ 462804.277822791074868, 6424610.452903682366014 ], [ 462805.171717263408937, 6424610.489125682041049 ], [ 462806.377871398697607, 6424610.377702968195081 ], [ 462808.13950718002161, 6424610.183177421800792 ], [ 462810.467941338720266, 6424609.849774983711541 ], [ 462812.186812130734324, 6424609.510908039286733 ], [ 462813.705968014895916, 6424608.695140606723726 ], [ 462815.547562733991072, 6424607.553492333739996 ], [ 462816.929488302732352, 6424606.616529049351811 ], [ 462818.641340235597454, 6424604.885991169139743 ], [ 462819.828192603657953, 6424604.60774331074208 ], [ 462820.765146054618526, 6424605.45634406991303 ] ], [ [ 462739.161067072011065, 6424745.790575767867267 ], [ 462739.106890147202648, 6424744.421608751639724 ], [ 462739.508936271944549, 6424743.115194484591484 ], [ 462740.321115429687779, 6424742.005369533784688 ], [ 462741.450002184137702, 6424741.226611573249102 ], [ 462742.778088270802982, 6424740.869086951948702 ], [ 462744.145928287878633, 6424740.967683017253876 ], [ 462745.411308872629888, 6424741.501456785015762 ], [ 462746.4199756012531, 6424742.427309443242848 ], [ 462747.070304141729139, 6424743.634848294779658 ], [ 462747.289632714586332, 6424744.946607358753681 ], [ 462747.071007768972777, 6424746.251312179490924 ], [ 462746.454707132827025, 6424747.426114544272423 ], [ 462745.486821625265293, 6424748.336978265084326 ], [ 462744.284859236329794, 6424748.893737546168268 ], [ 462742.966638812096789, 6424749.039625368081033 ], [ 462741.66814456199063, 6424748.762240995652974 ], [ 462740.525671883195173, 6424748.082582372240722 ], [ 462739.664097500848584, 6424747.066289367154241 ], [ 462739.161067072011065, 6424745.790575767867267 ] ], [ [ 462538.755206623929553, 6424782.311615825630724 ], [ 462541.331061223463621, 6424781.240898288786411 ], [ 462544.377058514277451, 6424780.455261025577784 ], [ 462547.034240117121954, 6424780.486044006422162 ], [ 462548.374625465483405, 6424779.549375159665942 ], [ 462549.452742015826516, 6424777.145484845153987 ], [ 462550.298513294837903, 6424773.942128114402294 ], [ 462551.766832003952004, 6424771.50118263065815 ], [ 462553.947727306222077, 6424770.590046824887395 ], [ 462555.385214320849627, 6424768.01578433252871 ], [ 462555.893001666350756, 6424764.737656120210886 ], [ 462557.709747836808674, 6424760.957379692234099 ], [ 462559.796509008680005, 6424757.575397465378046 ], [ 462562.169046577997506, 6424756.907418415881693 ], [ 462565.878323750570416, 6424757.440525432117283 ], [ 462568.878803060331848, 6424757.479243560694158 ], [ 462569.440131185634527, 6424756.126784876920283 ], [ 462570.911326417466626, 6424755.255702978000045 ], [ 462573.796321245434228, 6424753.703354671597481 ], [ 462576.425829127954785, 6424751.407426482997835 ], [ 462578.527695577125996, 6424749.005098203197122 ], [ 462580.25794651824981, 6424746.728721434250474 ], [ 462581.392447774938773, 6424744.023696700111032 ], [ 462581.360113528498914, 6424742.465250061824918 ], [ 462580.805217335640918, 6424740.711282344534993 ], [ 462579.65196368022589, 6424738.250342542305589 ], [ 462578.41793436196167, 6424735.378203776665032 ], [ 462577.961914126994088, 6424732.175901268608868 ], [ 462577.586333911749534, 6424728.716765864752233 ], [ 462578.737840365676675, 6424728.461044323630631 ], [ 462580.72848607157357, 6424730.613532493822277 ], [ 462582.829093845095485, 6424730.605011829175055 ], [ 462584.518850895925425, 6424730.956621653400362 ], [ 462586.45588789251633, 6424731.80694527272135 ], [ 462589.659018983365968, 6424731.999658251181245 ], [ 462592.044451778172515, 6424731.442915800958872 ], [ 462594.765881052066106, 6424730.114791448228061 ], [ 462601.796160946774762, 6424713.069810323417187 ], [ 462602.819080537068658, 6424709.820273427292705 ], [ 462603.115292679634877, 6424707.958138601854444 ], [ 462602.036968806816731, 6424704.650313811376691 ], [ 462601.603851542749908, 6424703.262623948045075 ], [ 462602.011861157254316, 6424701.332640049047768 ], [ 462603.610533033730462, 6424699.536263048648834 ], [ 462605.530716799781658, 6424698.583058380521834 ], [ 462607.710239518783055, 6424698.785357603803277 ], [ 462611.122634312720038, 6424701.737343871034682 ], [ 462617.394947502180003, 6424707.412676959298551 ], [ 462622.204496683785692, 6424712.333450555801392 ], [ 462627.211088176467456, 6424718.710932019166648 ], [ 462629.575349744292907, 6424722.852924481965601 ], [ 462633.139829228166491, 6424728.152765230275691 ], [ 462633.892030213435646, 6424729.492941302247345 ], [ 462634.256498605129309, 6424729.868089177645743 ], [ 462634.719474042067304, 6424730.019638282246888 ], [ 462635.756781914504245, 6424728.94109008461237 ], [ 462636.257639282033779, 6424728.713732137344778 ], [ 462636.655216678453144, 6424728.832490719854832 ], [ 462636.791109531535767, 6424729.443586713634431 ], [ 462635.147076244524214, 6424731.45191880967468 ], [ 462636.130867495550774, 6424732.879002848640084 ], [ 462638.019135929003824, 6424735.477832454256713 ], [ 462644.638564892637078, 6424746.015487652271986 ], [ 462645.101049927005079, 6424748.015273316763341 ], [ 462642.484960918023717, 6424754.285840129479766 ], [ 462641.024785660672933, 6424756.971621629782021 ], [ 462639.402568791352678, 6424759.41397128533572 ], [ 462637.53101349552162, 6424761.769579767249525 ], [ 462624.882490349584259, 6424774.736317622475326 ], [ 462623.214904602267779, 6424776.121375575661659 ], [ 462620.721266042790376, 6424778.393735128454864 ], [ 462619.699436429073103, 6424779.227196560241282 ], [ 462616.997047421697062, 6424781.323367001488805 ], [ 462615.393199360813014, 6424782.563091497868299 ], [ 462613.789576158567797, 6424784.45971595402807 ], [ 462613.714562226145063, 6424785.930094978772104 ], [ 462611.033974642632529, 6424787.825655149295926 ], [ 462607.966834864404518, 6424790.147920558229089 ], [ 462602.869952027278487, 6424793.725034519098699 ], [ 462599.575483680993784, 6424795.782218233682215 ], [ 462597.163818052737042, 6424796.060854009352624 ], [ 462595.906574887223542, 6424797.030130567029119 ], [ 462594.665974880859721, 6424799.146045940928161 ], [ 462592.76767338544596, 6424801.167908567003906 ], [ 462590.799374775844626, 6424802.032498888671398 ], [ 462588.718697225558572, 6424804.167408778332174 ], [ 462588.008720641082618, 6424805.443318039178848 ], [ 462586.020719178079162, 6424803.569149890914559 ], [ 462579.686638915212825, 6424810.253099947236478 ], [ 462581.35232080926653, 6424811.829664941877127 ], [ 462580.972438121330924, 6424812.968879750929773 ], [ 462580.103649913682602, 6424814.346481815911829 ], [ 462579.381636012636591, 6424815.600237471982837 ], [ 462575.512573153828271, 6424824.543583425693214 ], [ 462575.275737796386238, 6424825.792799372226 ], [ 462571.496791637095157, 6424831.718012679368258 ], [ 462570.451341700565536, 6424833.186341843567789 ], [ 462569.537995287973899, 6424833.595711962319911 ], [ 462568.770402711699717, 6424834.404539288021624 ], [ 462568.42083911615191, 6424835.621409080922604 ], [ 462567.578911375778262, 6424836.074646856635809 ], [ 462566.931067081575748, 6424835.768961173482239 ], [ 462563.88842512073461, 6424841.965637908317149 ], [ 462563.705679013452027, 6424843.303419678471982 ], [ 462554.414369399950374, 6424855.181238136254251 ], [ 462553.107423739391379, 6424855.894913728348911 ], [ 462551.268964066053741, 6424855.455638898536563 ], [ 462548.403783243033104, 6424857.219363776035607 ], [ 462546.103065027797129, 6424858.599250485189259 ], [ 462544.941174102656078, 6424860.26908784173429 ], [ 462544.724657265702263, 6424863.054597288370132 ], [ 462543.721893841866404, 6424864.656141036190093 ], [ 462541.968932923395187, 6424865.763685416430235 ], [ 462539.435203606612049, 6424867.535446118563414 ], [ 462535.559360671613831, 6424872.582022446207702 ], [ 462533.897896630864125, 6424874.612829157151282 ], [ 462531.887633146019652, 6424876.045672628097236 ], [ 462530.454182030749507, 6424877.15022852551192 ], [ 462526.082191681256518, 6424877.870365707203746 ], [ 462524.165630423056427, 6424878.56749586109072 ], [ 462522.576709474611562, 6424880.130002623423934 ], [ 462521.739209195831791, 6424881.685467555187643 ], [ 462519.869149251957424, 6424882.29309257119894 ], [ 462518.804698371852282, 6424882.993372870609164 ], [ 462517.632453600293957, 6424884.819190479815006 ], [ 462517.435178712825291, 6424885.867628744803369 ], [ 462517.830198103096336, 6424886.977318895049393 ], [ 462517.025665326160379, 6424887.630627748556435 ], [ 462517.000005851616152, 6424889.312091299332678 ], [ 462516.54326400073478, 6424891.086666983552277 ], [ 462516.533059005741961, 6424892.523039282299578 ], [ 462516.096645060984883, 6424893.941138810478151 ], [ 462515.807417646574322, 6424895.279921219684184 ], [ 462515.711144574976061, 6424896.371948551386595 ], [ 462515.686946787580382, 6424898.209273425862193 ], [ 462515.440180059871636, 6424899.658997139893472 ], [ 462515.029416793084238, 6424901.288400997407734 ], [ 462514.777600575762335, 6424903.461877399124205 ], [ 462514.927105292619672, 6424906.154886463657022 ], [ 462514.686745976854581, 6424907.025585944764316 ], [ 462514.184561179485172, 6424907.10823093727231 ], [ 462513.761139372247271, 6424906.755914468318224 ], [ 462513.336152035510167, 6424906.236603799276054 ], [ 462512.248427353275474, 6424906.3470059633255 ], [ 462511.986457082792185, 6424906.805952877737582 ], [ 462511.158288065867964, 6424909.98688621353358 ], [ 462511.742117769550532, 6424911.039136087521911 ], [ 462514.498430834966712, 6424912.816993683576584 ], [ 462515.050067073374521, 6424913.591197612695396 ], [ 462515.308271344052628, 6424914.624232530593872 ], [ 462514.654269611870404, 6424915.554479112848639 ], [ 462513.566539310093503, 6424917.557648759335279 ], [ 462513.270145619753748, 6424918.762891475111246 ], [ 462512.501922556723002, 6424918.870298504829407 ], [ 462511.691207030031364, 6424918.232130856253207 ], [ 462510.631575076084118, 6424917.551761248148978 ], [ 462509.780799391272012, 6424917.058710613287985 ], [ 462508.82272185117472, 6424917.11222864035517 ], [ 462507.278650394408032, 6424918.407107081264257 ], [ 462505.324833318009041, 6424920.808086938224733 ], [ 462504.003053795779124, 6424923.09180202987045 ], [ 462505.009227043075953, 6424923.750403279438615 ], [ 462506.816232015844434, 6424924.624174669384956 ], [ 462508.79624091880396, 6424926.910333758220077 ], [ 462509.673845120007172, 6424928.371784402988851 ], [ 462509.520809172361623, 6424929.720424489118159 ], [ 462508.774095744942315, 6424930.228452026844025 ], [ 462507.898958385165315, 6424930.29232663847506 ], [ 462506.996709972852841, 6424929.989035993814468 ], [ 462506.030389158637263, 6424929.163051672279835 ], [ 462504.932929338596296, 6424927.603457921184599 ], [ 462503.815873427432962, 6424926.47827141918242 ], [ 462502.647689003031701, 6424926.2108771558851 ], [ 462501.263930104789324, 6424926.301790464669466 ], [ 462500.387677783030085, 6424926.877837882377207 ], [ 462500.430798741872422, 6424927.690210298635066 ], [ 462501.715887737518642, 6424928.435266592539847 ], [ 462503.352457749191672, 6424929.43310784175992 ], [ 462505.094515632896218, 6424930.953255286440253 ], [ 462506.249954615195747, 6424933.647966163232923 ], [ 462506.160954502003733, 6424936.777434566989541 ], [ 462504.346569667104632, 6424939.53339346498251 ], [ 462502.007350808416959, 6424941.848917547613382 ], [ 462500.221963572257664, 6424943.279668948613107 ], [ 462497.934920355386566, 6424942.955965026281774 ], [ 462492.879568788455799, 6424941.466896495781839 ], [ 462497.854035916971043, 6424948.211938079446554 ], [ 462500.358769910177216, 6424950.927395206876099 ], [ 462503.170084991666954, 6424952.894005808979273 ], [ 462500.066558979044203, 6424952.577956981025636 ], [ 462498.035291466629133, 6424952.396595546975732 ], [ 462495.81559777102666, 6424951.682573753409088 ], [ 462493.70588139386382, 6424950.076807328499854 ], [ 462491.333013860858046, 6424948.172894236631691 ], [ 462489.613511634757742, 6424947.164701946079731 ], [ 462487.698901689553168, 6424946.804108561947942 ], [ 462486.889409367344342, 6424947.557675642892718 ], [ 462486.618436451535672, 6424950.210092877037823 ], [ 462486.755917057453189, 6424952.880946239456534 ], [ 462486.801515650120564, 6424955.218643680214882 ], [ 462485.278380270116031, 6424955.589218406006694 ], [ 462486.495775053335819, 6424957.949324627406895 ], [ 462487.903679365641437, 6424959.17198324482888 ], [ 462487.537237821437884, 6424960.478090556338429 ], [ 462486.103443018218968, 6424960.279996487312019 ], [ 462485.233983498124871, 6424959.686921032145619 ], [ 462483.343254293256905, 6424959.348373619839549 ], [ 462482.225715833948925, 6424958.802162012085319 ], [ 462480.560927350481506, 6424957.949335305020213 ], [ 462479.025609322648961, 6424957.651990949176252 ], [ 462477.949105847626925, 6424957.695493775419891 ], [ 462477.250076149357483, 6424956.978347612544894 ], [ 462476.648598471248988, 6424955.93740220554173 ], [ 462475.327805000415538, 6424955.170421182177961 ], [ 462473.621740473958198, 6424954.963752603158355 ], [ 462472.284841075190343, 6424955.633200700394809 ], [ 462472.264073262864258, 6424957.20327974576503 ], [ 462470.01086319622118, 6424956.701131463982165 ], [ 462468.17321084800642, 6424956.974459210410714 ], [ 462470.598118860274553, 6424959.378897107206285 ], [ 462472.020016023714561, 6424960.20059738215059 ], [ 462473.180186614510603, 6424960.245379213243723 ], [ 462473.484323470678646, 6424958.605837316252291 ], [ 462475.118931346165482, 6424958.134006632491946 ], [ 462476.148975994728971, 6424958.814644453115761 ], [ 462476.864330815209541, 6424960.010396225377917 ], [ 462476.12776071857661, 6424961.598326042294502 ], [ 462474.962548138923012, 6424962.277296132408082 ], [ 462473.372805708320811, 6424963.116125559434295 ], [ 462472.106451165804174, 6424963.105741987936199 ], [ 462470.238317549403291, 6424963.913783542811871 ], [ 462468.674293436808512, 6424964.340418064966798 ], [ 462466.698055780492723, 6424964.34783292748034 ], [ 462464.407886548200622, 6424963.690159717574716 ], [ 462465.367221647233237, 6424965.662994441576302 ], [ 462464.929933805309702, 6424967.615536911413074 ], [ 462463.716049844690133, 6424970.042994301766157 ], [ 462462.572731420281343, 6424970.532485728152096 ], [ 462461.115377137844916, 6424970.345755733549595 ], [ 462459.778089822444599, 6424969.712541854940355 ], [ 462458.533626695163548, 6424969.512680269777775 ], [ 462457.941425888508093, 6424970.720704554580152 ], [ 462457.432893393095583, 6424972.017014862038195 ], [ 462456.729805350478273, 6424972.758455309085548 ], [ 462455.475391383224633, 6424972.759098866954446 ], [ 462453.298998483165633, 6424972.245104908943176 ], [ 462451.628439289168455, 6424972.038112410344183 ], [ 462451.171380818937905, 6424973.144663378596306 ], [ 462452.06522012304049, 6424975.073574280366302 ], [ 462452.988014116359409, 6424976.935409913770854 ], [ 462453.158360707981046, 6424978.692971549928188 ], [ 462451.459204466489609, 6424979.221087133511901 ], [ 462450.224319353641476, 6424979.410825818777084 ], [ 462448.742108890437521, 6424978.467226441949606 ], [ 462446.31329317955533, 6424978.167151439934969 ], [ 462445.354917280259542, 6424978.187285882420838 ], [ 462444.928132704342715, 6424978.736856712028384 ], [ 462444.69559186778497, 6424979.807898084633052 ], [ 462444.221788893395569, 6424980.391312371939421 ], [ 462443.468505869503133, 6424980.197976382449269 ], [ 462442.591036359779537, 6424979.382306756451726 ], [ 462440.628956438798923, 6424978.376413848251104 ], [ 462439.55670222803019, 6424978.241744269616902 ], [ 462438.90000977460295, 6424978.882546735927463 ], [ 462438.63092555309413, 6424979.842592420987785 ], [ 462438.914259669836611, 6424982.289395989850163 ], [ 462439.188704773667268, 6424983.789898877963424 ], [ 462439.302208820125088, 6424984.534806150943041 ], [ 462438.452005320461467, 6424984.732069107703865 ], [ 462437.600651550746989, 6424984.806869803927839 ], [ 462437.100465019117109, 6424985.101050565950572 ], [ 462436.372088195115793, 6424986.299223445355892 ], [ 462435.747281081159599, 6424987.184673437848687 ], [ 462435.117454194929451, 6424987.535741957835853 ], [ 462434.314165440213401, 6424987.688029355369508 ], [ 462433.492813382181339, 6424987.807084815576673 ], [ 462432.912829213251825, 6424988.424899807199836 ], [ 462432.427091336692683, 6424988.997293726541102 ], [ 462431.86772642377764, 6424990.550165458582342 ], [ 462431.477385553647764, 6424991.199600777588785 ], [ 462431.15385929972399, 6424991.403051116503775 ], [ 462430.862171361513902, 6424991.216514728963375 ], [ 462430.580642895773053, 6424990.851739995181561 ], [ 462430.006903340690769, 6424990.244764207862318 ], [ 462428.73815124219982, 6424989.978336563333869 ], [ 462427.952926604542881, 6424990.163857316598296 ], [ 462427.37833712779684, 6424990.725952778942883 ], [ 462426.989461499149911, 6424991.531249829567969 ], [ 462426.547592678049114, 6424992.993946870788932 ], [ 462426.305002975394018, 6424994.254360681399703 ], [ 462426.147592366440222, 6424996.393554794602096 ], [ 462426.00887299067108, 6424998.632778685539961 ], [ 462426.047067780862562, 6425001.438170777633786 ], [ 462425.750335040153004, 6425003.233522163704038 ], [ 462424.898857422522269, 6425005.813461618497968 ], [ 462423.308677550288849, 6425005.973145579919219 ], [ 462420.681597573915496, 6425005.352065396495163 ], [ 462419.469655515393242, 6425005.463660567067564 ], [ 462417.921937560429797, 6425005.734286937862635 ], [ 462416.515017127036117, 6425005.246483135037124 ], [ 462414.542470356856938, 6425004.38544257171452 ], [ 462411.760568297875579, 6425003.030983863398433 ], [ 462410.041229341120925, 6425001.410457894206047 ], [ 462409.168892446090467, 6424999.882175575941801 ], [ 462409.445782249094918, 6424996.606196315959096 ], [ 462402.320960729150102, 6424988.979632265865803 ], [ 462413.832904513110407, 6424981.14446035027504 ], [ 462427.840363209834322, 6424963.699558455497026 ], [ 462463.809869888238609, 6424927.087410544045269 ], [ 462482.959280408627819, 6424891.30140065215528 ], [ 462481.680845049791969, 6424876.761350268498063 ], [ 462500.161725695477799, 6424840.313667150214314 ], [ 462516.609581259312108, 6424817.357181719504297 ], [ 462526.237175596412271, 6424798.428349572233856 ], [ 462528.062298361270223, 6424794.91519464738667 ], [ 462529.910611023369711, 6424794.50818851031363 ], [ 462531.756391898088623, 6424793.199359003454447 ], [ 462534.096646162914112, 6424788.456648784689605 ], [ 462536.058076245593838, 6424784.964488537982106 ], [ 462538.755206623929553, 6424782.311615825630724 ] ], [ [ 463769.671963094035164, 6424567.932980782352388 ], [ 463767.490587090898771, 6424566.87275648675859 ], [ 463765.81438662414439, 6424566.052901739254594 ], [ 463764.38519272726262, 6424565.063801536336541 ], [ 463762.790317876788322, 6424564.076203033328056 ], [ 463761.200788757938426, 6424563.67865224648267 ], [ 463760.361930687213317, 6424563.185228873044252 ], [ 463759.937944497563876, 6424562.10908464062959 ], [ 463759.580288488417864, 6424559.863282220438123 ], [ 463759.479289450449869, 6424557.860099415294826 ], [ 463759.538725049118511, 6424555.276501182466745 ], [ 463760.273559763561934, 6424553.432752665132284 ], [ 463761.598028313252144, 6424552.00674890819937 ], [ 463762.930063252686523, 6424551.415717865340412 ], [ 463764.514351895137224, 6424551.234355240128934 ], [ 463765.766606893390417, 6424551.63496308401227 ], [ 463770.877123842365108, 6424553.3366838125512 ], [ 463772.965311573119834, 6424553.907863531261683 ], [ 463774.972743654274382, 6424554.0566884605214 ], [ 463776.562275137752295, 6424554.454244722612202 ], [ 463777.910980379383545, 6424556.357056181877851 ], [ 463777.841752315929625, 6424557.860756599344313 ], [ 463777.36286068870686, 6424559.869191850535572 ], [ 463776.711565397097729, 6424561.79011765960604 ], [ 463774.571633479499724, 6424565.305537736043334 ], [ 463773.328492270491552, 6424566.56379238050431 ], [ 463771.839017471997067, 6424567.412325371988118 ], [ 463770.837640839105006, 6424567.922420990653336 ], [ 463769.671963094035164, 6424567.932980782352388 ] ], [ [ 463580.622651506215334, 6425579.572045013308525 ], [ 463577.396857609332073, 6425574.212623914703727 ], [ 463585.942687376460526, 6425571.284499137662351 ], [ 463614.235936966957524, 6425576.727455299347639 ], [ 463652.683437180297915, 6425581.766530960798264 ], [ 463679.97514662129106, 6425581.830249725840986 ], [ 463701.365888090454973, 6425577.048812994733453 ], [ 463721.698922294308431, 6425568.491564652882516 ], [ 463737.689497112005483, 6425562.534601346589625 ], [ 463751.329873870243318, 6425559.671965505927801 ], [ 463760.452595055801794, 6425560.324099112302065 ], [ 463767.816481858142652, 6425568.618910114280879 ], [ 463772.984347882214934, 6425575.486226679757237 ], [ 463773.230379782267846, 6425582.398145374841988 ], [ 463768.159785076626576, 6425586.263020886108279 ], [ 463753.030265893496107, 6425586.043878654018044 ], [ 463743.346905889455229, 6425583.582022116519511 ], [ 463737.388490577810444, 6425587.399319192394614 ], [ 463736.100337750220206, 6425588.223777776584029 ], [ 463727.372780557197984, 6425585.474942790344357 ], [ 463717.795292720024008, 6425587.5102813038975 ], [ 463708.038032974349335, 6425596.461424441076815 ], [ 463702.096333264256828, 6425606.023713824339211 ], [ 463687.171552142070141, 6425604.889983240514994 ], [ 463679.82273470738437, 6425599.567932774312794 ], [ 463661.35574731574161, 6425593.400556369684637 ], [ 463650.226198344258592, 6425590.651454820297658 ], [ 463631.80250979954144, 6425588.603362823836505 ], [ 463607.644126607279759, 6425584.391907177865505 ], [ 463588.921117422287352, 6425584.562382988631725 ], [ 463580.622651506215334, 6425579.572045013308525 ] ] ] ] } },
{ "type": "Feature", "properties": { "value": 77.1, "POI_CODE": 1 }, "geometry": { "type": "MultiPolygon", "coordinates": [ [ [ [ 459315.852001254446805, 6426930.656303357332945 ], [ 458264.987314728321508, 6426862.772455599159002 ], [ 458244.624069039011374, 6427068.554883066564798 ], [ 458244.62406903936062, 6427068.554883066564798 ], [ 458237.767560029751621, 6427195.110225775279105 ], [ 458235.997800108336378, 6427218.165235893800855 ], [ 458234.698297605791595, 6427227.93231606297195 ], [ 458232.820937769953161, 6427255.965409860946238 ], [ 458228.889730181719642, 6427314.939457926899195 ], [ 458224.280862188257743, 6427345.851455803960562 ], [ 458223.085984441684559, 6427352.043392367660999 ], [ 458222.369787166477181, 6427357.072374456562102 ], [ 458220.862535503518302, 6427387.116889286786318 ], [ 458220.363324738224037, 6427425.902293661609292 ], [ 458217.25538063357817, 6427438.026463336311281 ], [ 458206.563633443089202, 6427462.900603962130845 ], [ 458203.271746614365838, 6427472.131835384294391 ], [ 458198.525681434082799, 6427484.239756829105318 ], [ 458195.692885461496189, 6427489.86986636929214 ], [ 458173.105897669331171, 6427534.175178597681224 ], [ 458167.511328238761052, 6427545.99140197224915 ], [ 458206.724137687066104, 6427570.387864786200225 ], [ 458220.411359062534757, 6427582.046890690922737 ], [ 458226.222728735825513, 6427586.996483133174479 ], [ 458253.005541879159864, 6427612.013282380066812 ], [ 458287.880303152487613, 6427648.636602592654526 ], [ 458398.924486636416987, 6427770.065520063973963 ], [ 458440.505045489757322, 6427815.516485360451043 ], [ 458451.188195409602486, 6427827.864451183006167 ], [ 458435.779573150270153, 6427840.428162970580161 ], [ 458442.96517124294769, 6427849.082564882934093 ], [ 458457.774310756940395, 6427861.888663434423506 ], [ 458503.273393910261802, 6427913.02245912514627 ], [ 458554.896356646087952, 6427972.076388804242015 ], [ 458576.953033152269199, 6427996.220212026499212 ], [ 458634.980004755838308, 6428057.825267720967531 ], [ 458901.695002677268349, 6428348.177870349958539 ], [ 458914.939340336248279, 6428360.344813977368176 ], [ 459230.058066623867489, 6428702.562694264575839 ], [ 459292.936466612212826, 6428805.980683866888285 ], [ 459395.889689181465656, 6428850.860233457759023 ], [ 459385.653807186579797, 6428815.131885096430779 ], [ 459383.668035070761107, 6428784.04500831477344 ], [ 459394.410757695382927, 6428758.039602140896022 ], [ 459408.45025810826337, 6428742.286856696940958 ], [ 459468.338045711978339, 6428684.360219711437821 ], [ 459480.790613834571559, 6428675.872145268134773 ], [ 459515.264387560018804, 6428645.226634531281888 ], [ 459519.851957327744458, 6428641.149587409570813 ], [ 459529.607433463272173, 6428633.089835416525602 ], [ 459542.423336652165744, 6428650.51846110727638 ], [ 459563.852981909411028, 6428679.673182295635343 ], [ 459577.680835734354332, 6428696.067334827966988 ], [ 459590.691193164559081, 6428707.047499410808086 ], [ 459602.567957594350446, 6428712.917486794292927 ], [ 459619.167824213393033, 6428717.592936703003943 ], [ 459649.134922850120347, 6428724.716481328010559 ], [ 459660.580613441066816, 6428725.380237617529929 ], [ 459672.593502812902443, 6428724.256843546405435 ], [ 459683.312130860635079, 6428721.999739692546427 ], [ 459693.075523840205278, 6428718.226934706792235 ], [ 459706.296410372771788, 6428710.856357186101377 ], [ 459731.008037416264415, 6428697.468872288241982 ], [ 459745.431401640875265, 6428690.910224534571171 ], [ 459762.021958166791592, 6428686.456404966302216 ], [ 459784.452358893817291, 6428686.384935718029737 ], [ 459605.354231230390724, 6428407.663209076039493 ], [ 459506.246123198827263, 6428209.296706910245121 ], [ 459452.955391495197546, 6428061.226284888572991 ], [ 459451.646401735546533, 6427991.013180376961827 ], [ 459448.894766132347286, 6427843.417771963402629 ], [ 459352.088876782683656, 6427600.691203805617988 ], [ 459308.663123605481815, 6427514.354002353735268 ], [ 459338.980554000474513, 6427403.260577697306871 ], [ 459372.849114991782699, 6427277.356299231760204 ], [ 459294.922537202888634, 6427241.07383371796459 ], [ 459269.33771133859409, 6427199.726472049020231 ], [ 459262.951299526379444, 6427185.8628343436867 ], [ 459265.981625484768301, 6427175.076412335969508 ], [ 459265.891171128139831, 6427166.203466976061463 ], [ 459276.232972099678591, 6427167.779299043118954 ], [ 459287.218472755048424, 6427162.300722397863865 ], [ 459305.741462419508025, 6427153.06002232991159 ], [ 459327.218713869573548, 6427134.247426804155111 ], [ 459331.781468483561184, 6427118.27924548368901 ], [ 459320.488836585602257, 6427087.797732191160321 ], [ 459316.77921164163854, 6427073.127374981530011 ], [ 459314.731460608250927, 6427052.071404242888093 ], [ 459319.605423209490255, 6427032.392393345013261 ], [ 459314.57766400341643, 6426974.813570159487426 ], [ 459320.665135434071999, 6426949.421559254638851 ], [ 459315.799514436279424, 6426931.010786743834615 ], [ 459315.799514435930178, 6426931.010786743834615 ], [ 459315.852001254446805, 6426930.656303357332945 ] ] ] ] } },
{ "type": "Feature", "properties": { "value": 85.8, "POI_CODE": 1 }, "geometry": { "type": "MultiPolygon", "coordinates": [ [ [ [ 462012.281236727023497, 6422739.973998840898275 ], [ 461979.07772759872023, 6422701.552770836278796 ], [ 461908.895136325096246, 6422770.847866955213249 ], [ 461907.365991614351515, 6422829.091069570742548 ], [ 461861.909078904893249, 6422869.035851810127497 ], [ 461800.12414019490825, 6422944.488621038384736 ], [ 461719.433250659902114, 6423003.485903139226139 ], [ 461467.179269228246994, 6423203.454038480296731 ], [ 461262.663924118038267, 6423275.08783096820116 ], [ 461245.263247792958282, 6423303.658855861984193 ], [ 461271.552620189904701, 6423339.201396033167839 ], [ 461361.958547554560937, 6423856.045243307948112 ], [ 461906.604449849750381, 6423740.630560074932873 ], [ 462060.913830177974887, 6423757.876093110069633 ], [ 462427.539384430914652, 6424253.581227233633399 ], [ 462444.277180336415768, 6424243.95955384708941 ], [ 462454.189803254790604, 6424238.254997164011002 ], [ 462514.302007755904924, 6424203.677065301686525 ], [ 462594.09404353692662, 6424157.770916636101902 ], [ 462736.382372293970548, 6424075.310033210553229 ], [ 462750.27226598240668, 6424066.986106713302433 ], [ 462791.170903607271612, 6424045.61804480291903 ], [ 462806.616551460814662, 6424035.275743175297976 ], [ 462836.557353380601853, 6424018.007126852869987 ], [ 462851.227688212413341, 6424009.553833229467273 ], [ 462947.24204123171512, 6423951.913834519684315 ], [ 463043.721236960554961, 6423900.729543603025377 ], [ 463067.608702806057408, 6423887.248467138968408 ], [ 463137.816135129949544, 6423845.916379037313163 ], [ 463245.384685845579952, 6423782.58928291592747 ], [ 463354.604395005386323, 6423718.614081450738013 ], [ 463481.560760381515138, 6423645.550602417439222 ], [ 463533.625085069797933, 6423613.166015050373971 ], [ 463705.904739475634415, 6423514.623432270251215 ], [ 463751.439297120145056, 6423488.947885209694505 ], [ 463792.277443585975561, 6423463.593710579909384 ], [ 463867.817382269713562, 6423421.734653270803392 ], [ 463851.28670732647879, 6423393.506914491765201 ], [ 463831.899658256908879, 6423358.677278981544077 ], [ 463798.906685921130702, 6423300.656520915217698 ], [ 463730.789639872673433, 6423190.80327273812145 ], [ 463620.11054167279508, 6423032.694064610637724 ], [ 463591.830643186927773, 6422995.552642744034529 ], [ 463561.623720392526593, 6422956.83682126738131 ], [ 463515.997207433450967, 6422898.298766870982945 ], [ 463457.221486633294262, 6422826.242294579744339 ], [ 463385.338856718910392, 6422745.432877139188349 ], [ 463171.822213678737171, 6422528.03265762142837 ], [ 463039.51039257843513, 6422407.859802193939686 ], [ 463009.434544452640694, 6422380.536794343963265 ], [ 462963.28730826015817, 6422341.52738955616951 ], [ 462849.718196107947733, 6422252.929966168478131 ], [ 462768.500051209819503, 6422191.334924580529332 ], [ 462701.029214194975793, 6422143.78680247720331 ], [ 462647.495100628933869, 6422109.514912167564034 ], [ 462567.928223610157147, 6422061.14664931409061 ], [ 462558.106637101562228, 6422054.961147915571928 ], [ 462526.112748840008862, 6422034.81183289270848 ], [ 462509.536516699008644, 6422024.372347682714462 ], [ 462428.346632797503844, 6421972.525982857681811 ], [ 462394.975149234582204, 6421950.465964057482779 ], [ 462411.202165437105577, 6422456.2249790513888 ], [ 462458.982720054395031, 6422773.968150745145977 ], [ 462285.335234727535862, 6422808.874399840831757 ], [ 462148.836605979944579, 6422806.003975992091 ], [ 462095.543770762044005, 6422788.831858242861927 ], [ 462071.269810619472992, 6422755.788139917887747 ], [ 462022.586147327907383, 6422751.898260165937245 ], [ 462023.946315784647595, 6422755.481605709530413 ], [ 462022.630520449019969, 6422756.574081627652049 ], [ 462020.46756186831044, 6422756.360796365886927 ], [ 462018.546048366639297, 6422756.011613792739809 ], [ 462018.314532559365034, 6422757.81750469096005 ], [ 462017.604886963847093, 6422759.149175419472158 ], [ 462012.392170329985674, 6422755.112508186139166 ], [ 462008.940393716853578, 6422746.98411856032908 ], [ 462010.72428275027778, 6422744.684732177294791 ], [ 462010.838121770066209, 6422744.545184009708464 ], [ 462012.509230631985702, 6422742.496675682254136 ], [ 462012.248553031648044, 6422739.982886253856122 ], [ 462012.281236727023497, 6422739.973998840898275 ] ], [ [ 462389.864960170234554, 6423244.745596116408706 ], [ 462388.978231807122938, 6423246.134535509161651 ], [ 462387.508095097728074, 6423245.914543006569147 ], [ 462387.442160057718866, 6423244.567960252054036 ], [ 462387.708637194300536, 6423243.318457869812846 ], [ 462386.934710801404435, 6423242.223476428538561 ], [ 462385.343259783403482, 6423241.692875756882131 ], [ 462383.199807343422435, 6423241.635089301504195 ], [ 462382.23304977157386, 6423242.067266705445945 ], [ 462380.078606725728605, 6423240.840525154024363 ], [ 462379.828548412944656, 6423239.428870227187872 ], [ 462381.721154051658232, 6423238.620568654499948 ], [ 462383.658590241102502, 6423238.802764113992453 ], [ 462386.907500587694813, 6423239.328916801139712 ], [ 462388.088021538918838, 6423239.596167162060738 ], [ 462390.441783455316909, 6423239.98599658254534 ], [ 462391.558958869136404, 6423241.701251070015132 ], [ 462392.544552546460181, 6423243.273001838475466 ], [ 462391.517811616125982, 6423244.251302144490182 ], [ 462389.864960170234554, 6423244.745596116408706 ] ] ] ] } },
{ "type": "Feature", "properties": { "value": 95.0, "POI_CODE": 1 }, "geometry": { "type": "MultiPolygon", "coordinates": [ [ [ [ 459449.936986838874873, 6422017.152892490848899 ], [ 459257.802558038558345, 6422079.424305288121104 ], [ 459156.506027142750099, 6422159.495867411606014 ], [ 459226.051758035435341, 6422235.744582309387624 ], [ 459332.588634501618799, 6422158.742978533729911 ], [ 459386.131580351386219, 6422095.80013310816139 ], [ 459434.027127298992127, 6422195.152705118060112 ], [ 459639.324579361593351, 6422167.887698316015303 ], [ 459639.324579361884389, 6422167.887698316015303 ], [ 459639.324579361942597, 6422167.887698316015303 ], [ 459629.263290884264279, 6422183.643555306829512 ], [ 459629.5186282810173, 6422208.959678235463798 ], [ 459637.242812677111942, 6422232.730791259557009 ], [ 459642.922806888876949, 6422271.642491528764367 ], [ 459651.872041501570493, 6422327.088624848984182 ], [ 459654.460835643229075, 6422348.361858160234988 ], [ 459661.200981845613569, 6422365.596147614531219 ], [ 459672.424792474892456, 6422411.188086871057749 ], [ 459679.891056119347923, 6422428.225812605582178 ], [ 459682.512732329720166, 6422452.783261246979237 ], [ 459671.474529912637081, 6422497.864676936529577 ], [ 459673.042858788161539, 6422508.960601463913918 ], [ 459682.198723662353586, 6422530.345833173952997 ], [ 459696.324339610233437, 6422537.852612141519785 ], [ 459729.819183300249279, 6422567.376816780306399 ], [ 459754.517907261557411, 6422574.777423734776676 ], [ 459772.873046384833287, 6422586.060898751020432 ], [ 459784.655437779205386, 6422596.686788493767381 ], [ 459793.708175559120718, 6422607.885699957609177 ], [ 459812.369727069861256, 6422613.153919022530317 ], [ 459828.619069849082734, 6422614.638611639849842 ], [ 459852.572618557082023, 6422620.399466843344271 ], [ 459878.052299534727354, 6422632.524940226227045 ], [ 459893.148660033475608, 6422646.580592432059348 ], [ 459899.29514176142402, 6422659.078139090910554 ], [ 459898.511194237333257, 6422671.834412266500294 ], [ 459904.399372181040235, 6422676.87478188611567 ], [ 459935.517485115036834, 6422687.485575103200972 ], [ 459955.188047200674191, 6422703.121228134259582 ], [ 459977.619111073669046, 6422702.351272985339165 ], [ 459988.523204761149827, 6422698.055860103107989 ], [ 459998.021515413478483, 6422699.41945959161967 ], [ 460013.618586631782819, 6422708.549331609159708 ], [ 460036.770579706353601, 6422725.431004396639764 ], [ 460040.336516524665058, 6422733.912894934415817 ], [ 459930.704209924559109, 6423023.334939546883106 ], [ 459916.469696499349084, 6423054.385472495108843 ], [ 459778.592485429835506, 6423410.63194702193141 ], [ 459755.192803611629643, 6423471.246973644010723 ], [ 459749.760990063601639, 6423484.195582583546638 ], [ 460209.894112134701572, 6423630.318462376482785 ], [ 460324.971013417642098, 6423471.154447839595377 ], [ 460511.990256510383915, 6423423.560138959437609 ], [ 460799.367204918293282, 6423412.416988465003669 ], [ 460934.663114847964607, 6423400.697209324687719 ], [ 461100.619285801483784, 6423328.383640957996249 ], [ 461129.075449283467606, 6423255.32985825650394 ], [ 461199.780492632358801, 6423242.167366906069219 ], [ 461245.263247792958282, 6423303.658855861984193 ], [ 461262.663924118038267, 6423275.08783096820116 ], [ 461467.179269228246994, 6423203.454038480296731 ], [ 461719.433250659902114, 6423003.485903139226139 ], [ 461800.12414019490825, 6422944.488621038384736 ], [ 461861.909078904893249, 6422869.035851810127497 ], [ 461907.365991614351515, 6422829.091069570742548 ], [ 461908.895136325096246, 6422770.847866955213249 ], [ 461979.07772759872023, 6422701.552770836278796 ], [ 462012.281236727023497, 6422739.973998840898275 ], [ 462015.006258896493819, 6422739.233005611225963 ], [ 462019.612001229426824, 6422742.317920583300292 ], [ 462021.34110143588623, 6422747.345172293484211 ], [ 462022.586147327907383, 6422751.898260165937245 ], [ 462071.269810619472992, 6422755.788139917887747 ], [ 462095.543770762044005, 6422788.831858242861927 ], [ 462148.836605979944579, 6422806.003975992091 ], [ 462285.335234727535862, 6422808.874399840831757 ], [ 462458.982720054395031, 6422773.968150745145977 ], [ 462411.202165437105577, 6422456.2249790513888 ], [ 462394.975149234582204, 6421950.465964057482779 ], [ 462352.386912322137505, 6421922.31326580606401 ], [ 462318.258249539823737, 6421901.914221266284585 ], [ 462120.052985636983067, 6421783.995332540944219 ], [ 462120.601114716031589, 6421784.321432719007134 ], [ 462127.788564995629713, 6421773.534222645685077 ], [ 461988.20118893776089, 6421692.644523571245372 ], [ 461880.590599617455155, 6421632.008203095756471 ], [ 461809.734954095969442, 6421593.057943990454078 ], [ 461742.246687679085881, 6421559.588024065829813 ], [ 461683.424270581046585, 6421531.981786243617535 ], [ 461639.073145662085153, 6421512.220728651620448 ], [ 461562.019823799666483, 6421479.602577896788716 ], [ 461517.442549495783169, 6421462.316752190701663 ], [ 461475.097657284233719, 6421446.268068499863148 ], [ 461433.717948986159172, 6421431.468663038685918 ], [ 461381.192068783740979, 6421413.604013294912875 ], [ 461314.558502174448222, 6421391.445035938173532 ], [ 461246.272208235808648, 6421371.162519154138863 ], [ 461212.739607122784946, 6421362.114644642919302 ], [ 461165.016815685667098, 6421349.237927242182195 ], [ 461130.279317887849174, 6421339.864943624474108 ], [ 461066.482555274385959, 6421324.674626396037638 ], [ 461047.593285974755418, 6421320.170967990532517 ], [ 460947.882205269299448, 6421300.80058226455003 ], [ 460807.00269962643506, 6421277.248258124105632 ], [ 460660.863396744709462, 6421251.414415860548615 ], [ 460564.403677040012553, 6421234.214974860660732 ], [ 460530.067874564847443, 6421227.995406035333872 ], [ 460502.901943840552121, 6421223.027313969098032 ], [ 460488.534155874920543, 6421220.399739963933825 ], [ 460470.567160867329221, 6421217.648850788362324 ], [ 460394.786104286555201, 6421205.660477471537888 ], [ 460333.397280519304331, 6421195.512770753353834 ], [ 460286.714877588907257, 6421187.213089087046683 ], [ 460263.567961191816721, 6421183.15972266625613 ], [ 460252.190716024837457, 6421210.435928775928915 ], [ 460252.190716023091227, 6421210.435928776860237 ], [ 460252.19071602524491, 6421210.435928778722882 ], [ 460254.976469574961811, 6421215.418554117903113 ], [ 460257.617060676042456, 6421222.484671210870147 ], [ 460258.40670349431457, 6421234.612841472029686 ], [ 460257.640391434775665, 6421236.76930037047714 ], [ 460249.18364037113497, 6421255.34674406517297 ], [ 460241.138369302439969, 6421273.007137016393244 ], [ 460233.171581541828346, 6421292.002842568792403 ], [ 460217.864260687492788, 6421320.279274398460984 ], [ 460146.741168965119869, 6421460.78456974029541 ], [ 460061.704848524008412, 6421614.222925554029644 ], [ 460009.72682759485906, 6421593.520449635572731 ], [ 459991.433302694233134, 6421594.115179462358356 ], [ 459963.268836679169908, 6421636.883966668508947 ], [ 459844.031714079610538, 6421741.223335700109601 ], [ 459829.115040670090821, 6421754.277268413454294 ], [ 459750.116558715992142, 6421859.70791497733444 ], [ 459741.567236325412523, 6421894.030880957841873 ], [ 459714.058947203855496, 6421926.20648786611855 ], [ 459707.475467050680891, 6421918.111537721008062 ], [ 459693.635886884527281, 6421902.173389215953648 ], [ 459679.469541169004515, 6421895.546590369194746 ], [ 459663.034018312115222, 6421891.748470176942647 ], [ 459640.162218008190393, 6421890.954676126129925 ], [ 459614.132612371817231, 6421893.533065859228373 ], [ 459571.565499451884534, 6421902.157355752773583 ], [ 459541.657116909977049, 6421909.407133703120053 ], [ 459515.135704370506573, 6421916.622881049290299 ], [ 459495.223825735854916, 6421924.506764884106815 ], [ 459495.223825735040009, 6421924.506764884106815 ], [ 459449.936986838874873, 6422017.152892490848899 ] ], [ [ 459941.758626891300082, 6421981.784700556658208 ], [ 459921.368434809031896, 6421975.653567596338689 ], [ 459942.043247870577034, 6421946.910238515585661 ], [ 459945.613842305494472, 6421939.7933006035164 ], [ 459953.881595659127925, 6421923.33250377047807 ], [ 459967.157434605294839, 6421929.791028092615306 ], [ 459979.415720495919231, 6421935.758740023709834 ], [ 459972.67611392820254, 6421960.554683812893927 ], [ 459941.758626891300082, 6421981.784700556658208 ] ], [ [ 459926.735489416576456, 6421996.56511408649385 ], [ 459930.96374618797563, 6421995.999490399844944 ], [ 459932.597332468663808, 6421997.697771155275404 ], [ 459931.432328821043484, 6422003.176215306855738 ], [ 459928.676389562606346, 6422008.258628516457975 ], [ 459922.094264902290888, 6422019.759119807742536 ], [ 459922.326800043112598, 6422022.28420462552458 ], [ 459921.593023745226674, 6422023.516288971528411 ], [ 459920.381560639361851, 6422024.352333136834204 ], [ 459918.632013495487627, 6422022.900166027247906 ], [ 459918.078493840526789, 6422021.43602338898927 ], [ 459914.174455535889138, 6422022.443773435428739 ], [ 459913.179121441033203, 6422025.348575422540307 ], [ 459915.336643770278897, 6422027.331085670739412 ], [ 459913.231187127879821, 6422030.547621949575841 ], [ 459913.137706662819255, 6422034.812871887348592 ], [ 459910.09151163964998, 6422037.515534084290266 ], [ 459904.475042024452705, 6422036.636534307152033 ], [ 459895.265542608860414, 6422024.069459170103073 ], [ 459894.671199823264033, 6422017.940591434948146 ], [ 459899.413536310486961, 6422011.357434934936464 ], [ 459909.638127767539117, 6422005.253805221989751 ], [ 459915.752978895092383, 6422007.408229568041861 ], [ 459922.324093475472182, 6422003.679354719817638 ], [ 459922.097144107159693, 6422001.120812096633017 ], [ 459923.425514318922069, 6421998.357420003972948 ], [ 459926.735489416576456, 6421996.56511408649385 ] ], [ [ 461426.905757788568735, 6422283.089761742390692 ], [ 461426.532968286483083, 6422293.559244184754789 ], [ 461422.648821493319701, 6422302.782167418859899 ], [ 461423.560256883443799, 6422313.183603383600712 ], [ 461419.494928978849202, 6422320.192625248804688 ], [ 461420.487831248319708, 6422324.302607278339565 ], [ 461420.573463936627377, 6422333.1866549635306 ], [ 461422.860614093136974, 6422339.499813952483237 ], [ 461417.16281071031699, 6422341.770386981777847 ], [ 461413.355960060027428, 6422341.807086116634309 ], [ 461405.090810466499534, 6422341.252143166959286 ], [ 461401.177224880608264, 6422330.835125640034676 ], [ 461393.529984471679199, 6422328.047461879439652 ], [ 461390.265098541334737, 6422319.205215227790177 ], [ 461388.894154897076078, 6422308.440798760391772 ], [ 461398.145053306943737, 6422279.81531473621726 ], [ 461398.38842357887188, 6422271.896746101789176 ], [ 461404.97853590809973, 6422263.905839566141367 ], [ 461412.646943464991637, 6422268.263205895200372 ], [ 461416.755007140745874, 6422269.982763626612723 ], [ 461421.576323835062794, 6422271.984932850115001 ], [ 461427.790193566353992, 6422275.944392376579344 ], [ 461426.905757788568735, 6422283.089761742390692 ] ], [ [ 461322.306636286142748, 6422421.859288083389401 ], [ 461315.671112888318021, 6422425.720088511705399 ], [ 461310.37573505967157, 6422435.91428622789681 ], [ 461304.063172247319017, 6422440.106002424843609 ], [ 461297.430818709894083, 6422444.289687231183052 ], [ 461291.505273961054627, 6422455.436389273963869 ], [ 461258.088028689555358, 6422481.122829457744956 ], [ 461237.484023345634341, 6422485.441885925829411 ], [ 461234.925801031524315, 6422483.562760615721345 ], [ 461252.224857324443292, 6422466.282384632155299 ], [ 461268.570567909337115, 6422448.365543386898935 ], [ 461283.284119973890483, 6422426.356138524599373 ], [ 461289.916706384159625, 6422422.807062489911914 ], [ 461305.506694901792798, 6422392.216139039956033 ], [ 461312.151625649537891, 6422389.936249860562384 ], [ 461316.938945001107641, 6422392.105629765428603 ], [ 461322.286416231829207, 6422397.709986818023026 ], [ 461330.732243009493686, 6422406.55779018625617 ], [ 461329.85253213980468, 6422414.170764510519803 ], [ 461327.349493451998569, 6422418.002753750421107 ], [ 461322.306636286142748, 6422421.859288083389401 ] ], [ [ 459976.140128109138459, 6421893.615995227359235 ], [ 459990.272577349736821, 6421877.942827433347702 ], [ 459997.152929311268963, 6421862.464648179709911 ], [ 460031.767372325761244, 6421816.970646748319268 ], [ 460080.280154646607116, 6421788.584858749061823 ], [ 460084.729943940066732, 6421776.3599275322631 ], [ 460107.411336443503387, 6421774.040655613876879 ], [ 460116.333522275730502, 6421776.802050757221878 ], [ 460135.891711899370421, 6421809.329969418235123 ], [ 460130.911469288344961, 6421820.034772215411067 ], [ 460067.691200185858179, 6421851.606205930002034 ], [ 460045.021039763174485, 6421871.617476837709546 ], [ 460030.990029213484377, 6421891.54261230956763 ], [ 460025.048358249652665, 6421907.334244263358414 ], [ 460002.792408091656398, 6421922.520616423338652 ], [ 459992.850632411777042, 6421913.111550776287913 ], [ 459986.813810275809374, 6421912.849003131501377 ], [ 459972.124516491312534, 6421905.39135514292866 ], [ 459976.140128109138459, 6421893.615995227359235 ] ], [ [ 460070.320543600595556, 6421959.067328699864447 ], [ 460073.966533984872513, 6421942.864435778930783 ], [ 460093.38086856767768, 6421946.155776702798903 ], [ 460092.20906596101122, 6421956.321639699861407 ], [ 460084.692939454107545, 6421966.851377347484231 ], [ 460070.320543600595556, 6421959.067328699864447 ] ], [ [ 461296.718986469844822, 6422796.173468821682036 ], [ 461307.645297370618209, 6422809.37286663800478 ], [ 461312.274868033244275, 6422828.344873533584177 ], [ 461304.760377346246969, 6422839.19518072810024 ], [ 461289.584629999473691, 6422846.322932437993586 ], [ 461264.115825480141211, 6422840.223037048242986 ], [ 461250.12082579464186, 6422837.831124762073159 ], [ 461237.300428344635293, 6422825.908363660797477 ], [ 461233.408082666108385, 6422817.072317205369473 ], [ 461234.558221536572091, 6422805.01425151899457 ], [ 461252.218426005914807, 6422792.161658423021436 ], [ 461273.807667428103741, 6422791.318043443374336 ], [ 461296.718986469844822, 6422796.173468821682036 ] ] ] ] } },
{ "type": "Feature", "properties": { "value": 99.2, "POI_CODE": 1 }, "geometry": { "type": "MultiPolygon", "coordinates": [ [ [ [ 464631.450469727511518, 6425753.362854091450572 ], [ 463662.581907574844081, 6425907.66185705922544 ], [ 462938.643132423167117, 6425519.474291305989027 ], [ 462338.199076950666495, 6424993.036415451206267 ], [ 462500.995300285052508, 6424588.266283478587866 ], [ 462427.53938443120569, 6424253.581227233633399 ], [ 462253.846050790860318, 6424353.428335842676461 ], [ 462151.08167705941014, 6424413.643137644045055 ], [ 462066.806779307778925, 6424469.398652671836317 ], [ 462032.48003499553306, 6424493.985224797390401 ], [ 462005.071881935349666, 6424516.112567369826138 ], [ 461978.013004544947762, 6424542.579019031487405 ], [ 461919.317965129041113, 6424602.548187335021794 ], [ 461833.15774760604836, 6424711.747375576756895 ], [ 461782.71599262568634, 6424803.271423594094813 ], [ 461726.44988140987698, 6424919.090514980256557 ], [ 461545.28043323935708, 6425313.145065457560122 ], [ 461366.700048342987429, 6425706.270518301986158 ], [ 461323.13611039792886, 6425797.556199711747468 ], [ 461306.914374123269226, 6425824.412477313540876 ], [ 461271.334175236290321, 6425902.951024295762181 ], [ 461262.350300962512847, 6425920.874724603258073 ], [ 461263.88217310840264, 6425937.327051936648786 ], [ 461267.419581742957234, 6425946.467183312401175 ], [ 461281.106839007232338, 6425962.790623171254992 ], [ 461308.755763675726485, 6425987.763665153644979 ], [ 461362.822988478001207, 6426032.901189407333732 ], [ 461385.377713289693929, 6426050.531025752425194 ], [ 461788.301574174081907, 6426393.393270272761583 ], [ 461879.148688819957897, 6426475.117585016414523 ], [ 461907.843878582760226, 6426505.751906442455947 ], [ 461941.71567496820353, 6426547.114818965084851 ], [ 462367.34544951794669, 6427054.367094159126282 ], [ 462412.790543387993239, 6427109.898673648945987 ], [ 462879.704761179571506, 6427661.040250650607049 ], [ 462961.646379264187999, 6427757.779783751815557 ], [ 462979.246636232244782, 6427778.559617190621793 ], [ 462991.250955624796916, 6427792.722123536281288 ], [ 463082.84715160477208, 6427900.820365536026657 ], [ 463132.403032246453222, 6427943.250693159177899 ], [ 463173.397549729794264, 6427971.052590801380575 ], [ 463216.148269584169611, 6427998.293166923336685 ], [ 463255.653056323470082, 6428017.246989266015589 ], [ 463296.071347823250107, 6428032.062108487822115 ], [ 463346.321093872946221, 6428046.798541187308729 ], [ 463366.351447846740484, 6428052.471248835325241 ], [ 463389.05168422695715, 6428054.645793278701603 ], [ 463397.293501127918717, 6428053.980163327418268 ], [ 463405.514109749405179, 6428051.644652691669762 ], [ 463411.825961311114952, 6428047.478407075628638 ], [ 463415.947631199611351, 6428043.031613463535905 ], [ 463418.753171945107169, 6428037.550286052748561 ], [ 463419.326188481878489, 6428035.228438270278275 ], [ 463429.860711063898634, 6428036.097472157329321 ], [ 463428.806557369825896, 6428022.928432088345289 ], [ 463425.841565858048853, 6427950.941222499124706 ], [ 463426.447881168336608, 6427913.191600834950805 ], [ 463428.434735214570537, 6427868.648771191947162 ], [ 463432.359895179921295, 6427813.644565041176975 ], [ 463438.047143725096248, 6427768.321903761476278 ], [ 463444.15388401132077, 6427727.471260529011488 ], [ 463451.154523172474001, 6427692.535708267241716 ], [ 463459.222527506179176, 6427655.975987685844302 ], [ 463469.248106351937167, 6427616.848715170286596 ], [ 463480.099183592479676, 6427580.029785294085741 ], [ 463488.278512291668449, 6427554.948205680586398 ], [ 463500.492996526707429, 6427520.399335783906281 ], [ 463514.986133660248015, 6427483.458170374855399 ], [ 463529.956946398015134, 6427446.991461677476764 ], [ 463548.310248520399909, 6427407.253979044035077 ], [ 463564.033889941114467, 6427374.811024002730846 ], [ 463581.817891461658292, 6427341.959667674265802 ], [ 463602.268813397618942, 6427306.467627190053463 ], [ 463620.955956995720044, 6427276.614389212802052 ], [ 463641.294009359262418, 6427246.18952411878854 ], [ 463662.751392743899487, 6427215.910463157109916 ], [ 463679.917161728371866, 6427193.59788372181356 ], [ 463705.714524612878449, 6427161.219840599223971 ], [ 463731.048784650804009, 6427131.852332771755755 ], [ 463785.479358989920001, 6427071.124149882234633 ], [ 463822.756434013834223, 6427030.147687945514917 ], [ 463989.119868678913917, 6426848.69874425791204 ], [ 464082.494633292779326, 6426742.164263240993023 ], [ 464132.641671827586833, 6426684.040273176506162 ], [ 464187.555128546373453, 6426619.071409929543734 ], [ 464200.631789473001845, 6426604.491321069188416 ], [ 464236.837093941110652, 6426563.881605283357203 ], [ 464245.540967959736008, 6426554.11889632884413 ], [ 464267.671396564925089, 6426529.296279061585665 ], [ 464292.388187810080126, 6426501.572665564715862 ], [ 464346.005073043052107, 6426443.18663751333952 ], [ 464368.944112451456022, 6426418.120099384337664 ], [ 464391.225810329371598, 6426392.269047898240387 ], [ 464412.4145111318212, 6426364.535096627660096 ], [ 464440.490915527159814, 6426323.769004268571734 ], [ 464468.152641908440273, 6426281.53713262360543 ], [ 464494.018562634999398, 6426238.842657334171236 ], [ 464515.048731650982518, 6426199.074960893951356 ], [ 464535.578374877164606, 6426155.51517141982913 ], [ 464557.488999718800187, 6426103.537174602039158 ], [ 464576.388634807430208, 6426054.825948132202029 ], [ 464591.304194367141463, 6426007.063086891546845 ], [ 464604.444019276532345, 6425959.805902416817844 ], [ 464613.85100703430362, 6425915.17600179836154 ], [ 464622.049274349526968, 6425864.956489532254636 ], [ 464625.433833900373429, 6425838.973489618860185 ], [ 464628.318704018602148, 6425812.004001162946224 ], [ 464629.568629647488706, 6425796.149447743780911 ], [ 464631.450469727511518, 6425753.362854091450572 ] ], [ [ 463353.438094654120505, 6426903.589428868144751 ], [ 463348.536793273640797, 6426905.694156855344772 ], [ 463345.208918212971184, 6426905.891689924523234 ], [ 463332.792431899753865, 6426901.095538077875972 ], [ 463320.103071469231509, 6426901.367867811582983 ], [ 463311.341120790049899, 6426897.172873138450086 ], [ 463296.837469702470116, 6426889.868592686019838 ], [ 463283.322271133773029, 6426885.873193958774209 ], [ 463275.221990946214646, 6426885.46886919438839 ], [ 463267.161188860016409, 6426888.716127902269363 ], [ 463247.114650724513922, 6426881.930606506764889 ], [ 463239.072707775048912, 6426887.226392423734069 ], [ 463228.738874019647483, 6426884.47118132468313 ], [ 463223.210685007390566, 6426887.216466262936592 ], [ 463217.143822344020009, 6426882.840999086387455 ], [ 463204.966868528048508, 6426887.384408285841346 ], [ 463199.509448494936805, 6426879.830184599384665 ], [ 463186.705582530819811, 6426885.014057209715247 ], [ 463164.808679940237198, 6426884.748211984522641 ], [ 463159.166607571940403, 6426875.135966226458549 ], [ 463169.256258204753976, 6426868.073117232881486 ], [ 463190.705002703063656, 6426871.683296615257859 ], [ 463215.221398784662597, 6426864.175952761434019 ], [ 463268.320104785670992, 6426859.089214502833784 ], [ 463336.674801778804976, 6426865.286598212085664 ], [ 463352.98959381779423, 6426872.095654522068799 ], [ 463354.443896099575795, 6426892.023185946047306 ], [ 463356.88368408329552, 6426898.814778091385961 ], [ 463353.438094654120505, 6426903.589428868144751 ] ], [ [ 463069.269148021761794, 6427120.110826330259442 ], [ 463071.924696670495905, 6427115.654974026605487 ], [ 463075.243641545763239, 6427114.510908274911344 ], [ 463083.179348804813344, 6427115.072217855602503 ], [ 463087.166253566625528, 6427117.095164619386196 ], [ 463089.591765693970956, 6427122.305711827240884 ], [ 463091.609543703089003, 6427151.88109425175935 ], [ 463091.489372564479709, 6427156.157638525590301 ], [ 463087.559639269136824, 6427159.678863616660237 ], [ 463082.481645095278509, 6427159.892786309123039 ], [ 463076.744536990008783, 6427156.61674764752388 ], [ 463074.472926258749794, 6427150.781284927390516 ], [ 463068.848713225335814, 6427126.449926150031388 ], [ 463069.269148021761794, 6427120.110826330259442 ] ] ] ] } },
{ "type": "Feature", "properties": { "value": 96.7, "POI_CODE": 1 }, "geometry": { "type": "MultiPolygon", "coordinates": [ [ [ [ 455679.432354128453881, 6421591.814696823246777 ], [ 455736.128934740205295, 6421592.901985008269548 ], [ 455911.222007836855482, 6421576.845569347031415 ], [ 456029.240118788031396, 6421570.180986745283008 ], [ 456114.084887582925148, 6421555.176503978669643 ], [ 456239.058336101064924, 6421540.536659512668848 ], [ 456597.969226538669318, 6421500.432717359624803 ], [ 456636.869320556987077, 6421495.347985167056322 ], [ 456660.568285522342194, 6421492.250231984071434 ], [ 456658.200101618538611, 6421474.865735605359077 ], [ 456656.683596951304935, 6421463.733293630182743 ], [ 456651.329280393430963, 6421431.970004013739526 ], [ 456584.853601444920059, 6420993.216267039999366 ], [ 456559.485883898625616, 6420826.246140275150537 ], [ 456520.67882758466294, 6420562.466395646333694 ], [ 456519.570711280801333, 6420554.630184965208173 ], [ 456518.869392093038186, 6420549.670701118186116 ], [ 456500.984096887754276, 6420431.743348739109933 ], [ 456480.296550511615351, 6420301.354080217890441 ], [ 456460.311726448766422, 6420138.167398003861308 ], [ 456450.024477092258167, 6420054.027599533088505 ], [ 456443.35804143268615, 6419983.621321816928685 ], [ 456438.205628197232727, 6419942.948867589235306 ], [ 456436.393283230660018, 6419922.303715895861387 ], [ 456434.073439335101284, 6419866.435843614861369 ], [ 456434.282318298530299, 6419784.308577221818268 ], [ 456433.731736370595172, 6419742.262318558059633 ], [ 456431.000042962958105, 6419746.187774604186416 ], [ 456424.970332161348779, 6419755.628253662958741 ], [ 456418.838726118789054, 6419764.958510028198361 ], [ 456414.05047983705299, 6419769.684091547504067 ], [ 456411.868752798181958, 6419771.837265877053142 ], [ 456404.669755743991118, 6419776.179955622181296 ], [ 456401.04545653500827, 6419777.433013477362692 ], [ 456396.647260929108597, 6419778.894911496900022 ], [ 456390.779592970851809, 6419779.804972366429865 ], [ 456384.677472349023446, 6419779.860269972123206 ], [ 456378.198485916364007, 6419779.585658026859164 ], [ 456373.937617302522995, 6419780.055152251385152 ], [ 456369.248885381035507, 6419780.952406198717654 ], [ 456365.158680483466014, 6419783.490990865975618 ], [ 456361.100806279224344, 6419787.365317837335169 ], [ 456357.668923524674028, 6419793.225830632261932 ], [ 456353.443100325181149, 6419799.629432818852365 ], [ 456349.42255700903479, 6419805.295953243970871 ], [ 456344.494044516526628, 6419817.352203978225589 ], [ 456341.086875713663176, 6419820.03924797102809 ], [ 456336.042424191895407, 6419821.998156708665192 ], [ 456331.462901395047083, 6419825.299228263087571 ], [ 456327.602732928993646, 6419830.997425694018602 ], [ 456326.259997461573221, 6419833.918061058968306 ], [ 456324.709969100775197, 6419835.21538015268743 ], [ 456322.359181763371453, 6419835.886787613853812 ], [ 456319.97265506524127, 6419837.627458588220179 ], [ 456314.622972340439446, 6419842.562524545006454 ], [ 456312.49068526289193, 6419846.427038444206119 ], [ 456309.696716885606293, 6419850.465781399048865 ], [ 456306.745933207334019, 6419854.25015277788043 ], [ 456305.464214545325376, 6419858.417147975414991 ], [ 456303.123395388189238, 6419864.889318596571684 ], [ 456301.602479623514228, 6419867.767370068468153 ], [ 456299.800945583439898, 6419870.448069798760116 ], [ 456295.262452219438273, 6419875.329777365550399 ], [ 456292.835668472398538, 6419878.807822325266898 ], [ 456289.532698365102988, 6419881.805529344826937 ], [ 456285.964212651131675, 6419884.360772998072207 ], [ 456278.944489484012593, 6419890.98422668594867 ], [ 456276.160096197680105, 6419894.265771607868373 ], [ 456272.70904958283063, 6419899.436256902292371 ], [ 456267.461118435952812, 6419915.849525724537671 ], [ 456266.552376189327333, 6419921.07020150590688 ], [ 456266.463645538606215, 6419925.424599974416196 ], [ 456266.808041498414241, 6419930.921081265434623 ], [ 456268.380536144133657, 6419936.571166593581438 ], [ 456268.188147509470582, 6419940.113908051513135 ], [ 456267.401380259136204, 6419942.939422552473843 ], [ 456265.111311900662258, 6419946.994965848512948 ], [ 456261.534974585694727, 6419950.452179798856378 ], [ 456257.469769449147861, 6419952.545242024585605 ], [ 456251.24308732978534, 6419953.648711764253676 ], [ 456242.526377081754617, 6419954.601244960911572 ], [ 456232.908990693627857, 6419953.915792024694383 ], [ 456225.908275413326919, 6419952.500319152139127 ], [ 456220.519634599972051, 6419947.882888849824667 ], [ 456216.730066319345497, 6419942.669014635495842 ], [ 456213.98645481118001, 6419935.038746519945562 ], [ 456213.376665361167397, 6419928.576503424905241 ], [ 456212.515546913491562, 6419922.42876233253628 ], [ 456210.717531993752345, 6419915.667753635905683 ], [ 456207.129747945407871, 6419909.40507751237601 ], [ 456201.827173909230623, 6419900.74505447037518 ], [ 456198.072108167107217, 6419892.19059182703495 ], [ 456195.901932843611576, 6419885.533865715377033 ], [ 456193.434811780403834, 6419877.188005726784468 ], [ 456189.408908489043824, 6419872.043545356020331 ], [ 456182.46384698379552, 6419865.439049653708935 ], [ 456176.331563983811066, 6419861.642599889077246 ], [ 456169.150417044234928, 6419858.915374354459345 ], [ 456163.202077427180484, 6419858.935926255770028 ], [ 456155.736851805995684, 6419861.11083507258445 ], [ 456145.16588145471178, 6419869.67732554487884 ], [ 456141.246656386298127, 6419875.365219984203577 ], [ 456140.121409886167385, 6419881.902120241895318 ], [ 456140.4136384127778, 6419890.193822326138616 ], [ 456142.724033239996061, 6419898.285283044911921 ], [ 456145.037466103793122, 6419906.655064198188484 ], [ 456145.006031717755832, 6419913.525145788677037 ], [ 456143.034625169239007, 6419920.160382096655667 ], [ 456140.500611267518252, 6419924.652898764237761 ], [ 456138.114631535776425, 6419929.678232896141708 ], [ 456133.303425774152856, 6419945.340920669026673 ], [ 456131.059472570603248, 6419949.807999295182526 ], [ 456127.204953731852584, 6419955.985101317055523 ], [ 456121.858503060357179, 6419962.802058696746826 ], [ 456115.07759343663929, 6419970.636807303875685 ], [ 456108.909261032182258, 6419974.356373296119273 ], [ 456099.146127848769538, 6419977.669980422593653 ], [ 456069.186189403699245, 6419988.586966601200402 ], [ 456062.238042942306492, 6419991.42442979849875 ], [ 456057.260994310374372, 6419995.17554637324065 ], [ 456053.183478995924816, 6419999.373298583552241 ], [ 456050.250026336580049, 6420004.70531505998224 ], [ 456047.666521728038788, 6420010.612467365339398 ], [ 456043.747047347540502, 6420026.510437240824103 ], [ 456042.705922862922307, 6420034.215527042746544 ], [ 456042.431481926236302, 6420039.440432896837592 ], [ 456041.891328034515027, 6420046.90620943158865 ], [ 456040.970767741673626, 6420054.799256730824709 ], [ 456039.115827012283262, 6420061.767294196411967 ], [ 456035.602044519560877, 6420071.436858189292252 ], [ 456031.34975037490949, 6420080.212669643573463 ], [ 456025.570287983282469, 6420088.571021257899702 ], [ 456017.265703246695921, 6420101.666833942756057 ], [ 456008.359154721023515, 6420110.115219945088029 ], [ 456003.469885444443207, 6420114.288538980297744 ], [ 455986.976394835277461, 6420122.942789996042848 ], [ 455979.211111745855305, 6420125.254943840205669 ], [ 455973.043884563376196, 6420126.347063960507512 ], [ 455965.485164975980297, 6420126.430152708664536 ], [ 455956.371530117408838, 6420125.728696964681149 ], [ 455951.28991304745432, 6420123.179194600321352 ], [ 455945.706576343509369, 6420119.722219747491181 ], [ 455939.485987955064047, 6420117.04051563795656 ], [ 455932.827778513601515, 6420112.81599442474544 ], [ 455927.192846283724066, 6420110.595498672686517 ], [ 455922.158119031169917, 6420110.695434769615531 ], [ 455917.434081329789478, 6420111.571345596574247 ], [ 455913.060245951986872, 6420111.430203576572239 ], [ 455908.438839101581834, 6420109.788686679676175 ], [ 455904.707876205618959, 6420107.769946896471083 ], [ 455901.044523080403451, 6420107.587594331242144 ], [ 455896.208669421379454, 6420108.531565885990858 ], [ 455890.368304555944633, 6420108.640412545762956 ], [ 455885.445068990346044, 6420109.718968734145164 ], [ 455879.154535879206378, 6420109.298352312296629 ], [ 455872.070912785071414, 6420109.487724851816893 ], [ 455865.953444750164635, 6420110.256572465412319 ], [ 455860.657193693972658, 6420112.430412161163986 ], [ 455856.279835609951988, 6420115.195374144241214 ], [ 455852.604890382266603, 6420118.798791809007525 ], [ 455850.09195818338776, 6420123.012915181927383 ], [ 455849.865446620504372, 6420127.725141373462975 ], [ 455850.605019490991253, 6420134.085701998323202 ], [ 455853.027880287030712, 6420141.051220360212028 ], [ 455855.875558343017474, 6420147.321743290871382 ], [ 455859.940622711670585, 6420154.391642795875669 ], [ 455861.231466970988549, 6420158.630649053491652 ], [ 455861.3844830620219, 6420164.452103713527322 ], [ 455859.908569919352885, 6420170.837080263532698 ], [ 455857.801208928693086, 6420174.757243226282299 ], [ 455852.593365726002958, 6420179.568905675783753 ], [ 455847.673540619143751, 6420180.948093354701996 ], [ 455844.097870354889892, 6420182.802370075136423 ], [ 455840.19722806889331, 6420185.272609061561525 ], [ 455836.109705997107085, 6420186.375416428782046 ], [ 455831.926733148633502, 6420186.343600889667869 ], [ 455827.274254999938421, 6420185.103348986245692 ], [ 455823.813475517672487, 6420182.870156989432871 ], [ 455821.145788348338101, 6420179.492540665902197 ], [ 455819.466950242698658, 6420174.456169971264899 ], [ 455818.9053540189052, 6420169.195928289555013 ], [ 455817.969639369868673, 6420162.781865452416241 ], [ 455815.919765571714379, 6420154.186672280542552 ], [ 455813.317899729590863, 6420144.962924845516682 ], [ 455810.937240563274827, 6420139.143777640536427 ], [ 455807.876599583774805, 6420132.909037464298308 ], [ 455804.183949284255505, 6420126.848284568637609 ], [ 455798.960525164322462, 6420120.047306868247688 ], [ 455791.313448625267483, 6420112.12627062574029 ], [ 455783.161442653858103, 6420104.622784649021924 ], [ 455770.836887119396124, 6420098.579418053850532 ], [ 455763.596702540584374, 6420094.250259979628026 ], [ 455755.925587333855219, 6420085.772849442437291 ], [ 455749.953863417787943, 6420076.675437414087355 ], [ 455742.330170228204224, 6420062.307580946944654 ], [ 455738.992582062259316, 6420055.151819886639714 ], [ 455735.400672435353044, 6420050.181158609688282 ], [ 455732.503238485893235, 6420044.256425716914237 ], [ 455729.962091021530796, 6420038.405696013942361 ], [ 455725.43126076029148, 6420028.357129210606217 ], [ 455689.604348630120512, 6419971.523919659666717 ], [ 455667.615439784713089, 6419960.610828001052141 ], [ 455635.837207620264962, 6419983.798725136555731 ], [ 455611.815131246054079, 6420064.764952822588384 ], [ 455582.976364125381224, 6420077.777531651780009 ], [ 455528.065659701649565, 6420124.571149025112391 ], [ 455500.643122960696928, 6420127.414284649305046 ], [ 455478.020847164734732, 6420105.330608140677214 ], [ 455489.393027259560768, 6420076.277760125696659 ], [ 455476.409720492025372, 6420052.060581617057323 ], [ 455449.4732832738664, 6420053.373281445354223 ], [ 455423.243920200038701, 6420072.437230635434389 ], [ 455415.438110173738096, 6420101.962746062316 ], [ 455388.150911805103533, 6420117.498054358176887 ], [ 455358.628348133061081, 6420114.776217472739518 ], [ 455324.017320720420685, 6420066.43912947922945 ], [ 455294.466126408427954, 6420061.190629752352834 ], [ 455271.322373898059595, 6420083.271902893669903 ], [ 455257.756310677097645, 6420143.313937166705728 ], [ 455229.558748487965204, 6420168.491540157236159 ], [ 455132.604800743109081, 6420183.794695494696498 ], [ 455079.493758431635797, 6420208.751485250890255 ], [ 455055.76904212491354, 6420315.092659940943122 ], [ 455040.795108252495993, 6420340.123271634802222 ], [ 454914.615346990176477, 6420423.255211301147938 ], [ 454881.414106659358367, 6420455.094225286506116 ], [ 454858.412313472246751, 6420471.423592264764011 ], [ 454845.094273132097442, 6420480.878297225572169 ], [ 454777.531980234431103, 6420486.20560368988663 ], [ 454759.360311213182285, 6420452.919259645976126 ], [ 454707.753006477607414, 6420430.655226121656597 ], [ 454707.477673704328481, 6420406.30791790317744 ], [ 454742.772719888249412, 6420380.022005836479366 ], [ 454743.470394754549488, 6420351.588601904921234 ], [ 454704.041267855558544, 6420327.171728008426726 ], [ 454661.327234344906174, 6420327.142840714193881 ], [ 454642.891580980503932, 6420315.682962449267507 ], [ 454649.448548789252527, 6420265.872391559183598 ], [ 454624.286846605245955, 6420244.334395306184888 ], [ 454564.551684696984012, 6420267.847743284888566 ], [ 454520.931264174054377, 6420322.143118279986084 ], [ 454468.121575197204947, 6420328.833502765744925 ], [ 454422.309629936178681, 6420368.936556343920529 ], [ 454339.277013467974029, 6420407.972330702468753 ], [ 454320.558756113168783, 6420399.835134114138782 ], [ 454313.192807058861945, 6420378.864410003647208 ], [ 454298.909418522962369, 6420374.172860180027783 ], [ 454243.17995591921499, 6420397.444944882765412 ], [ 454209.59500641626073, 6420411.868985431268811 ], [ 454186.438342973182444, 6420427.988884900696576 ], [ 454165.843378689722158, 6420426.71026782784611 ], [ 454116.831587536493316, 6420385.195339296944439 ], [ 454064.568709544779267, 6420379.525848410092294 ], [ 454029.979554704681505, 6420365.258963573724031 ], [ 453997.880358385853469, 6420337.758617741055787 ], [ 453965.957085780450143, 6420347.767612675204873 ], [ 453954.098942985117901, 6420377.843781089410186 ], [ 453960.450870585744269, 6420399.593790592625737 ], [ 454015.739244200813118, 6420431.949256186373532 ], [ 454037.547006902343128, 6420471.281001122668386 ], [ 454000.025043603440281, 6420524.487883316352963 ], [ 453997.79294000659138, 6420551.413747124373913 ], [ 454029.746901578095276, 6420589.114666836336255 ], [ 454026.583167275588494, 6420623.655866775661707 ], [ 453965.655693880922627, 6420675.105437627062201 ], [ 453930.636721919348929, 6420724.732448610477149 ], [ 453872.896514124877285, 6420788.316507767885923 ], [ 453814.409373171569314, 6420786.46314933989197 ], [ 453732.820737066911533, 6420853.876214196905494 ], [ 453719.051807110314257, 6420894.129636560566723 ], [ 453669.711891721293796, 6420936.308756931684911 ], [ 453598.134549385576975, 6420901.608222683891654 ], [ 453557.634648107341491, 6420916.296125810593367 ], [ 453571.76314782933332, 6420951.138296275399625 ], [ 453553.677001661388204, 6421013.766507284715772 ], [ 453598.891472674731631, 6421054.850917661562562 ], [ 453564.975512241479009, 6421111.059960685670376 ], [ 453543.328182702360209, 6421129.582325513474643 ], [ 453519.734904552693479, 6421111.584854803979397 ], [ 453500.371779931359924, 6421064.1106231296435 ], [ 453416.763774038699921, 6420956.490223983302712 ], [ 453363.088343878800515, 6420931.74007046315819 ], [ 453307.676085802086163, 6420975.51983742415905 ], [ 453240.893705030437559, 6420960.065376748330891 ], [ 453207.609294310444966, 6420983.290505643934011 ], [ 453195.77136124833487, 6421057.516108309850097 ], [ 453171.443190215504728, 6421107.526084672659636 ], [ 452959.86729856277816, 6421100.363767028786242 ], [ 452888.410077682696283, 6421119.475181022658944 ], [ 452842.622787304630037, 6421159.585323111154139 ], [ 452800.576216458750423, 6421172.261619954369962 ], [ 452764.923589267826173, 6421166.591600681655109 ], [ 452758.45262659387663, 6421135.213642360642552 ], [ 452650.791333952802233, 6421059.347075551748276 ], [ 452595.099015010287985, 6421035.655358036980033 ], [ 452558.606498135486618, 6421045.217645381577313 ], [ 452541.721752400801051, 6421078.909621151164174 ], [ 452549.662578584218863, 6421105.715919561684132 ], [ 452551.641459301463328, 6421144.250461652874947 ], [ 452460.16034380759811, 6421179.785001345910132 ], [ 452439.807926135486923, 6421187.698212753981352 ], [ 452393.394913952273782, 6421219.276031919755042 ], [ 452382.248389645770658, 6421226.859744166024029 ], [ 452409.401626065606251, 6421240.245872898958623 ], [ 452679.076558886852581, 6421374.736068561673164 ], [ 452772.068090473476332, 6421420.780579973943532 ], [ 452912.033440351544414, 6421489.801176520064473 ], [ 453235.1955308833858, 6421647.705019745975733 ], [ 453308.261083554825746, 6421678.317582682706416 ], [ 453375.625888280803338, 6421703.130103051662445 ], [ 453422.371557826176286, 6421716.48149823769927 ], [ 453470.640330308582634, 6421728.93612636718899 ], [ 453503.49836044193944, 6421736.214720564894378 ], [ 453535.094450241711456, 6421742.439342211931944 ], [ 453576.92427440622123, 6421749.202446016483009 ], [ 453651.748845266993158, 6421756.185098801739514 ], [ 453729.661785684409551, 6421758.323460754938424 ], [ 453783.534077351330779, 6421758.19106781296432 ], [ 453896.055897412297782, 6421752.10590841807425 ], [ 453986.09882729529636, 6421745.625306847505271 ], [ 454073.567118074453901, 6421737.706554071977735 ], [ 454247.94726039248053, 6421722.849832652136683 ], [ 454582.483205122582149, 6421693.443058144301176 ], [ 454595.308048827573657, 6421692.685202524065971 ], [ 454609.547690968844108, 6421691.855651659891009 ], [ 454619.513923211605288, 6421691.275054445490241 ], [ 454666.371524013928138, 6421688.751151444390416 ], [ 454733.19091401755577, 6421687.616493932902813 ], [ 454814.954083114804234, 6421686.13611083664 ], [ 454867.355075930478051, 6421683.618804874829948 ], [ 454883.340451027848758, 6421687.413525633513927 ], [ 454927.680342683393974, 6421686.914076050743461 ], [ 454927.680342686653603, 6421686.914076048880816 ], [ 455024.787222794955596, 6421667.764902171678841 ], [ 455188.040320283384062, 6421635.770209367386997 ], [ 455679.432354128453881, 6421591.814696823246777 ] ], [ [ 453324.472809515951667, 6421537.814755615778267 ], [ 453330.715828999294899, 6421528.222196763381362 ], [ 453338.748754462692887, 6421525.345005162991583 ], [ 453342.142915116623044, 6421543.68808698002249 ], [ 453326.446043951495085, 6421543.492485211230814 ], [ 453324.472809515951667, 6421537.814755615778267 ] ] ] ] } },
{ "type": "Feature", "properties": { "value": 84.5, "POI_CODE": 1 }, "geometry": { "type": "MultiPolygon", "coordinates": [ [ [ [ 460024.766877337300684, 6420007.809482393786311 ], [ 459802.530979743169155, 6419714.444359956309199 ], [ 459784.765002685540821, 6419606.397927690297365 ], [ 459869.792231537692714, 6419559.757067540660501 ], [ 460086.533203201950528, 6419547.185414503328502 ], [ 460177.985828728880733, 6419517.137061950750649 ], [ 460485.091749983315822, 6419729.590727780014277 ], [ 460485.110557377687655, 6419729.555585983209312 ], [ 460503.510001611022744, 6419713.597379143349826 ], [ 460765.470740532327909, 6419541.420454204082489 ], [ 460777.396912818832789, 6419503.170054064132273 ], [ 460774.506631743744947, 6419449.432727770879865 ], [ 460758.680037822749, 6419377.428879513405263 ], [ 460749.166718085529283, 6419360.787809604778886 ], [ 460742.459754085575696, 6419355.409041468985379 ], [ 460732.15608543343842, 6419351.245726926252246 ], [ 460721.030286906170659, 6419342.403124692849815 ], [ 460714.014449494308792, 6419331.516148878261447 ], [ 460712.256026475632098, 6419321.390404368750751 ], [ 460715.398191471642349, 6419313.098238116130233 ], [ 460723.646260567416903, 6419300.380395645275712 ], [ 460724.311623459972907, 6419283.628483155742288 ], [ 460710.122778958873823, 6419203.547824415378273 ], [ 460701.21159280417487, 6419106.981814426369965 ], [ 460678.922210144344717, 6418864.570538180880249 ], [ 460669.219708752003498, 6418814.919499152339995 ], [ 460649.016478713136166, 6418741.222159129567444 ], [ 460643.604818083171267, 6418723.02684491686523 ], [ 460640.8581911639194, 6418717.31986275408417 ], [ 460635.237921357445884, 6418709.870818851515651 ], [ 460627.929372439510189, 6418700.6903469953686 ], [ 460620.041296813462395, 6418690.435594766400754 ], [ 460604.483241713547613, 6418663.789214237593114 ], [ 460596.411117152310908, 6418657.733795885927975 ], [ 460540.201720852346625, 6418588.844726236537099 ], [ 460523.694115129124839, 6418566.37207811884582 ], [ 460513.960365257400554, 6418546.29334310349077 ], [ 460506.755957067769486, 6418532.101805922575295 ], [ 460477.160247586900368, 6418493.84799615573138 ], [ 460455.082544230564963, 6418439.721209891140461 ], [ 460439.155480574409012, 6418380.10048356000334 ], [ 460413.066051179019269, 6418326.770626391284168 ], [ 460376.105583578289952, 6418245.847246984019876 ], [ 460326.550115336722229, 6418126.180398290976882 ], [ 460385.661114021553658, 6418153.597518933936954 ], [ 460401.572319020750001, 6418159.252192463725805 ], [ 460413.663508873723913, 6418156.816909420304 ], [ 460427.997819453186821, 6418145.040446350350976 ], [ 460460.877267503354233, 6418098.877736370079219 ], [ 460483.995833579450846, 6418032.347429404966533 ], [ 460485.76160278491443, 6418020.862114242278039 ], [ 460488.157174484280404, 6418005.317855764180422 ], [ 460481.058874634443782, 6417970.728027180768549 ], [ 460446.448764792876318, 6417935.941957938484848 ], [ 460420.872626126918476, 6417895.243948782794178 ], [ 460414.346541992737912, 6417847.844608407467604 ], [ 460427.853168581088539, 6417799.546044325456023 ], [ 460440.386051763372961, 6417746.84812250174582 ], [ 460451.37934451532783, 6417726.732058036141098 ], [ 460458.734843561134767, 6417716.416324302554131 ], [ 460457.620656169659924, 6417697.811454302631319 ], [ 460432.735789276717696, 6417656.416245036758482 ], [ 460402.099899425113108, 6417575.975771550089121 ], [ 460406.31642901909072, 6417554.53479599300772 ], [ 460402.207401919120457, 6417539.444426068104804 ], [ 460385.238043713441584, 6417520.539717204868793 ], [ 460354.044811424915679, 6417495.440527413971722 ], [ 460338.687423433875665, 6417498.698776892386377 ], [ 460297.959008435485885, 6417502.720407095737755 ], [ 460256.507278235279955, 6417502.541011248715222 ], [ 460210.091869533702265, 6417499.794838648289442 ], [ 460178.521727141691372, 6417495.96647691167891 ], [ 460155.332289987185504, 6417493.157319969497621 ], [ 460093.271160229400266, 6417484.956534824334085 ], [ 460033.580910167831462, 6417478.525629631243646 ], [ 459985.33076673396863, 6417473.161608296446502 ], [ 459943.705677062738687, 6417470.504311412572861 ], [ 459906.37591362191597, 6417466.401617042720318 ], [ 459886.705326098075602, 6417463.970775251276791 ], [ 459854.430298784223851, 6417459.6732517182827 ], [ 459781.562492708209902, 6417449.29191423393786 ], [ 459694.077879536314867, 6417436.832031580619514 ], [ 459610.597651320742443, 6417425.881322604604065 ], [ 459602.179675546474755, 6417424.73026882763952 ], [ 459592.726229446008801, 6417423.188847397454083 ], [ 459575.119622588157654, 6417420.304504854604602 ], [ 459571.307614190969616, 6417419.708308939822018 ], [ 459509.798030235862825, 6417410.01901585329324 ], [ 459480.727433122636285, 6417404.946155897341669 ], [ 459432.688086829206441, 6417396.569339014589787 ], [ 459414.069796846131794, 6417393.328517524525523 ], [ 459386.63806306256447, 6417388.540362766012549 ], [ 459326.840596980939154, 6417379.415484924800694 ], [ 459287.126947045442648, 6417373.071398074738681 ], [ 459186.627077686716802, 6417356.646305150352418 ], [ 459092.438913532998413, 6417341.261576808989048 ], [ 459077.907304880965967, 6417338.849062057211995 ], [ 458982.991424331208691, 6417323.118034368380904 ], [ 458915.546798436844256, 6417311.93978526443243 ], [ 458876.026188399177045, 6417308.370125234127045 ], [ 458833.037897599861026, 6417308.900345909409225 ], [ 458792.091755339934025, 6417314.887939847074449 ], [ 458774.387019139889162, 6417316.984981197863817 ], [ 458718.514106033253483, 6417320.198606982827187 ], [ 458686.884474267018959, 6417318.954504796303809 ], [ 458653.791860260476824, 6417318.995008516125381 ], [ 458640.775622404064052, 6417319.841828335076571 ], [ 458623.393933680956252, 6417323.361351342871785 ], [ 458606.767609241767786, 6417329.411693100817502 ], [ 458597.780737046967261, 6417336.374132614582777 ], [ 458589.922808875911869, 6417345.874608193524182 ], [ 458576.821680321590975, 6417367.186723107472062 ], [ 458565.680661850725301, 6417388.846046982333064 ], [ 458561.224745580228046, 6417405.125406929291785 ], [ 458560.969396592874546, 6417420.570843818597496 ], [ 458547.955922554247081, 6417410.183778780512512 ], [ 458537.366921625100076, 6417384.874447082169354 ], [ 458530.43879877688596, 6417393.686256451532245 ], [ 458524.127710069820751, 6417401.968399168923497 ], [ 458517.827927314210683, 6417410.19476552773267 ], [ 458512.058840682613663, 6417417.569469781592488 ], [ 458507.77198146074079, 6417423.236481166444719 ], [ 458502.504139453230891, 6417430.349931439384818 ], [ 458496.493637195206247, 6417438.450865235179663 ], [ 458491.079388144542463, 6417446.879654101096094 ], [ 458486.084366022550967, 6417455.716066325083375 ], [ 458481.300293810316361, 6417464.884319478645921 ], [ 458475.923566116893198, 6417475.784480866976082 ], [ 458473.677964396891184, 6417482.198633092455566 ], [ 458471.253341044008266, 6417489.071133507415652 ], [ 458469.185237844008952, 6417495.450048115104437 ], [ 458467.614716136478819, 6417501.790407447144389 ], [ 458465.970646249654237, 6417507.897716261446476 ], [ 458459.3070644987165, 6417537.62763028498739 ], [ 458457.350024984509218, 6417546.710954262875021 ], [ 458455.761629150016233, 6417554.755000825040042 ], [ 458454.378308855579235, 6417563.709908026270568 ], [ 458450.468848627002444, 6417593.756454863585532 ], [ 458443.624430164054502, 6417727.824667149223387 ], [ 458442.099960723076947, 6417645.382320035248995 ], [ 458435.900093340664171, 6417768.966815819963813 ], [ 458432.97174499637913, 6417872.44287764467299 ], [ 458432.579445662442595, 6417885.38709553424269 ], [ 458432.421801053103991, 6417890.58870052266866 ], [ 458432.031014436215628, 6417903.483005153015256 ], [ 458431.230628788820468, 6417933.764569159597158 ], [ 458429.79985451704124, 6417958.129399748519063 ], [ 458428.274270125664771, 6417984.209846779704094 ], [ 458425.52754955884302, 6418022.283114222809672 ], [ 458424.371484182309359, 6418041.122651426121593 ], [ 458422.909939531120472, 6418064.797502296976745 ], [ 458405.92308754415717, 6418635.467630771920085 ], [ 458405.857422748289537, 6418637.706242799758911 ], [ 458402.618274568463676, 6418722.469476692378521 ], [ 458389.058966459240764, 6419209.878123762086034 ], [ 458369.822188109508716, 6419883.139310780912638 ], [ 458369.259578062745277, 6419900.272152396850288 ], [ 458375.695135569258127, 6419900.391658472828567 ], [ 458382.142501629306935, 6419900.51394803635776 ], [ 458387.262321006681304, 6419900.026534053497016 ], [ 458398.640357133641373, 6419919.671211919747293 ], [ 458418.996967631741427, 6419937.875497253611684 ], [ 458434.143633612548001, 6419946.180142718367279 ], [ 458448.724488528911024, 6419953.633395481854677 ], [ 458467.708269642200321, 6419958.324351747520268 ], [ 458517.913398627832066, 6419946.291578932665288 ], [ 458590.220645258901641, 6419925.93648434150964 ], [ 458629.366950890980661, 6419912.360488925129175 ], [ 458667.024472806719132, 6419896.874060514383018 ], [ 458700.953290856210515, 6419880.012413411401212 ], [ 458719.421184491191525, 6419866.260859354399145 ], [ 458733.538363124884199, 6419855.760797383263707 ], [ 458737.51288728317013, 6419852.212649689055979 ], [ 458740.422485381481238, 6419851.113817859441042 ], [ 458743.125427637423854, 6419850.083920435979962 ], [ 458762.99060450604884, 6419842.542080862447619 ], [ 458778.441412235260941, 6419836.682458898052573 ], [ 458786.198099544737488, 6419847.157669084146619 ], [ 458798.635756500763819, 6419866.892759800888598 ], [ 458832.504986452113371, 6419897.196415526792407 ], [ 458835.148027554678265, 6419899.563061346299946 ], [ 458840.236709715565667, 6419905.267043146304786 ], [ 458853.39777628518641, 6419927.410941118374467 ], [ 458853.004033543053083, 6419941.566281673498452 ], [ 458844.110541756555904, 6419965.150355963967741 ], [ 458826.015960812452249, 6420010.028130845166743 ], [ 458890.596308739623055, 6420020.120270512066782 ], [ 458956.046907888026908, 6420030.761228777468204 ], [ 459035.943366642575711, 6420048.00268635712564 ], [ 459196.551076756324619, 6420082.426383649930358 ], [ 459255.517374827875756, 6420092.381157628260553 ], [ 459676.512748733046465, 6420132.578843380324543 ], [ 459728.891926102747675, 6420131.61766279861331 ], [ 459785.611089267942589, 6420119.190157580189407 ], [ 459846.408186024753377, 6420097.470267126336694 ], [ 459902.561972616938874, 6420072.869559422135353 ], [ 460011.327431417477783, 6420015.823064958676696 ], [ 460024.766877337300684, 6420007.809482393786311 ] ] ] ] } },
{ "type": "Feature", "properties": { "value": 90.4, "POI_CODE": 1 }, "geometry": { "type": "MultiPolygon", "coordinates": [ [ [ [ 448022.886063329526223, 6425419.650454401038587 ], [ 447931.911749262479134, 6425357.395380196161568 ], [ 447909.009154266968835, 6425357.693697086535394 ], [ 447864.838918379216921, 6425323.974553832784295 ], [ 447845.235435968323145, 6425337.740345240570605 ], [ 447596.67134226008784, 6425756.664926339872181 ], [ 447486.330155261442997, 6426043.951979202218354 ], [ 447486.330155261792243, 6426043.951979202218354 ], [ 447439.677524757396895, 6426161.05534871853888 ], [ 447399.884080762742087, 6426261.077649811282754 ], [ 447376.673691261385102, 6426311.188266924582422 ], [ 447373.1257881023339, 6426316.245553897693753 ], [ 447351.019410313572735, 6426347.724729414097965 ], [ 447339.216324295266531, 6426363.335063450038433 ], [ 447327.413331724063028, 6426378.945433144457638 ], [ 447330.216606895031873, 6426381.135413822717965 ], [ 447350.31456336856354, 6426392.116576031781733 ], [ 447381.688771764864214, 6426405.443522462621331 ], [ 447402.517362113401759, 6426409.033077680505812 ], [ 447434.372975669393782, 6426407.712087413296103 ], [ 447487.659745948563796, 6426400.019091574475169 ], [ 447494.573241117002908, 6426398.981823380105197 ], [ 447609.504437485593371, 6426386.628555834293365 ], [ 447609.504437486350071, 6426386.628555833362043 ], [ 447712.674914244329557, 6426374.205266327597201 ], [ 447840.483496430912055, 6426270.760104521177709 ], [ 447839.324970438436139, 6426269.727011612616479 ], [ 447836.116173532209359, 6426266.818222251720726 ], [ 447832.778555413126014, 6426264.011327972635627 ], [ 447830.354273172968533, 6426261.38180329836905 ], [ 447827.445123889308888, 6426258.769743488170207 ], [ 447824.13885408261558, 6426256.552580083720386 ], [ 447819.852141023264267, 6426254.003046464174986 ], [ 447815.687218039354775, 6426250.360737849958241 ], [ 447813.130085897166282, 6426246.61949915625155 ], [ 447811.192591201863252, 6426243.215343663468957 ], [ 447810.03011910431087, 6426240.268722075968981 ], [ 447808.704838636273053, 6426237.992301831021905 ], [ 447804.899391095794272, 6426232.886679444462061 ], [ 447803.500220338813961, 6426230.388534012250602 ], [ 447803.2211242748308, 6426228.042780920863152 ], [ 447802.686674062395468, 6426225.622420371510088 ], [ 447800.904774773924146, 6426224.621308399364352 ], [ 447798.131997214222793, 6426224.301213138736784 ], [ 447795.829396203393117, 6426224.197670725174248 ], [ 447793.795775443082675, 6426223.400272074155509 ], [ 447792.694998934515752, 6426221.555173557251692 ], [ 447792.035115964477882, 6426219.9492774810642 ], [ 447791.148386987741105, 6426217.733942228369415 ], [ 447790.323674121755175, 6426212.567131612449884 ], [ 447790.117048536601942, 6426210.788296656683087 ], [ 447789.163312307384331, 6426209.330988962203264 ], [ 447787.651837084908038, 6426207.74735189601779 ], [ 447785.985557259002235, 6426206.087795473635197 ], [ 447784.961810775159393, 6426204.252827334217727 ], [ 447784.460265777364839, 6426202.08813470043242 ], [ 447784.824710534943733, 6426199.644899342209101 ], [ 447785.403203266730998, 6426198.189846123568714 ], [ 447786.380124416493345, 6426196.440089136362076 ], [ 447786.632381900097243, 6426194.465972111560404 ], [ 447786.218152735731564, 6426192.645310889929533 ], [ 447786.173795523121953, 6426190.608260966837406 ], [ 447785.184965170687065, 6426181.936200478114188 ], [ 447784.652494166104589, 6426175.139923859387636 ], [ 447786.605090332275722, 6426170.638313597999513 ], [ 447789.130412827886175, 6426167.409700810909271 ], [ 447789.428684296901338, 6426165.334771798923612 ], [ 447787.684723754879087, 6426161.805618667043746 ], [ 447785.572772512736265, 6426159.995999506674707 ], [ 447783.894740469579119, 6426157.891213770024478 ], [ 447782.877721051510889, 6426155.666447654366493 ], [ 447781.446173093921971, 6426152.957175308838487 ], [ 447778.607117942068726, 6426149.832042777910829 ], [ 447776.740043348690961, 6426147.295480819419026 ], [ 447775.634778299543541, 6426144.203371652401984 ], [ 447774.886393997818232, 6426139.4475465901196 ], [ 447775.209871309576556, 6426135.679830067791045 ], [ 447776.32541719917208, 6426133.672164323739707 ], [ 447777.565905559633393, 6426130.360120005905628 ], [ 447778.347988472902216, 6426126.374855197966099 ], [ 447779.400123360159341, 6426123.588597838766873 ], [ 447782.893775513744913, 6426121.572135843336582 ], [ 447785.24511501082452, 6426120.873345052823424 ], [ 447787.080203897494357, 6426120.960720019415021 ], [ 447789.032278516388033, 6426122.304775923490524 ], [ 447791.468359588063322, 6426123.564568923786283 ], [ 447793.991907233721577, 6426123.821108357980847 ], [ 447795.538186568708625, 6426122.631781931966543 ], [ 447796.344952717307024, 6426121.440979490987957 ], [ 447797.075658491579816, 6426118.503040731884539 ], [ 447798.008392254123464, 6426116.08578922227025 ], [ 447800.187476777296979, 6426115.333583978936076 ], [ 447801.815099205356091, 6426116.748690624721348 ], [ 447803.335124310047831, 6426119.891063544899225 ], [ 447805.490407415200025, 6426125.018232591450214 ], [ 447807.392672405170742, 6426127.532079090364277 ], [ 447810.873351072717924, 6426129.958510272204876 ], [ 447814.022031200001948, 6426130.518668693490326 ], [ 447816.676965521008242, 6426130.417200322262943 ], [ 447820.195582532673143, 6426129.859075710177422 ], [ 447822.307957365992479, 6426128.52875492349267 ], [ 447824.521135273447726, 6426126.762870741076767 ], [ 447827.234803122701123, 6426125.268819848075509 ], [ 447830.091926980472635, 6426124.340762263163924 ], [ 447832.366317073698156, 6426124.544904847629368 ], [ 447834.874440744344611, 6426124.979824652895331 ], [ 447837.578587192751002, 6426125.022477580234408 ], [ 447838.910197368473746, 6426123.702354521490633 ], [ 447839.85017732414417, 6426121.385229880921543 ], [ 447839.13461546075996, 6426118.232345870696008 ], [ 447838.908001559437253, 6426115.373715257272124 ], [ 447840.227766394615173, 6426112.238810330629349 ], [ 447840.135434939176776, 6426107.429875497706234 ], [ 447840.339266024762765, 6426104.008898898027837 ], [ 447843.570759783848189, 6426099.579707384109497 ], [ 447845.363280408084393, 6426094.590295254252851 ], [ 447846.88177870947402, 6426092.17654767818749 ], [ 447849.352778495755047, 6426090.218026161193848 ], [ 447852.199039841827471, 6426088.455033065751195 ], [ 447853.983692843874451, 6426087.396235060878098 ], [ 447854.524520256847609, 6426085.318147637881339 ], [ 447855.022596867056563, 6426082.683888923376799 ], [ 447854.533950545883272, 6426079.238543184474111 ], [ 447848.053807131480426, 6426069.101537507027388 ], [ 447845.608690149150789, 6426065.336546894162893 ], [ 447842.902847801684402, 6426062.899974881671369 ], [ 447839.050978246552404, 6426061.046222683042288 ], [ 447835.31609838217264, 6426059.09073619171977 ], [ 447830.892599673650693, 6426056.954952361993492 ], [ 447829.037201969302259, 6426054.407079171389341 ], [ 447828.378592247900087, 6426051.086434984579682 ], [ 447829.234236497140955, 6426047.746027462184429 ], [ 447831.014585265016649, 6426046.809756066650152 ], [ 447834.045545225148089, 6426048.317907139658928 ], [ 447836.685031144763343, 6426047.481772274710238 ], [ 447837.572478759917431, 6426044.764488245360553 ], [ 447836.827577245829161, 6426041.177738904953003 ], [ 447835.418297627591528, 6426037.45491009671241 ], [ 447836.030934282753151, 6426034.986172824166715 ], [ 447837.645503684645519, 6426032.225996542721987 ], [ 447838.706072451313958, 6426027.813997449353337 ], [ 447840.176755269989371, 6426024.454432496801019 ], [ 447843.196446070156526, 6426022.377402669750154 ], [ 447847.144890524446964, 6426021.201293423771858 ], [ 447851.39202362659853, 6426018.885564286261797 ], [ 447853.345620065927505, 6426015.809203633107245 ], [ 447853.997130028670654, 6426012.237638894468546 ], [ 447853.170878815581091, 6426008.763293851166964 ], [ 447853.386598176381085, 6426005.798681412823498 ], [ 447854.594064826553222, 6426003.121765333227813 ], [ 447856.329073840926867, 6426001.428945750929415 ], [ 447858.685628838138655, 6425996.588068068027496 ], [ 447860.210815333644859, 6425994.22991237975657 ], [ 447862.195351818576455, 6425991.709881913848221 ], [ 447864.346089235274121, 6425987.417286715470254 ], [ 447866.170556961442344, 6425983.964041381143034 ], [ 447868.051022866973653, 6425980.721623657271266 ], [ 447870.039963822404388, 6425978.992095007561147 ], [ 447872.591029045521282, 6425977.7228894084692 ], [ 447875.142603265936486, 6425975.585181700065732 ], [ 447878.059686820372008, 6425970.625661507248878 ], [ 447882.855047145218123, 6425965.430097910575569 ], [ 447887.777866970165633, 6425960.934357116930187 ], [ 447892.583838402875699, 6425958.366427637636662 ], [ 447896.976511960267089, 6425956.316081528551877 ], [ 447905.37632312515052, 6425953.50090463180095 ], [ 447912.842043683107477, 6425951.644355731084943 ], [ 447921.245771379733924, 6425950.94473094586283 ], [ 447928.139132907206658, 6425952.83688491396606 ], [ 447931.745609018194955, 6425954.01471099909395 ], [ 447934.662150400341488, 6425954.912027426995337 ], [ 447936.947010633419268, 6425955.004748972132802 ], [ 447941.272091045160778, 6425955.939398422837257 ], [ 447943.866453899303451, 6425956.629360314458609 ], [ 447945.664323064382188, 6425957.942097252234817 ], [ 447949.641178304329515, 6425962.121451431885362 ], [ 447952.227384614583571, 6425964.002924337051809 ], [ 447956.885314560495317, 6425967.783707696013153 ], [ 447960.840962246875279, 6425969.881183419376612 ], [ 447964.716744489385746, 6425973.115429158322513 ], [ 447968.179763219028246, 6425976.455262369476259 ], [ 447971.057491051498801, 6425980.281503051519394 ], [ 447973.825766714522615, 6425982.516926196403801 ], [ 447977.126327783393208, 6425983.375871386379004 ], [ 447980.108606758061796, 6425986.599490767344832 ], [ 447982.747657801024616, 6425989.816444050520658 ], [ 447986.503000429132953, 6425991.526841054670513 ], [ 447989.252042105305009, 6425993.194661658257246 ], [ 447991.473134836007375, 6425996.572942686267197 ], [ 447992.412234350573272, 6426000.090384211391211 ], [ 447994.256444633880164, 6426002.694149994291365 ], [ 447997.187776815146208, 6426006.09659767895937 ], [ 448000.466570116463117, 6426010.741599668748677 ], [ 448002.573496968834661, 6426013.531239366158843 ], [ 448004.207278763933573, 6426017.696586989797652 ], [ 448005.230622051225509, 6426021.324281268753111 ], [ 448008.876816427567974, 6426028.291636686772108 ], [ 448010.321367722237483, 6426033.82900033146143 ], [ 448010.894432307803072, 6426037.406879489310086 ], [ 448011.345800518640317, 6426039.360693860799074 ], [ 448012.632329838001169, 6426040.936205600388348 ], [ 448014.506931819079909, 6426043.149875001981854 ], [ 448015.5395870936336, 6426045.675127970986068 ], [ 448016.553689533786383, 6426049.503367469646037 ], [ 448017.060378206311725, 6426052.981899488717318 ], [ 448018.005999878747389, 6426054.728864795528352 ], [ 448019.438784995465539, 6426055.723478903993964 ], [ 448020.838395363127347, 6426056.896678066812456 ], [ 448023.462453813524917, 6426062.151478860527277 ], [ 448025.253815229341853, 6426064.78934920579195 ], [ 448028.934442317811772, 6426068.950362063013017 ], [ 448031.089489056263119, 6426071.349680448882282 ], [ 448036.882343707664404, 6426075.527778123505414 ], [ 448038.969078445981722, 6426076.313475717790425 ], [ 448040.62056142417714, 6426077.294119779020548 ], [ 448042.034158708062023, 6426078.634162917733192 ], [ 448043.795582980965264, 6426079.880608933977783 ], [ 448046.454605455277488, 6426080.09100872464478 ], [ 448048.61486874462571, 6426079.706625598482788 ], [ 448050.430180963885505, 6426079.181977260857821 ], [ 448051.991343285073526, 6426080.041319495998323 ], [ 448053.862288649368566, 6426081.976689987815917 ], [ 448056.303065197425894, 6426083.14750561863184 ], [ 448072.723378079244867, 6426086.597434815950692 ], [ 448075.964102791855112, 6426087.412698828615248 ], [ 448079.487127950880677, 6426087.188783613033593 ], [ 448082.023058254970238, 6426086.57684760261327 ], [ 448085.199425858038012, 6426086.992110443301499 ], [ 448088.316234435420483, 6426088.28778028767556 ], [ 448092.233287789626047, 6426089.250158099457622 ], [ 448095.628784115251619, 6426089.228335407562554 ], [ 448099.354820301290601, 6426090.059585674665868 ], [ 448104.136780585395172, 6426092.02399096172303 ], [ 448108.030342181795277, 6426094.367375645786524 ], [ 448110.255120477522723, 6426095.307201934047043 ], [ 448112.581020538462326, 6426095.833737768232822 ], [ 448129.7734350032988, 6426095.877833932638168 ], [ 448132.750831649755128, 6426095.549700245261192 ], [ 448135.366259024827741, 6426095.137188796885312 ], [ 448139.110135596594773, 6426093.69679266307503 ], [ 448157.03449381160317, 6426086.31588879507035 ], [ 448160.056313928798772, 6426083.938439301215112 ], [ 448162.15656017838046, 6426082.575054224580526 ], [ 448166.122348462522496, 6426081.822149062529206 ], [ 448169.075654670363292, 6426080.091399802826345 ], [ 448170.413158366689458, 6426078.760178497061133 ], [ 448173.103904619929381, 6426077.76771801430732 ], [ 448175.554870922060218, 6426075.620373311452568 ], [ 448176.091827749914955, 6426073.687131988815963 ], [ 448176.134518786508124, 6426071.504203757271171 ], [ 448176.467914637527429, 6426069.840831190347672 ], [ 448178.82482457702281, 6426067.739246304146945 ], [ 448180.653864503023215, 6426067.359228881075978 ], [ 448182.024851890862919, 6426067.241245113313198 ], [ 448183.706014904542826, 6426066.40662891510874 ], [ 448184.759606652252842, 6426065.07909291330725 ], [ 448185.084641566791106, 6426064.139576225541532 ], [ 448185.248959063261282, 6426062.66768375877291 ], [ 448185.393222690559924, 6426061.017898220568895 ], [ 448186.115142847876996, 6426060.117775334976614 ], [ 448186.879481407348067, 6426060.208078980445862 ], [ 448187.773086195578799, 6426060.686417002230883 ], [ 448188.978601525479462, 6426061.494749311357737 ], [ 448189.919813633430749, 6426061.53822273761034 ], [ 448190.635963952750899, 6426060.64931003190577 ], [ 448192.069997007143684, 6426059.005077336914837 ], [ 448193.520623267162591, 6426058.184587865136564 ], [ 448194.717337056528777, 6426058.313827565871179 ], [ 448195.946800353878643, 6426059.144120721146464 ], [ 448196.807943577587139, 6426059.400190164335072 ], [ 448197.787531529436819, 6426058.752825161442161 ], [ 448200.016636638669297, 6426056.374545288272202 ], [ 448201.471738900814671, 6426054.073103800415993 ], [ 448207.418389200000092, 6426050.043279672972858 ], [ 448210.02433232718613, 6426049.352576571516693 ], [ 448212.509521709638648, 6426048.930669124238193 ], [ 448214.143670304736588, 6426047.205910075455904 ], [ 448215.903627028514165, 6426044.688967974856496 ], [ 448219.233248331176583, 6426040.949160481803119 ], [ 448221.961410564777907, 6426037.81841298379004 ], [ 448225.946745208813809, 6426034.916344559751451 ], [ 448228.20286403229693, 6426031.880791991949081 ], [ 448229.122602842340712, 6426029.808986146003008 ], [ 448231.890744425007142, 6426026.566382351331413 ], [ 448234.729299224447459, 6426022.821813466958702 ], [ 448236.989486311213113, 6426018.271913154050708 ], [ 448238.394871465687174, 6426013.955774120986462 ], [ 448242.270372559200041, 6426005.309711615554988 ], [ 448245.413689671258908, 6425998.599411793984473 ], [ 448256.298033055907581, 6425964.676252415403724 ], [ 448259.095156545459758, 6425957.725485656410456 ], [ 448260.555447727499995, 6425951.248540517874062 ], [ 448263.741135047574062, 6425943.234965200535953 ], [ 448263.673720361082815, 6425937.111830518580973 ], [ 448262.923118335893378, 6425933.970465013757348 ], [ 448264.709619849221781, 6425928.012624194845557 ], [ 448269.7579342428362, 6425919.006242397241294 ], [ 448270.450013273744844, 6425911.681882064789534 ], [ 448268.659682809957303, 6425905.458563216030598 ], [ 448261.425681288179476, 6425892.324329037219286 ], [ 448259.290748246537987, 6425889.189746740274131 ], [ 448256.140816601808183, 6425887.170624686405063 ], [ 448254.62927463511005, 6425885.119162412360311 ], [ 448254.547367152292281, 6425882.447928716428578 ], [ 448254.755056535184849, 6425877.468092921189964 ], [ 448252.722084718989208, 6425876.269607251510024 ], [ 448249.798756125674117, 6425877.131407245993614 ], [ 448247.952008283813484, 6425878.43578883446753 ], [ 448245.311775978188962, 6425877.401052297092974 ], [ 448240.327281932928599, 6425869.860683954320848 ], [ 448233.729763179784641, 6425862.029441288672388 ], [ 448229.761793922865763, 6425855.322148808278143 ], [ 448224.079265473235864, 6425843.682187528349459 ], [ 448219.367663025390357, 6425836.205117169767618 ], [ 448213.699039585888386, 6425830.666728244163096 ], [ 448206.915704830083996, 6425826.76843476947397 ], [ 448200.697777492459863, 6425824.499606573022902 ], [ 448195.453861075744499, 6425823.431832848116755 ], [ 448191.132742512563709, 6425823.265140445902944 ], [ 448184.699254226929042, 6425823.994327305816114 ], [ 448181.834767167980317, 6425825.289661689661443 ], [ 448178.960901645128615, 6425825.861373277381063 ], [ 448176.829915172769688, 6425824.40810105856508 ], [ 448174.417157224437688, 6425824.038535262458026 ], [ 448170.376820391975343, 6425827.275400979444385 ], [ 448166.581598932039924, 6425827.51389567553997 ], [ 448162.988790307135787, 6425826.480429271236062 ], [ 448158.746742292132694, 6425826.936282066628337 ], [ 448153.936979993188288, 6425829.236704890616238 ], [ 448150.476795256487094, 6425831.586436625570059 ], [ 448146.802928922348656, 6425832.970236152410507 ], [ 448143.788826561009046, 6425832.764372838661075 ], [ 448140.314768832060508, 6425832.675824219360948 ], [ 448137.522165277099703, 6425834.950099765323102 ], [ 448125.5390826385119, 6425844.792648724280298 ], [ 448122.881866245530546, 6425849.292090812698007 ], [ 448122.597848506702576, 6425852.93677899800241 ], [ 448120.147797666897532, 6425856.075117852538824 ], [ 448115.921092359174509, 6425857.254564331844449 ], [ 448111.093896646751091, 6425857.751466657035053 ], [ 448107.607874506968074, 6425857.195450400002301 ], [ 448104.665359971579164, 6425857.489743013866246 ], [ 448098.098264680244029, 6425861.138061109930277 ], [ 448094.061895775608718, 6425863.30603607185185 ], [ 448090.684699608187657, 6425864.296326236799359 ], [ 448088.670921495067887, 6425865.491605449467897 ], [ 448086.372510409157258, 6425867.54794360883534 ], [ 448082.963285145233385, 6425868.349368709139526 ], [ 448080.499751178955194, 6425867.713289716280997 ], [ 448077.387397370417602, 6425866.773871519602835 ], [ 448073.376215362688527, 6425866.324917338788509 ], [ 448066.47190275642788, 6425867.238564978353679 ], [ 448061.022717357845977, 6425866.763766622170806 ], [ 448058.129065027227625, 6425865.353869986720383 ], [ 448055.268701387103647, 6425862.863489790819585 ], [ 448051.055217819986865, 6425861.871592778712511 ], [ 448045.201192755426746, 6425861.658171835355461 ], [ 448038.608763267926406, 6425861.532299283891916 ], [ 448036.696031588944606, 6425860.031725908629596 ], [ 448035.808352573483717, 6425857.738408953882754 ], [ 448033.412405642215163, 6425859.116837106645107 ], [ 448030.452150990720838, 6425859.411415065638721 ], [ 448029.246090288856067, 6425858.113215179182589 ], [ 448025.782182058144826, 6425858.804054297506809 ], [ 448021.743396233650856, 6425857.598359846509993 ], [ 448017.665871280361898, 6425854.778660601004958 ], [ 448015.039253690571059, 6425853.43212980683893 ], [ 448010.912370075879153, 6425853.641682132147253 ], [ 448006.308515861281194, 6425854.024460836313665 ], [ 447999.246621695812792, 6425851.466288032010198 ], [ 447994.636013627517968, 6425849.510908198542893 ], [ 447990.904181598103605, 6425847.343678303994238 ], [ 447987.846116824599449, 6425845.123147221282125 ], [ 447985.76927423424786, 6425842.834178444929421 ], [ 447982.035474929492921, 6425841.880650483071804 ], [ 447978.218738214927725, 6425841.373588105663657 ], [ 447970.563067784823943, 6425838.199656247161329 ], [ 447955.594529108551797, 6425830.010168585926294 ], [ 447951.340861904784106, 6425826.391139697283506 ], [ 447947.252528042998165, 6425822.747693284414709 ], [ 447942.485422703728545, 6425820.137470554560423 ], [ 447934.8131255407352, 6425817.509416584856808 ], [ 447922.79466837173095, 6425811.887118879705667 ], [ 447915.546353845042177, 6425806.837375707924366 ], [ 447910.655904211103916, 6425802.937186708673835 ], [ 447905.344771852192935, 6425797.628394621424377 ], [ 447899.886241162836086, 6425793.267969171516597 ], [ 447899.827435047947802, 6425790.117651041597128 ], [ 447902.946514086041134, 6425788.841064866632223 ], [ 447917.848971219733357, 6425791.02968551684171 ], [ 447924.192273424589075, 6425794.276286844164133 ], [ 447929.150127152097411, 6425791.995926391333342 ], [ 447931.432580554450396, 6425786.899966928176582 ], [ 447929.097422412014566, 6425782.498822317458689 ], [ 447925.762547057820484, 6425778.110701248049736 ], [ 447917.883521502662916, 6425775.062257343903184 ], [ 447908.503309715306386, 6425770.775182626210153 ], [ 447902.536680627206806, 6425769.65040023997426 ], [ 447895.711824964790139, 6425769.86182663962245 ], [ 447890.938732783717569, 6425769.523195017129183 ], [ 447886.44113719946472, 6425766.263719200156629 ], [ 447880.860908787115477, 6425756.204002948477864 ], [ 447875.554653146420605, 6425746.28547140955925 ], [ 447866.478289760649204, 6425727.19668148458004 ], [ 447862.115917727001943, 6425721.60834242310375 ], [ 447858.07926003128523, 6425718.765999810770154 ], [ 447855.403936940943822, 6425716.418095035478473 ], [ 447853.070314118871465, 6425709.422616953030229 ], [ 447851.328048555762507, 6425700.136838335543871 ], [ 447850.468949126021471, 6425692.788090563379228 ], [ 447851.520552325062454, 6425678.154676117934287 ], [ 447851.700389458972495, 6425671.983775855973363 ], [ 447853.641112868441269, 6425662.917186802253127 ], [ 447854.378729186602868, 6425656.416108842007816 ], [ 447855.098247063986491, 6425652.609834152273834 ], [ 447856.805061387072783, 6425648.289626664482057 ], [ 447858.089511829894036, 6425645.155193443410099 ], [ 447858.955877405591309, 6425642.627480372786522 ], [ 447862.488174894941039, 6425639.909115529619157 ], [ 447864.283232118294109, 6425638.271192983724177 ], [ 447865.689997943001799, 6425636.348835835233331 ], [ 447866.98716179508483, 6425633.281047373078763 ], [ 447869.326466778526083, 6425629.821094769053161 ], [ 447871.503763821732718, 6425628.456555758602917 ], [ 447872.63529326452408, 6425627.205864379182458 ], [ 447873.657547692710068, 6425625.288523729890585 ], [ 447873.834040686720982, 6425623.849862650968134 ], [ 447874.002295718877576, 6425622.233155831694603 ], [ 447874.744227711751591, 6425620.597834758460522 ], [ 447876.063756292394828, 6425619.244482124224305 ], [ 447877.861621215357445, 6425618.274603739380836 ], [ 447880.615217225626111, 6425617.091844275593758 ], [ 447883.463611119368579, 6425615.91898553352803 ], [ 447885.461486267333385, 6425615.313944205641747 ], [ 447887.841884760768153, 6425615.004551202990115 ], [ 447890.891594642307609, 6425614.296725732274354 ], [ 447894.414561604091432, 6425613.582734555006027 ], [ 447898.319906822929624, 6425613.153262130916119 ], [ 447904.041228170972317, 6425612.688995062373579 ], [ 447907.565504208556376, 6425612.075209621340036 ], [ 447910.508415497024544, 6425610.890004241839051 ], [ 447912.116440659563523, 6425610.334594050422311 ], [ 447914.203431664442178, 6425608.848775077611208 ], [ 447915.613857816322707, 6425607.204752767458558 ], [ 447917.759489668824244, 6425606.586668240837753 ], [ 447920.463144615932833, 6425607.019099866040051 ], [ 447923.816456186643336, 6425608.723546546883881 ], [ 447925.721313990652561, 6425608.698734776116908 ], [ 447929.369275569799356, 6425608.495336723513901 ], [ 447943.49408128723735, 6425605.438676131889224 ], [ 447945.21190241817385, 6425604.681427501142025 ], [ 447946.926363293896429, 6425603.211610964499414 ], [ 447948.535303268814459, 6425600.90807637013495 ], [ 447949.606086134910583, 6425599.079200720414519 ], [ 447950.682667453482281, 6425597.695632632821798 ], [ 447951.58310871978756, 6425596.871086394414306 ], [ 447951.835086375300307, 6425595.320100950077176 ], [ 447950.356047847541049, 6425593.513287136331201 ], [ 447949.620151563256513, 6425592.888197471387684 ], [ 447949.693524014903232, 6425591.706977957859635 ], [ 447950.953495196357835, 6425590.321022408083081 ], [ 447952.762642641435377, 6425589.306493143551052 ], [ 447954.755033934023231, 6425588.278444687835872 ], [ 447956.100265954388306, 6425586.624151262454689 ], [ 447957.168592672678642, 6425584.60602212511003 ], [ 447958.50904480565805, 6425582.584351043216884 ], [ 447959.868481516896281, 6425582.021061707288027 ], [ 447961.782890318019781, 6425582.274507219903171 ], [ 447964.506376888253726, 6425581.047660114243627 ], [ 447965.399724976625293, 6425579.677615642547607 ], [ 447965.558216378849465, 6425578.216924502514303 ], [ 447965.087344566534739, 6425577.042788859456778 ], [ 447963.975107597536407, 6425575.687713300809264 ], [ 447962.958826119895093, 6425574.431600208394229 ], [ 447962.111612418841105, 6425572.527481853030622 ], [ 447962.184963860199787, 6425570.889745683409274 ], [ 447964.767729398445226, 6425566.123938127420843 ], [ 447966.38046226935694, 6425564.109860674478114 ], [ 447967.826179934549145, 6425563.356163615360856 ], [ 447969.648238407680765, 6425563.332450761459768 ], [ 447971.118996583390981, 6425564.048191866837442 ], [ 447972.136436996341217, 6425565.393368466757238 ], [ 447972.707900110515766, 6425567.022713123820722 ], [ 447973.091362105857115, 6425568.754715455695987 ], [ 447973.921911210811231, 6425569.378577711060643 ], [ 447975.554638710687868, 6425568.900814035907388 ], [ 447976.548440181417391, 6425567.974847704172134 ], [ 447976.613564101513475, 6425566.159065909683704 ], [ 447976.392221125774086, 6425563.24468963034451 ], [ 447977.55999740306288, 6425561.592712929472327 ], [ 447978.91712621471379, 6425560.851307230070233 ], [ 447980.542760075943079, 6425559.828044218942523 ], [ 447982.167235992266797, 6425558.715720418840647 ], [ 447984.001806873537134, 6425557.834489747881889 ], [ 447985.296571302111261, 6425556.39241998642683 ], [ 447985.168795978708658, 6425554.757301147095859 ], [ 447984.280368718144018, 6425553.777883446775377 ], [ 447983.929241295030806, 6425552.25701620709151 ], [ 447984.351222214230802, 6425551.037858353927732 ], [ 447986.752120155957527, 6425550.026780724525452 ], [ 447990.231431925960351, 6425549.135290246456861 ], [ 447994.367195000057109, 6425550.03906337544322 ], [ 447997.247112866607495, 6425551.738595080561936 ], [ 447999.637713546631858, 6425552.665073541924357 ], [ 448002.171223046199884, 6425551.841568010859191 ], [ 448003.246491439291276, 6425549.444786379113793 ], [ 448004.29481091001071, 6425544.520809289067984 ], [ 448005.218443455407396, 6425542.293018821626902 ], [ 448007.43873247934971, 6425541.95237653888762 ], [ 448010.152698630699888, 6425543.175289374776185 ], [ 448011.92666861449834, 6425545.367999642156065 ], [ 448013.70903265819652, 6425548.206406269222498 ], [ 448015.81709042401053, 6425551.975882232189178 ], [ 448017.451717854302842, 6425555.283863108605146 ], [ 448019.846364308032207, 6425556.522068731486797 ], [ 448022.578842739050742, 6425559.169973319396377 ], [ 448024.232294796966016, 6425564.381722605787218 ], [ 448025.045559612102807, 6425565.952258010394871 ], [ 448028.077074236527551, 6425567.02630512882024 ], [ 448030.322259303648025, 6425569.057013835757971 ], [ 448033.210396176727954, 6425571.391134275123477 ], [ 448036.395408002950717, 6425571.984406156465411 ], [ 448038.279898170963861, 6425570.846456686034799 ], [ 448039.369490228535142, 6425569.095303518697619 ], [ 448041.693790258199442, 6425564.466521297581494 ], [ 448043.107193758885842, 6425563.501714956946671 ], [ 448045.489385476452298, 6425563.782525142654777 ], [ 448047.734403158421628, 6425565.345594010315835 ], [ 448049.350642301724292, 6425567.696253936737776 ], [ 448050.80715395626612, 6425570.048989959992468 ], [ 448052.423229844251182, 6425571.932001552544534 ], [ 448054.973386084078811, 6425572.845304938033223 ], [ 448057.830697957193479, 6425572.808181492611766 ], [ 448059.725607108208351, 6425572.471795373596251 ], [ 448062.396438286115881, 6425570.377203819341958 ], [ 448063.958999307826161, 6425568.141127089969814 ], [ 448065.187951664614957, 6425565.274714596569538 ], [ 448066.412554144335445, 6425561.617805114015937 ], [ 448066.686900595901534, 6425558.596775065176189 ], [ 448067.764216757495888, 6425555.899351645261049 ], [ 448073.318367299740203, 6425543.467846379615366 ], [ 448074.549358683871105, 6425540.757294500246644 ], [ 448074.04529649449978, 6425538.392179591581225 ], [ 448074.163815404754132, 6425535.217290302738547 ], [ 448075.087488886085339, 6425532.989516209810972 ], [ 448076.642132198496256, 6425530.597663928754628 ], [ 448078.036905539222062, 6425528.196753932163119 ], [ 448079.11206950142514, 6425525.332343513146043 ], [ 448081.032703098841012, 6425514.217379105277359 ], [ 448081.009404497162905, 6425511.511983431875706 ], [ 448080.652528001228347, 6425509.545800627209246 ], [ 448080.09093252097955, 6425508.673463304527104 ], [ 448078.427963861147873, 6425507.280970131978393 ], [ 448076.11238206498092, 6425506.208720897324383 ], [ 448074.676683826663066, 6425505.459082170389593 ], [ 448073.671950719552115, 6425503.724005279131234 ], [ 448073.100520757725462, 6425502.094646495766938 ], [ 448072.965273972367868, 6425500.337142465636134 ], [ 448071.971882165351417, 6425491.275377695448697 ], [ 448071.053676192765124, 6425488.002608206123114 ], [ 448069.909218997345306, 6425484.62143200263381 ], [ 448069.005180871696211, 6425482.439665887504816 ], [ 448067.896569426928181, 6425481.362878705374897 ], [ 448066.128124559414573, 6425480.506219384260476 ], [ 448064.368487099185586, 6425479.872137643396854 ], [ 448063.148917790036649, 6425478.908138702623546 ], [ 448061.009684711694717, 6425474.560046129859984 ], [ 448059.775794995890465, 6425472.493912672623992 ], [ 448059.083550709357951, 6425469.763803766109049 ], [ 448057.852551212534308, 6425467.920324546284974 ], [ 448055.963437390688341, 6425465.974050287157297 ], [ 448053.643631123239174, 6425464.578966200351715 ], [ 448051.692765450221486, 6425462.889591132290661 ], [ 448049.742561923689209, 6425459.429813138209283 ], [ 448048.572794255102053, 6425455.013457388617098 ], [ 448047.958619137119967, 6425452.827929369173944 ], [ 448045.021344083943404, 6425450.360821102745831 ], [ 448039.09800918988185, 6425441.218380622565746 ], [ 448038.009087386773899, 6425438.471161317080259 ], [ 448036.785688574251253, 6425435.848170226439834 ], [ 448035.319204081781209, 6425434.553351719863713 ], [ 448032.535194569907617, 6425433.409273154102266 ], [ 448030.402646448172163, 6425431.855884327553213 ], [ 448027.598084278171882, 6425429.13096849899739 ], [ 448025.841352260613348, 6425425.991589033976197 ], [ 448023.947663947823457, 6425422.330666300840676 ], [ 448022.886063329526223, 6425419.650454401038587 ] ], [ [ 447702.391909410594963, 6426344.670594742521644 ], [ 447701.433391841012053, 6426344.204349061474204 ], [ 447700.750181340612471, 6426343.077560215257108 ], [ 447700.547074711706955, 6426342.022431474179029 ], [ 447700.62553928734269, 6426340.785464901477098 ], [ 447701.162431508535519, 6426339.319808013737202 ], [ 447702.204893023008481, 6426338.515611645765603 ], [ 447703.058144355658442, 6426338.170409557409585 ], [ 447704.181050039129332, 6426338.08890972007066 ], [ 447705.04478899622336, 6426338.545261548832059 ], [ 447705.712528350471985, 6426339.393888704478741 ], [ 447706.119004268781282, 6426340.167992058210075 ], [ 447706.982742554973811, 6426340.624344302341342 ], [ 447708.110017093364149, 6426340.876826187595725 ], [ 447709.232978968881071, 6426341.251845332793891 ], [ 447709.767099784046877, 6426341.834991016425192 ], [ 447709.914350773149636, 6426342.690428244881332 ], [ 447709.72359439660795, 6426343.483479944057763 ], [ 447709.138103736157063, 6426343.947658074088395 ], [ 447703.252005600195844, 6426344.848628994077444 ], [ 447702.391909410594963, 6426344.670594742521644 ] ] ] ] } },
{ "type": "Feature", "properties": { "value": 87.4, "POI_CODE": 1 }, "geometry": { "type": "MultiPolygon", "coordinates": [ [ [ [ 456970.685781914391555, 6418437.671288724057376 ], [ 456766.652932184922975, 6418473.177514682523906 ], [ 456579.849592060898431, 6418558.472072803415358 ], [ 456473.385813475004397, 6418574.429138369858265 ], [ 456472.572268207615707, 6418623.766686709597707 ], [ 456466.419859645597171, 6418744.292939305305481 ], [ 456455.490418019180652, 6418958.542039729654789 ], [ 456452.183094612497371, 6419016.84256046731025 ], [ 456445.743678654078394, 6419120.637543132528663 ], [ 456437.560774709447287, 6419249.347299365326762 ], [ 456420.439955824287608, 6419499.281936504878104 ], [ 456415.51094380026916, 6419662.761574970558286 ], [ 456413.940484456368722, 6419712.837490775622427 ], [ 456414.05047983705299, 6419769.684091547504067 ], [ 456418.838726118789054, 6419764.958510028198361 ], [ 456424.970332161348779, 6419755.628253662958741 ], [ 456431.000042962958105, 6419746.187774604186416 ], [ 456433.731736370595172, 6419742.262318558059633 ], [ 456434.282318298530299, 6419784.308577221818268 ], [ 456434.073439335101284, 6419866.435843614861369 ], [ 456436.393283230660018, 6419922.303715895861387 ], [ 456438.205628197232727, 6419942.948867589235306 ], [ 456443.35804143268615, 6419983.621321816928685 ], [ 456450.024477092258167, 6420054.027599533088505 ], [ 456460.311726448766422, 6420138.167398003861308 ], [ 456480.296550511615351, 6420301.354080217890441 ], [ 456500.984096887754276, 6420431.743348739109933 ], [ 456518.869392093038186, 6420549.670701118186116 ], [ 456519.570711280801333, 6420554.630184965208173 ], [ 456520.67882758466294, 6420562.466395646333694 ], [ 456559.485883898625616, 6420826.246140275150537 ], [ 456584.853601444920059, 6420993.216267039999366 ], [ 456651.329280393430963, 6421431.970004013739526 ], [ 456656.683596951304935, 6421463.733293630182743 ], [ 456658.200101618538611, 6421474.865735605359077 ], [ 456660.568285522342194, 6421492.250231984071434 ], [ 456687.407501899113413, 6421488.742008392699063 ], [ 456968.053370424604509, 6421449.040056229569018 ], [ 457015.511722269002348, 6421444.766932635568082 ], [ 457052.7670063249534, 6421440.614940866827965 ], [ 457083.454305694322102, 6421436.418541446328163 ], [ 457081.113240132166538, 6421419.058165851049125 ], [ 457097.885230850428343, 6421416.359955199994147 ], [ 457201.699553237645887, 6421402.912323051132262 ], [ 457254.454855754447635, 6421399.331408123485744 ], [ 457294.05652284657117, 6421394.110018545761704 ], [ 457330.216248274664395, 6421388.7920938488096 ], [ 457365.373859081417322, 6421385.021669672802091 ], [ 457396.816722174291499, 6421379.453959695994854 ], [ 457634.475840723316651, 6421350.199282931163907 ], [ 458286.821635605883785, 6421257.150147656910121 ], [ 458306.872336633387022, 6421254.487773897126317 ], [ 458318.424904312298167, 6421252.953799948096275 ], [ 458323.593700694094878, 6421252.267476419918239 ], [ 458328.403212794219144, 6421251.628859406337142 ], [ 458350.841677455871832, 6420490.719123024493456 ], [ 458351.983896046236623, 6420457.004582589492202 ], [ 458353.19439084327314, 6420397.380484817549586 ], [ 458360.131006984622218, 6420181.375345823355019 ], [ 458368.715079727000557, 6419916.853448445908725 ], [ 458369.259578062745277, 6419900.272152396850288 ], [ 458369.822188109508716, 6419883.139310780912638 ], [ 458389.058966459240764, 6419209.878123762086034 ], [ 458402.618274568463676, 6418722.469476692378521 ], [ 458405.857422748289537, 6418637.706242799758911 ], [ 458405.92308754415717, 6418635.467630771920085 ], [ 458422.909939531120472, 6418064.797502296976745 ], [ 458424.371484182309359, 6418041.122651426121593 ], [ 458425.52754955884302, 6418022.283114222809672 ], [ 458428.274270125664771, 6417984.209846779704094 ], [ 458429.79985451704124, 6417958.129399748519063 ], [ 458431.230628788820468, 6417933.764569159597158 ], [ 458432.031014436215628, 6417903.483005153015256 ], [ 458432.421801053103991, 6417890.58870052266866 ], [ 458432.468652458279394, 6417889.042802416719496 ], [ 458171.448247266700491, 6417771.188490035012364 ], [ 456970.685781914391555, 6418437.671288724057376 ] ], [ [ 456906.775077308295295, 6419684.72554914932698 ], [ 456889.223861095088068, 6419678.567966387607157 ], [ 456890.658843243902083, 6419668.208981735631824 ], [ 456909.365369197679684, 6419663.888127780519426 ], [ 456918.988166520546656, 6419667.781763937324286 ], [ 456912.109887793310918, 6419678.321753040887415 ], [ 456906.775077308295295, 6419684.72554914932698 ] ], [ [ 457955.886021334270481, 6419661.530915950424969 ], [ 457923.425733494805172, 6419633.635840311646461 ], [ 457928.292088434915058, 6419621.960818196646869 ], [ 457947.58457870624261, 6419610.691051077097654 ], [ 457970.0678680408746, 6419639.236546452157199 ], [ 458004.77829414565349, 6419670.426343476399779 ], [ 457996.31774083932396, 6419679.511326068080962 ], [ 457987.15653460600879, 6419682.235017482191324 ], [ 457955.886021334270481, 6419661.530915950424969 ] ], [ [ 457973.064702863979619, 6420314.494667093269527 ], [ 457953.399819889571518, 6420318.186007492244244 ], [ 457903.500958738382906, 6420316.494474856182933 ], [ 457904.148549263423774, 6420291.87032828386873 ], [ 457907.899295040289871, 6420281.231313562020659 ], [ 457955.503167556773406, 6420279.272768374532461 ], [ 457974.292766919941641, 6420280.222380192019045 ], [ 457976.957068349001929, 6420291.929690206423402 ], [ 457973.064702863979619, 6420314.494667093269527 ] ] ] ] } },
{ "type": "Feature", "properties": { "value": 83.2, "POI_CODE": 1 }, "geometry": { "type": "MultiPolygon", "coordinates": [ [ [ [ 425837.944331729202531, 6438081.890643820166588 ], [ 425831.861692564445548, 6438084.409375145100057 ], [ 425829.974422999657691, 6438084.756350896321237 ], [ 425744.855072213686071, 6438100.486141273751855 ], [ 425731.858341290033422, 6438102.688563551753759 ], [ 425721.164890885935165, 6438104.391467138193548 ], [ 425673.757587174302898, 6438112.648494002409279 ], [ 425654.696309859806206, 6438115.799622370861471 ], [ 425627.166948462254368, 6438120.400841507129371 ], [ 425619.204769154021051, 6438121.774588337168097 ], [ 425612.114367358270101, 6438123.076379082165658 ], [ 425573.625622991181444, 6438129.976385716348886 ], [ 425527.78716784354765, 6438138.18356098420918 ], [ 425526.886989286867902, 6438147.142733749002218 ], [ 425524.283289604936726, 6438159.329855282790959 ], [ 425514.872120216081385, 6438173.114328624680638 ], [ 425505.169271680526435, 6438178.875116403214633 ], [ 425491.497159142629243, 6438181.536419229581952 ], [ 425486.762671557138674, 6438181.680723671801388 ], [ 425468.578321341658011, 6438176.820578172802925 ], [ 425449.957494247006252, 6438166.612196280620992 ], [ 425435.496134683256969, 6438158.319354346953332 ], [ 425409.79814087075647, 6438195.772874321788549 ], [ 425404.301509515906218, 6438204.985260022804141 ], [ 425401.741735068440903, 6438209.420880127698183 ], [ 425382.756493156659417, 6438241.770929277874529 ], [ 425377.597378125530668, 6438252.302232522517443 ], [ 425352.054899951210245, 6438297.671060970053077 ], [ 425340.813519967021421, 6438318.561764770187438 ], [ 425311.221319836098701, 6438374.730979972518981 ], [ 425397.923223383841105, 6438425.879287323914468 ], [ 425429.412095514358953, 6438444.454549440182745 ], [ 425484.408092758792918, 6438476.899857857264578 ], [ 425500.996251891250722, 6438486.689829688519239 ], [ 425527.563248060410842, 6438502.362347789108753 ], [ 425554.649093214189634, 6438518.348281837999821 ], [ 425582.193974285852164, 6438534.604215861298144 ], [ 425646.927450980758294, 6438572.794083549641073 ], [ 425718.536852719436865, 6438615.05496384203434 ], [ 425962.489575597457588, 6438759.020775740034878 ], [ 425998.838424282264896, 6438780.405397369526327 ], [ 426006.861193435441237, 6438785.211803250946105 ], [ 426013.750590556883253, 6438789.337718915194273 ], [ 426218.166466285241768, 6438909.921975551173091 ], [ 426223.02677536488045, 6438912.794073891825974 ], [ 426229.807322488690261, 6438916.799873472191393 ], [ 426256.875482660369016, 6438932.779640729539096 ], [ 426295.500267761119176, 6438955.57241502776742 ], [ 426336.259523675194941, 6438979.628966372460127 ], [ 426370.816750861180481, 6439000.036667467094958 ], [ 426400.615045079321135, 6439017.637287062592804 ], [ 426407.746804218855686, 6439021.837335335090756 ], [ 426411.856307466048747, 6439015.380350524559617 ], [ 426454.115268981317058, 6438948.962926352396607 ], [ 426457.480233224865515, 6438943.700179932639003 ], [ 426485.040915727324318, 6438898.602005668915808 ], [ 426515.184933382261079, 6438848.990764256566763 ], [ 426521.457623387104832, 6438838.919273846782744 ], [ 426539.190737055963837, 6438809.671462628059089 ], [ 426556.137534000794403, 6438781.908213378861547 ], [ 426562.873547136958223, 6438770.402824694290757 ], [ 426584.320375333540142, 6438733.001907221972942 ], [ 426587.827102017297875, 6438727.090773575007915 ], [ 426692.600765556213446, 6438548.34081644937396 ], [ 426707.266390406992286, 6438523.749531047418714 ], [ 426711.194072705693543, 6438516.97328766901046 ], [ 426715.275338024832308, 6438510.528302916325629 ], [ 426739.196981023123953, 6438468.015826745890081 ], [ 426779.108488935278729, 6438399.707727270200849 ], [ 426814.744630992354359, 6438340.064583262428641 ], [ 426817.140747255412862, 6438335.632917736656964 ], [ 426824.355006694560871, 6438322.782897001132369 ], [ 426852.883627223491203, 6438274.351186536252499 ], [ 426857.832054970029276, 6438265.952752417884767 ], [ 426864.925671745964792, 6438253.906826252117753 ], [ 426844.839171351050027, 6438242.360353141091764 ], [ 426814.199461791198701, 6438224.749530717730522 ], [ 426804.759315447008703, 6438218.898499682545662 ], [ 426774.53471498680301, 6438201.425109625793993 ], [ 426744.211569106089883, 6438185.022818680852652 ], [ 426718.944280128111131, 6438170.565573040395975 ], [ 426707.828207566810306, 6438164.701074803248048 ], [ 426691.880172962322831, 6438156.252934660762548 ], [ 426682.013023423438426, 6438150.298689655028284 ], [ 426674.401697027031332, 6438145.750603050924838 ], [ 426668.621245910180733, 6438141.636516431346536 ], [ 426663.60364577715518, 6438136.6620420422405 ], [ 426657.692355373175815, 6438129.6104581290856 ], [ 426653.81456045282539, 6438123.423435114324093 ], [ 426649.818087259074673, 6438115.27865369990468 ], [ 426646.83000123949023, 6438106.792347733862698 ], [ 426644.192875663575251, 6438098.143671247176826 ], [ 426642.21393655060092, 6438086.476127261295915 ], [ 426639.802993566496298, 6438056.809516338631511 ], [ 426636.125656370364595, 6437993.000778022222221 ], [ 426634.908155682322104, 6437979.437208828516304 ], [ 426633.822152907028794, 6437970.448141872882843 ], [ 426633.012730016896967, 6437965.262514195404947 ], [ 426632.197235944506247, 6437937.660087591037154 ], [ 426632.555034136341419, 6437934.346080351620913 ], [ 426631.803969218628481, 6437930.40661736857146 ], [ 426629.899322768673301, 6437927.256804365664721 ], [ 426627.094487479480449, 6437924.880836525000632 ], [ 426623.670962660224177, 6437923.507384608499706 ], [ 426619.991791134001687, 6437923.307935404591262 ], [ 426616.434631937125232, 6437924.28666402772069 ], [ 426606.489083976717666, 6437926.597001633606851 ], [ 426596.276715416577645, 6437928.834331762976944 ], [ 426553.550224986101966, 6437940.925512559711933 ], [ 426546.235655389667954, 6437942.897924430668354 ], [ 426527.167155624949373, 6437948.606269379146397 ], [ 426512.179615458764601, 6437952.947584033943713 ], [ 426480.756436698371544, 6437960.521248296834528 ], [ 426477.199342154257465, 6437961.500101852230728 ], [ 426467.032589679874945, 6437964.282593190670013 ], [ 426461.808123959344812, 6437965.381348864175379 ], [ 426456.163902663683984, 6437966.432185775600374 ], [ 426451.74549610260874, 6437967.092892185784876 ], [ 426397.112495064036921, 6437976.20971430465579 ], [ 425878.069915083993692, 6438071.922574157826602 ], [ 425873.561492411419749, 6438072.808326207101345 ], [ 425864.290142496174667, 6438072.001003874465823 ], [ 425855.232615764136426, 6438070.321102288551629 ], [ 425846.688902798458003, 6438063.921066947281361 ], [ 425841.959637899766676, 6438058.65268892981112 ], [ 425844.045112381805666, 6438069.894737688824534 ], [ 425843.827878129377495, 6438075.967975182458758 ], [ 425842.011270458693616, 6438078.841530219651759 ], [ 425837.944331729202531, 6438081.890643820166588 ] ] ] ] } },
{ "type": "Feature", "properties": { "value": 78.9, "POI_CODE": 1 }, "geometry": { "type": "MultiPolygon", "coordinates": [ [ [ [ 452980.944728056376334, 6428195.423012849874794 ], [ 452967.462425257253926, 6428188.444342698901892 ], [ 452923.674647365813144, 6428165.779041150584817 ], [ 452834.086997985374182, 6428116.853683258406818 ], [ 452828.431457315338776, 6428113.602423345670104 ], [ 452821.79556722252164, 6428109.950778134167194 ], [ 452660.850811653770506, 6428024.27187763992697 ], [ 452639.307573459111154, 6428013.593278310261667 ], [ 452641.037417370534968, 6428024.840764905326068 ], [ 452631.105719497310929, 6428017.531892287544906 ], [ 452577.800667888484895, 6427997.120367304421961 ], [ 452452.619988549035043, 6427955.139759033918381 ], [ 452429.628936762339436, 6427948.588099693879485 ], [ 452409.02437173872022, 6427944.324092736467719 ], [ 452383.38079253671458, 6427941.957428224384785 ], [ 452401.949364171770867, 6427952.013178246095777 ], [ 452406.603708834270947, 6427956.545092339627445 ], [ 452410.325013145746198, 6427962.669211010448635 ], [ 452409.358753643347882, 6427974.872882748022676 ], [ 452383.409234723949339, 6428028.671752472408116 ], [ 452374.816589903144632, 6428044.941331666894257 ], [ 452355.526944088924211, 6428081.480629201978445 ], [ 452347.102260547573678, 6428097.436506499536335 ], [ 452339.547240105632227, 6428111.444641057401896 ], [ 452307.412426958675496, 6428174.448061343282461 ], [ 452293.280664622259792, 6428202.141061004251242 ], [ 452299.816595361568034, 6428205.314248754642904 ], [ 452295.804154012701474, 6428215.405398164875805 ], [ 452284.697488943871576, 6428250.321936280466616 ], [ 452273.584656825521961, 6428285.695094544440508 ], [ 452264.877789349644445, 6428323.489102954976261 ], [ 452260.402655152138323, 6428346.791228246875107 ], [ 452258.331642507051583, 6428375.342331441119313 ], [ 452258.646076361474115, 6428404.121014399453998 ], [ 452260.11096368188737, 6428441.10313977394253 ], [ 452262.891555703477934, 6428454.609343961812556 ], [ 452268.230283218901604, 6428469.443374573253095 ], [ 452275.924744524236303, 6428490.439992807805538 ], [ 452288.017287862079684, 6428522.774580947123468 ], [ 452300.738358169386629, 6428554.288885531015694 ], [ 452306.528249587223399, 6428566.823888665996492 ], [ 452315.436167979438324, 6428600.354565933346748 ], [ 452322.714342511142604, 6428605.834876496344805 ], [ 452329.789654810738284, 6428611.16173973493278 ], [ 452337.672795303049497, 6428617.302920420654118 ], [ 452355.67448905139463, 6428635.593506923876703 ], [ 452383.783692560798954, 6428664.140914752148092 ], [ 452398.502423355239443, 6428677.850054544396698 ], [ 452407.169310458295513, 6428684.293790743686259 ], [ 452431.099181374243926, 6428701.022055576555431 ], [ 452446.555348292109556, 6428710.157479129731655 ], [ 452475.469644338591024, 6428726.97140362020582 ], [ 452482.96351115219295, 6428731.736831225454807 ], [ 452487.678707008133642, 6428734.50886894389987 ], [ 452522.06776266900124, 6428753.373530767858028 ], [ 452527.261874457646627, 6428756.65210319776088 ], [ 452539.39886652835412, 6428756.151543849147856 ], [ 452551.448666581069119, 6428760.75161225348711 ], [ 452560.835722135263495, 6428763.657514620572329 ], [ 452569.87057693261886, 6428766.278127451427281 ], [ 452615.048826536920387, 6428774.749539180658758 ], [ 452619.381821337214205, 6428756.281837026588619 ], [ 452626.975445767631754, 6428724.124691991135478 ], [ 452636.597390347276814, 6428694.493285373784602 ], [ 452652.028654903406277, 6428647.712868571281433 ], [ 452662.745852860447485, 6428617.678845934569836 ], [ 452671.547853999596555, 6428593.145672094076872 ], [ 452678.438252813823055, 6428573.924005392938852 ], [ 452690.497044728545006, 6428540.322300917468965 ], [ 452698.636754189617932, 6428517.745558395981789 ], [ 452707.470482787466608, 6428493.356845826841891 ], [ 452717.846115888503846, 6428467.858731431886554 ], [ 452727.594532343617175, 6428443.804406551644206 ], [ 452743.386619618802797, 6428411.851123141124845 ], [ 452747.243847195000853, 6428404.055955230258405 ], [ 452758.64643245836487, 6428409.354648746550083 ], [ 452760.78287199564511, 6428405.031507281586528 ], [ 452769.237710250890814, 6428390.545893623493612 ], [ 452776.110604708781466, 6428378.773523600772023 ], [ 452785.991119531332515, 6428361.843796321190894 ], [ 452802.814842406485695, 6428336.069285726174712 ], [ 452819.328152008238249, 6428315.030628615990281 ], [ 452833.55121920799138, 6428298.305823421105742 ], [ 452841.436831960221753, 6428289.149327558465302 ], [ 452851.136851220042445, 6428279.425845216959715 ], [ 452863.75415965996217, 6428266.895499126054347 ], [ 452887.200360401475336, 6428244.583947269245982 ], [ 452888.498460793518461, 6428243.354989274404943 ], [ 452893.271127101616003, 6428239.446205581538379 ], [ 452912.46737959474558, 6428223.731944222003222 ], [ 452920.506988155248109, 6428217.580076246522367 ], [ 452940.413143349811435, 6428208.40459684561938 ], [ 452970.094984196883161, 6428198.898003089241683 ], [ 452980.944728056376334, 6428195.423012849874794 ] ] ] ] } },
{ "type": "Feature", "properties": { "value": 98.7, "POI_CODE": 1 }, "geometry": { "type": "MultiPolygon", "coordinates": [ [ [ [ 463959.074535670282785, 6445205.244976543821394 ], [ 463942.16150933370227, 6445175.036770526319742 ], [ 463940.362091358751059, 6445176.771423515863717 ], [ 463936.88368873327272, 6445180.124630829319358 ], [ 463928.894265154434834, 6445186.676169513724744 ], [ 463927.081922658951953, 6445188.162338303402066 ], [ 463947.021461457072292, 6445214.508225007914007 ], [ 463946.76449904195033, 6445214.71112338360399 ], [ 463942.690212621004321, 6445217.928193459287286 ], [ 463938.497164942789823, 6445223.60018028691411 ], [ 463934.512686535599642, 6445229.548632415942848 ], [ 463933.176486866781488, 6445240.58363270945847 ], [ 463956.157393226283602, 6445274.735109955072403 ], [ 463995.731401104072575, 6445339.210535635240376 ], [ 464000.65594679833157, 6445349.943793121725321 ], [ 464005.128194471122697, 6445361.43828284740448 ], [ 464004.996252077340614, 6445367.663499538786709 ], [ 463999.554857136216015, 6445388.222039760090411 ], [ 463988.182900213229004, 6445386.421218479983509 ], [ 463984.987813780666329, 6445400.857861990109086 ], [ 463998.266150419833139, 6445403.209231490269303 ], [ 463998.684681470738724, 6445411.71196969691664 ], [ 463995.559477055328898, 6445426.715815867297351 ], [ 463990.789176947204396, 6445435.577368831261992 ], [ 463984.472033097234089, 6445444.5865697581321 ], [ 463977.126006126811262, 6445449.841754114255309 ], [ 463965.571661767025944, 6445455.1685472400859 ], [ 463958.902007455646526, 6445457.11076748277992 ], [ 463954.082595476473216, 6445457.956182293593884 ], [ 463949.60200294473907, 6445457.217468903400004 ], [ 463946.251201070495881, 6445455.132395941764116 ], [ 463940.8913622276159, 6445450.270885322242975 ], [ 463937.758588834432885, 6445443.674484788440168 ], [ 463935.145248922577593, 6445439.177733729593456 ], [ 463933.538086618296802, 6445433.335739119909704 ], [ 463929.592987417185213, 6445429.986778759397566 ], [ 463925.341618748556357, 6445429.212607217021286 ], [ 463920.849160438752733, 6445430.411385987885296 ], [ 463917.421710382390302, 6445431.555954095907509 ], [ 463914.114568751363549, 6445431.040434556081891 ], [ 463910.286923238658346, 6445429.605509628541768 ], [ 463903.662722062610555, 6445431.369261868298054 ], [ 463899.855086287134327, 6445433.430306877009571 ], [ 463895.206056177907158, 6445438.772464534267783 ], [ 463890.020136975217611, 6445445.923252838663757 ], [ 463886.340309789171442, 6445452.325490775518119 ], [ 463884.151957153866533, 6445457.667549088597298 ], [ 463879.819066683296114, 6445459.577512882649899 ], [ 463874.93470086355228, 6445461.692914985120296 ], [ 463870.836426112335175, 6445465.449033048003912 ], [ 463868.292204733181279, 6445469.847930958494544 ], [ 463866.652627837960608, 6445474.68396585341543 ], [ 463865.076190881431103, 6445478.695495186373591 ], [ 463861.857701379805803, 6445484.035808101296425 ], [ 463861.144900498737115, 6445489.152899472042918 ], [ 463862.163745056197513, 6445494.376705331727862 ], [ 463864.990047771658283, 6445498.982813147827983 ], [ 463868.530361624085344, 6445505.72019366081804 ], [ 463871.65184741205303, 6445518.184373447671533 ], [ 463872.055497145454865, 6445521.7881850451231 ], [ 463872.090986003808212, 6445523.747483439743519 ], [ 463871.632041980861686, 6445525.711281070485711 ], [ 463870.697539885004517, 6445527.81301689799875 ], [ 463869.57414791919291, 6445531.798153815791011 ], [ 463869.427067799668293, 6445533.74797946959734 ], [ 463869.766912310442422, 6445535.515226524323225 ], [ 463871.215063473617192, 6445537.461669499054551 ], [ 463872.512393666314892, 6445540.300222394987941 ], [ 463872.690566599543672, 6445542.41410144045949 ], [ 463872.288965768995695, 6445544.210364080965519 ], [ 463869.138051908346824, 6445546.62175930198282 ], [ 463908.679849088133778, 6445597.323599232360721 ], [ 463910.997649548284244, 6445595.86621605604887 ], [ 463914.007605825318024, 6445596.729593195021152 ], [ 463929.722663511580322, 6445612.07447203900665 ], [ 463935.943494539009407, 6445619.722831931896508 ], [ 463936.551751149236225, 6445623.825830634683371 ], [ 463936.545278342091478, 6445629.593411001376808 ], [ 463938.540634661156218, 6445632.169557330198586 ], [ 463942.483995975519065, 6445632.757256293669343 ], [ 463953.664353931497317, 6445629.738565010949969 ], [ 463959.843947927234694, 6445630.907225328497589 ], [ 463964.702485168410931, 6445633.746883268468082 ], [ 463975.302546697726939, 6445643.972096407786012 ], [ 463980.438751828856766, 6445648.223298449069262 ], [ 463998.669032078818418, 6445659.915873616933823 ], [ 464004.623572045238689, 6445665.484656622633338 ], [ 464005.719876811082941, 6445669.53870337177068 ], [ 464006.140621512196958, 6445675.692106733098626 ], [ 464006.479189588513691, 6445679.274252724833786 ], [ 464029.353650312288664, 6445697.471778380684555 ], [ 464030.619975587469526, 6445700.154783513396978 ], [ 464029.78912366530858, 6445702.656374323181808 ], [ 464067.965898963797372, 6445734.310369650833309 ], [ 464075.243971137679182, 6445739.15468805283308 ], [ 464082.318211964622606, 6445741.640411601401865 ], [ 464102.067945282615256, 6445743.087370177730918 ], [ 464112.859155702870339, 6445745.227781122550368 ], [ 464117.899698833411094, 6445746.741007937118411 ], [ 464126.11553731362801, 6445749.19422244746238 ], [ 464132.569709893665276, 6445751.462954082526267 ], [ 464133.425569989718497, 6445769.314489285461605 ], [ 464137.779349432967138, 6445772.348197783343494 ], [ 464143.286873837932944, 6445776.0395423527807 ], [ 464165.863955121894833, 6445794.02897831890732 ], [ 464187.090038845082745, 6445809.091297788545489 ], [ 464191.168412193888798, 6445812.272293146699667 ], [ 464193.014623547205701, 6445814.905644297599792 ], [ 464197.748199762252625, 6445812.16841037850827 ], [ 464195.4319347111159, 6445824.482259050942957 ], [ 464196.316503720590845, 6445832.902079107239842 ], [ 464197.104043354222085, 6445845.821789296343923 ], [ 464195.994390293548349, 6445865.060571230016649 ], [ 464193.882079910486937, 6445893.861547168344259 ], [ 464191.004331105388701, 6445913.494843672029674 ], [ 464186.140310639282688, 6445938.045114049687982 ], [ 464181.44208512804471, 6445960.088699130341411 ], [ 464175.905084387282841, 6445980.491997773759067 ], [ 464171.157444049313199, 6445995.744175996631384 ], [ 464163.427035408676602, 6446019.618897620588541 ], [ 464145.23136819479987, 6446062.349296234548092 ], [ 464138.842107290343847, 6446076.981696086004376 ], [ 464133.971042739925906, 6446089.618499342352152 ], [ 464130.036768741905689, 6446097.147374446503818 ], [ 464121.619929815002251, 6446110.796047935262322 ], [ 464113.168140215333551, 6446124.4784588906914 ], [ 464109.376990801072679, 6446130.903774650767446 ], [ 464105.459537588467356, 6446135.726909602060914 ], [ 464101.216137746698223, 6446139.6511250725016 ], [ 464097.923573349486105, 6446142.631470987573266 ], [ 464096.077661758405156, 6446145.476257726550102 ], [ 464095.498778818699066, 6446148.498865999281406 ], [ 464095.902979087491985, 6446152.191769029945135 ], [ 464097.724441576632671, 6446155.103592088446021 ], [ 464104.620426183915697, 6446165.295836001634598 ], [ 464106.90887152031064, 6446169.083043119870126 ], [ 464110.399190735886805, 6446173.004129089415073 ], [ 464116.41662674350664, 6446175.056757432408631 ], [ 464122.673249763494823, 6446177.190975681878626 ], [ 464126.945810937671922, 6446177.798144120723009 ], [ 464130.65405117260525, 6446177.831437570042908 ], [ 464134.211843139841221, 6446177.498664851300418 ], [ 464137.557922280684579, 6446176.533157968893647 ], [ 464140.370770933222957, 6446174.52585516590625 ], [ 464142.993338229018264, 6446171.651804686523974 ], [ 464145.858162210672162, 6446166.927288393490016 ], [ 464183.324423647020012, 6446098.904171415604651 ], [ 464207.885755689698271, 6446038.869655592367053 ], [ 464214.830203231889755, 6446017.885867937467992 ], [ 464220.013442313007545, 6446005.235221471637487 ], [ 464242.068229206954129, 6445920.338582837022841 ], [ 464255.746663759229705, 6445838.557138900272548 ], [ 464398.113515144214034, 6445885.744978862814605 ], [ 464536.108866045309696, 6445930.22679038438946 ], [ 464566.061091811221559, 6445940.100939258001745 ], [ 464716.403786039038096, 6445974.386221010237932 ], [ 464816.823086102376692, 6445993.979041831567883 ], [ 465083.356185586482752, 6446036.605982777662575 ], [ 465342.617743751965463, 6446079.549794516526163 ], [ 465625.509493478399236, 6446135.332736367359757 ], [ 465725.231864140892867, 6446154.516114926896989 ], [ 465818.591075121366885, 6444978.583073851652443 ], [ 465889.496527969487943, 6444227.887034280225635 ], [ 465915.813371208147146, 6443430.53983470145613 ], [ 465940.870798328891397, 6443129.63923922739923 ], [ 466049.939258515252732, 6442632.111183123663068 ], [ 466061.781180315825623, 6442559.206830305047333 ], [ 465893.6924989639665, 6442463.075119698420167 ], [ 465893.692498963908292, 6442463.075119698420167 ], [ 465823.9840213819989, 6442714.748736957088113 ], [ 465702.200020572927315, 6442961.597147246822715 ], [ 465699.498705061385408, 6442977.564506415277719 ], [ 465612.335121944139246, 6443114.52143610175699 ], [ 465438.031449155067094, 6443418.158100601285696 ], [ 465241.73861796874553, 6443778.757018477655947 ], [ 465231.005942103802226, 6443785.854309836402535 ], [ 465227.775647654372733, 6443791.560993170365691 ], [ 465205.589406406332273, 6443829.666991965845227 ], [ 465200.843617611157242, 6443837.825348901562393 ], [ 465195.095376329671126, 6443848.519944203086197 ], [ 465191.056686557654757, 6443856.048606654629111 ], [ 465151.341333630727604, 6443837.279487359337509 ], [ 465151.807796751148999, 6443842.118746633641422 ], [ 465152.351758288044948, 6443847.736716017127037 ], [ 465158.820050839800388, 6443885.580596379004419 ], [ 465155.466606645612046, 6443890.653775599785149 ], [ 465111.337730217142962, 6443957.389456863515079 ], [ 465085.064983332471456, 6443987.259385991841555 ], [ 465066.808145091112237, 6444030.620384099893272 ], [ 465037.753074703679886, 6444132.998417237773538 ], [ 465023.794466754829045, 6444168.149339522235096 ], [ 465000.884375542169437, 6444209.848122353665531 ], [ 464926.446225999097805, 6444294.367177584208548 ], [ 464930.54545505734859, 6444375.16495637781918 ], [ 464937.996579528902657, 6444432.807509338483214 ], [ 464948.543793084041681, 6444471.672830934636295 ], [ 464958.030431109073106, 6444508.476584197022021 ], [ 464973.604590045521036, 6444519.851921803317964 ], [ 464985.06657924229512, 6444530.306034174747765 ], [ 465002.465349806239828, 6444587.059357364661992 ], [ 465001.727835739031434, 6444592.900155254639685 ], [ 464974.986563023237977, 6444605.11625331826508 ], [ 464973.815079013409559, 6444609.146016383543611 ], [ 464961.407938612508588, 6444651.710011325776577 ], [ 464943.950298547686543, 6444677.706460523419082 ], [ 464850.616059544263408, 6444730.86200703587383 ], [ 464837.250189360405784, 6444862.441436586901546 ], [ 464815.200021376949735, 6444868.938682263717055 ], [ 464794.488026207545772, 6444884.253584217280149 ], [ 464744.281839304196183, 6444849.392543373629451 ], [ 464702.334658216335811, 6444860.186755264177918 ], [ 464670.928564197849482, 6444890.416961625218391 ], [ 464643.57982575945789, 6444908.129886021837592 ], [ 464616.189708696503658, 6444874.258732820861042 ], [ 464582.128172015596647, 6444841.672018958255649 ], [ 464553.767433996137697, 6444866.709742017090321 ], [ 464518.597591400612146, 6444890.038171286694705 ], [ 464494.164232012117282, 6444910.431691031903028 ], [ 464437.565199879929423, 6444937.092348419129848 ], [ 464387.506346176669467, 6444936.0155806010589 ], [ 464369.712865752342623, 6444941.742286116816103 ], [ 464327.929947576427367, 6444960.778302971273661 ], [ 464321.286185649922118, 6444969.6451326161623 ], [ 464319.438013350940309, 6445030.632552278228104 ], [ 464311.180186872952618, 6445054.444852510467172 ], [ 464276.040677146578673, 6445086.693688568659127 ], [ 464220.5061455044779, 6445150.692003988660872 ], [ 464160.089225569157861, 6445136.651071135886014 ], [ 464145.261493064288516, 6445129.703584525734186 ], [ 464137.340321054100059, 6445160.015596309676766 ], [ 464132.208337988122366, 6445166.709066207520664 ], [ 464127.064704815973528, 6445172.111081354320049 ], [ 464120.868438468023669, 6445176.988173304125667 ], [ 464112.368760223733261, 6445182.342595118097961 ], [ 464100.549458283057902, 6445186.468882711604238 ], [ 464089.155975560541265, 6445190.157120920717716 ], [ 464074.487551410391461, 6445193.652337436564267 ], [ 464062.108113377937116, 6445195.723981374874711 ], [ 464045.582572972925846, 6445198.267438653856516 ], [ 464016.891500336700119, 6445199.195391851477325 ], [ 464002.159520578454249, 6445198.916958140209317 ], [ 463987.527610094519332, 6445198.637671463191509 ], [ 463979.659836634236854, 6445199.644309984520078 ], [ 463972.652114766067825, 6445200.70996570866555 ], [ 463967.364363996544853, 6445202.52828530408442 ], [ 463961.188320442510303, 6445208.461390270851552 ], [ 463959.074535671214107, 6445205.244976542890072 ], [ 463959.074535670282785, 6445205.244976543821394 ] ] ] ] } },
{ "type": "Feature", "properties": { "value": 72.8, "POI_CODE": 1 }, "geometry": { "type": "MultiPolygon", "coordinates": [ [ [ [ 458597.48749358713394, 6431418.989505112171173 ], [ 458627.985172505024821, 6431356.498871117830276 ], [ 458751.867756604508031, 6431288.599899885244668 ], [ 458758.059378980251495, 6431241.903803408145905 ], [ 458875.949034459947143, 6431239.57672571670264 ], [ 458921.438013141043484, 6431228.005192535929382 ], [ 458979.230823098390829, 6431222.969435037113726 ], [ 459042.027748205000535, 6431205.401076788082719 ], [ 459006.251373687817249, 6430929.562337861396372 ], [ 458851.005391547863837, 6430762.378878922201693 ], [ 458876.744774275575764, 6430561.121314917691052 ], [ 458904.34258681134088, 6430432.019045959226787 ], [ 458927.659379834891297, 6430427.336957335472107 ], [ 458940.597395801160019, 6430401.235300881788135 ], [ 458940.597395800985396, 6430401.235300880856812 ], [ 458908.661377482989337, 6430397.511135007254779 ], [ 458880.818083467427641, 6430394.713728520087898 ], [ 458845.686307285330258, 6430385.377972863614559 ], [ 458819.595520969713107, 6430376.049439879134297 ], [ 458813.62295128358528, 6430373.917638076469302 ], [ 458783.602567204332445, 6430364.607621769420803 ], [ 458736.277991768147331, 6430349.408572652377188 ], [ 458691.652811799780466, 6430324.428616110235453 ], [ 458647.864291053032503, 6430293.561645341105759 ], [ 458623.398015992366709, 6430278.583663982339203 ], [ 458597.23074286658084, 6430267.698578244075179 ], [ 458575.708848590729758, 6430262.009639969095588 ], [ 458559.290300934691913, 6430261.790374685078859 ], [ 458544.892115430673584, 6430259.802128789946437 ], [ 458518.719879108190071, 6430247.904395478777587 ], [ 458489.50183669407852, 6430230.103994919918478 ], [ 458410.815820067655295, 6430195.89498773869127 ], [ 458371.418293946189806, 6430180.695571007207036 ], [ 458370.997645241208375, 6430172.093243370763958 ], [ 458369.828932727046777, 6430139.927677113562822 ], [ 458335.045565786655061, 6430138.832023223862052 ], [ 458326.393189759983215, 6430133.099175056442618 ], [ 458321.265312332427129, 6430127.596762645989656 ], [ 458292.171439961937722, 6430126.375272375531495 ], [ 458281.300083960231859, 6430125.464536280371249 ], [ 458278.727607149863616, 6430176.742030864581466 ], [ 458271.963830560038332, 6430311.525138724595308 ], [ 458263.429094794555567, 6430468.46156101860106 ], [ 458263.368205342674628, 6430471.679975995793939 ], [ 458262.387493300891947, 6430554.194516642019153 ], [ 458261.378352340136189, 6430572.398324205540121 ], [ 458260.501805079344194, 6430598.194258647970855 ], [ 458259.016804940183647, 6430618.91937052924186 ], [ 458254.712170835584402, 6430679.077854323200881 ], [ 458253.807071495917626, 6430689.709334124810994 ], [ 458247.813583141425624, 6430726.793199581094086 ], [ 458246.043269870744552, 6430743.390523864887655 ], [ 458240.806800131569616, 6430759.634421474300325 ], [ 458236.897236391087063, 6430769.985589971765876 ], [ 458217.220449819986243, 6430812.779825410805643 ], [ 458214.074182622076478, 6430819.838441343046725 ], [ 458209.824700414901599, 6430827.621200820431113 ], [ 458197.768787886889186, 6430855.026233131997287 ], [ 458194.6714014224126, 6430859.412148168310523 ], [ 458191.235464697238058, 6430869.268500002101064 ], [ 458150.410805573163088, 6430951.254382504150271 ], [ 458138.318027921079192, 6430978.448447613976896 ], [ 458116.013078863790724, 6431026.203246022574604 ], [ 458113.305434399284422, 6431033.925396501086652 ], [ 458105.205596919637173, 6431051.969887436367571 ], [ 458136.782739615184255, 6431093.981827864423394 ], [ 458145.408891411323566, 6431106.395039388909936 ], [ 458165.576184015662875, 6431135.399680116213858 ], [ 458169.833690580562688, 6431140.821935573592782 ], [ 458196.143192500749137, 6431174.728192109614611 ], [ 458209.820775221451186, 6431192.822729819454253 ], [ 458251.530096278118435, 6431248.034809456206858 ], [ 458262.379591780190822, 6431262.395756279118359 ], [ 458267.872360488167033, 6431269.586663195863366 ], [ 458273.678659442579374, 6431276.818835424259305 ], [ 458296.243436325341463, 6431305.888119578361511 ], [ 458363.918094165681396, 6431393.096921732649207 ], [ 458371.397203869768418, 6431402.716761419549584 ], [ 458409.471359219693113, 6431454.193884311243892 ], [ 458416.614804642449599, 6431462.804094096645713 ], [ 458426.777098124439362, 6431475.959011048078537 ], [ 458432.023966674052645, 6431482.852076772600412 ], [ 458439.153504789574072, 6431489.569658374413848 ], [ 458459.475207669718657, 6431517.338238061405718 ], [ 458476.343781727948226, 6431543.695411798544228 ], [ 458493.02033551823115, 6431562.973307966254652 ], [ 458597.48749358713394, 6431418.989505112171173 ] ] ] ] } },
{ "type": "Feature", "properties": { "value": 87.6, "POI_CODE": 1 }, "geometry": { "type": "MultiPolygon", "coordinates": [ [ [ [ 438162.948691792960744, 6421682.780540652573109 ], [ 438202.134698733105324, 6421708.832749692723155 ], [ 438418.020228910027072, 6421878.210372785106301 ], [ 438701.17470269149635, 6422046.590870087035 ], [ 438826.353286106837913, 6422119.959700214676559 ], [ 438947.889257933944464, 6422198.265043460763991 ], [ 439315.740591683017556, 6422410.371300903148949 ], [ 439835.228777005511802, 6422574.585948755964637 ], [ 439974.214055485732388, 6422619.165578761138022 ], [ 440023.718473528861068, 6422617.220820564776659 ], [ 440080.383781244629063, 6422605.504325380548835 ], [ 440316.550225825048983, 6422604.169024664908648 ], [ 440364.965497630357277, 6422611.776233767159283 ], [ 440463.373802793677896, 6422647.112000512890518 ], [ 440634.643150325864553, 6422753.901514508761466 ], [ 440908.296834732638672, 6422892.344770764000714 ], [ 441098.726052381796762, 6422992.223300476558506 ], [ 441243.361376658664085, 6423053.465595550835133 ], [ 441266.489441768499091, 6423013.218637821264565 ], [ 441317.513426115445327, 6422935.14945104252547 ], [ 441334.129851625359152, 6422904.195822483859956 ], [ 441343.973036984156352, 6422878.508125335909426 ], [ 441373.192742050276138, 6422755.585197724401951 ], [ 441406.905180688889232, 6422594.805020551197231 ], [ 441488.350057028001174, 6422235.56089327391237 ], [ 441513.666957012261264, 6422131.013180980458856 ], [ 441556.075155948230531, 6421954.129082749597728 ], [ 441568.395850334432907, 6421902.740056251175702 ], [ 441530.756740008306224, 6421887.222045242786407 ], [ 441475.594514518685173, 6421871.437185847200453 ], [ 441429.926531124394387, 6421855.302595442160964 ], [ 441365.015812911791727, 6421829.072633236646652 ], [ 441335.348735174746253, 6421820.944568267092109 ], [ 441313.309731977293268, 6421809.976846870034933 ], [ 441299.460535656660795, 6421800.548241937533021 ], [ 441282.880616069189273, 6421796.348580557852983 ], [ 441260.199446386715863, 6421792.494607563130558 ], [ 441251.533771025249735, 6421791.22990988381207 ], [ 441243.844462976849172, 6421788.291805868968368 ], [ 441217.749186399509199, 6421779.020963067188859 ], [ 441190.096631777007133, 6421773.414265970699489 ], [ 441181.148004755435977, 6421769.826688786968589 ], [ 441135.106464334472548, 6421750.20455467607826 ], [ 441124.281255279202014, 6421744.673824251629412 ], [ 441106.450162610679399, 6421732.754550749436021 ], [ 441146.262714679236524, 6421663.433525880798697 ], [ 441240.666980350099038, 6421583.902371197938919 ], [ 441325.258939830353484, 6421562.875091935507953 ], [ 441345.290971920650918, 6421542.282723281532526 ], [ 441338.043294131814037, 6421429.23653048183769 ], [ 441309.574960497906432, 6421406.515512924641371 ], [ 441293.385025560331997, 6421408.823950911872089 ], [ 441277.385451687732711, 6421418.456397804431617 ], [ 441263.026583843166009, 6421436.560735959559679 ], [ 441254.435493907192722, 6421457.386480140499771 ], [ 441231.977579202619381, 6421463.628670662641525 ], [ 441214.275965555163566, 6421452.519847384653986 ], [ 441197.22615694149863, 6421424.899664174765348 ], [ 441181.349025829404127, 6421414.220715656876564 ], [ 441173.57754703151295, 6421397.276283916085958 ], [ 441164.351909616321791, 6421363.205548071302474 ], [ 441150.880344293022063, 6421341.311965207569301 ], [ 441154.640132288448513, 6421294.857739937491715 ], [ 441152.951268810138572, 6421273.04709954187274 ], [ 441155.053097303665709, 6421253.229562995955348 ], [ 441154.525222832453437, 6421240.688333848491311 ], [ 441154.168966579483822, 6421232.253696236759424 ], [ 441153.362406817497686, 6421213.157780731096864 ], [ 441127.681406969903037, 6421135.23495121859014 ], [ 441117.79980439285282, 6421114.224015546962619 ], [ 441108.377031766402069, 6421101.056430915370584 ], [ 441101.967691837693565, 6421083.746913649141788 ], [ 441099.057042582542636, 6421056.219813464209437 ], [ 441095.78366753377486, 6421035.044921398162842 ], [ 441073.690580704889726, 6421005.038613949902356 ], [ 441029.063428535417188, 6420981.521785905584693 ], [ 440969.559580366360024, 6421006.550036784261465 ], [ 440935.965688394731842, 6420998.1375074358657 ], [ 440922.15564098674804, 6420974.345585216768086 ], [ 440896.677251423010603, 6420945.06939522176981 ], [ 440899.285362930269912, 6420919.888367510400712 ], [ 440920.280208002543077, 6420918.698913488537073 ], [ 440941.62283063493669, 6420923.817910021170974 ], [ 440966.582928706135135, 6420940.051959205418825 ], [ 440988.462458327820059, 6420954.683595904149115 ], [ 441020.896870407275856, 6420953.93852053117007 ], [ 441044.55640518135624, 6420926.532410997897387 ], [ 441057.780232671648264, 6420896.852638283744454 ], [ 441060.230099062435329, 6420845.150834234431386 ], [ 441069.662237680167891, 6420838.77650242857635 ], [ 441072.431807368411683, 6420815.630918059498072 ], [ 441071.392996968294028, 6420792.541375459171832 ], [ 441059.920548106252681, 6420776.219484693370759 ], [ 441044.708204819879029, 6420765.019040651619434 ], [ 441009.385398129350506, 6420757.600045782513916 ], [ 440994.739939790277276, 6420765.187082075513899 ], [ 440944.467071389546618, 6420797.729288368485868 ], [ 440883.752259327098727, 6420829.168034283444285 ], [ 440806.690877317334525, 6420814.316680060699582 ], [ 440755.197785162890796, 6420840.721758243627846 ], [ 440738.754706028325018, 6420840.074263613671064 ], [ 440727.78108236961998, 6420827.520639540627599 ], [ 440709.463359011337161, 6420845.10653695743531 ], [ 440716.168458400934469, 6420876.652593738399446 ], [ 440709.783452050935011, 6420879.12998722679913 ], [ 440697.501077684632037, 6420877.808646578341722 ], [ 440693.579410496342462, 6420873.412771608680487 ], [ 440695.351537666167133, 6420859.467927735298872 ], [ 440697.388472850667313, 6420842.601825402118266 ], [ 440708.513435569824651, 6420840.165580341592431 ], [ 440738.793941553041805, 6420810.299023320898414 ], [ 440742.67461897834437, 6420785.90076001919806 ], [ 440735.692135228833649, 6420767.230685380287468 ], [ 440717.810166850453243, 6420761.048260980285704 ], [ 440709.574702853569761, 6420769.398854027502239 ], [ 440700.739864642091561, 6420770.476129899732769 ], [ 440691.813717522076331, 6420755.386934572830796 ], [ 440694.206127955229022, 6420728.917305257171392 ], [ 440714.962358957738616, 6420719.947050015442073 ], [ 440721.834951418219134, 6420709.968682173639536 ], [ 440710.810254218580667, 6420690.790603457018733 ], [ 440700.405698321061209, 6420682.292852126993239 ], [ 440672.38974958716426, 6420680.714640204794705 ], [ 440648.396985955303535, 6420674.378079094924033 ], [ 440611.638049507397227, 6420673.698177691549063 ], [ 440593.47928441921249, 6420665.672010823152959 ], [ 440565.936471277964301, 6420633.711559880524874 ], [ 440556.597463906393386, 6420604.431802956387401 ], [ 440526.002708860149141, 6420598.795241736806929 ], [ 440518.635854087420739, 6420616.163719832897186 ], [ 440462.379417106742039, 6420628.66900375764817 ], [ 440421.618283847346902, 6420589.178431501612067 ], [ 440387.624539817683399, 6420491.730628967285156 ], [ 440335.157963422127068, 6420485.908900818787515 ], [ 440345.883321394503582, 6420420.788172852247953 ], [ 440326.234252582187764, 6420398.744282553903759 ], [ 440331.912031965679489, 6420370.23231306206435 ], [ 440363.781870407401584, 6420359.101571335457265 ], [ 440428.618421436287463, 6420375.896862160414457 ], [ 440417.019972941256128, 6420416.678321835584939 ], [ 440437.385305286385119, 6420418.40195981413126 ], [ 440481.963539235934149, 6420372.576180292293429 ], [ 440521.208667962229811, 6420234.466285597532988 ], [ 440532.222441121877637, 6420195.698129755444825 ], [ 440503.64249910187209, 6420120.483312765136361 ], [ 440474.557300899061374, 6420113.811375183053315 ], [ 440437.762617972795852, 6420136.182699914090335 ], [ 440392.4249583921046, 6420117.989738107658923 ], [ 440289.457717120065354, 6420211.069745276123285 ], [ 440157.009423186653294, 6420346.363792059011757 ], [ 440007.880377206776757, 6420498.69698959775269 ], [ 440082.713517385534942, 6420887.87400118354708 ], [ 439893.235040173400193, 6421061.710498450323939 ], [ 439802.891382849600632, 6421144.596033369190991 ], [ 439147.310197689046618, 6420886.673960383050144 ], [ 438718.578357976162806, 6420752.691580383107066 ], [ 438376.890305340872146, 6420645.911130999214947 ], [ 437950.023834742140025, 6421279.949141583405435 ], [ 437816.998921979393344, 6421477.535171069204807 ], [ 437879.048112772987224, 6421493.915690287947655 ], [ 437925.001228974666446, 6421506.531609252095222 ], [ 438002.43939312454313, 6421510.17546749766916 ], [ 438060.642471732397098, 6421524.40713348519057 ], [ 438103.350140422058757, 6421542.865512203425169 ], [ 438156.786430401960388, 6421556.860475288704038 ], [ 438164.112236641987693, 6421564.562607388943434 ], [ 438167.113958873203956, 6421567.718527760356665 ], [ 438175.511579878628254, 6421576.547533632256091 ], [ 438188.945858395891264, 6421612.261733246035874 ], [ 438193.730935875733849, 6421634.079344015568495 ], [ 438173.808112576312851, 6421651.111792380921543 ], [ 438165.69279416592326, 6421646.729154461063445 ], [ 438139.69092327094404, 6421632.686971564777195 ], [ 438062.47737747937208, 6421612.000417048111558 ], [ 437985.400440051336773, 6421600.187853619456291 ], [ 437887.104445576667786, 6421582.915678787045181 ], [ 437864.858386780309957, 6421571.936520278453827 ], [ 437833.437290675356053, 6421574.317253708839417 ], [ 437764.899252448056359, 6421554.920426405034959 ], [ 437748.953784115379676, 6421578.604725163429976 ], [ 437918.846729647368193, 6421612.7106918040663 ], [ 438112.101573399908375, 6421658.000186118297279 ], [ 438139.821397017862182, 6421669.497404197230935 ], [ 438145.796849312551785, 6421680.940981375984848 ], [ 438153.706026971747633, 6421681.789251825772226 ], [ 438162.948691792960744, 6421682.780540652573109 ] ], [ [ 439737.906469020526856, 6422225.666374070569873 ], [ 439767.825487882422749, 6422230.026342780329287 ], [ 439772.71506879851222, 6422299.156519793905318 ], [ 439762.8028712629457, 6422344.49134043045342 ], [ 439721.304582068056334, 6422338.379447366110981 ], [ 439704.716914023214485, 6422324.209520249627531 ], [ 439697.820066000742372, 6422313.746343666687608 ], [ 439705.218793166801333, 6422293.447198121808469 ], [ 439731.264112980221398, 6422232.503032747656107 ], [ 439737.906469020526856, 6422225.666374070569873 ] ], [ [ 439800.879390592512209, 6422250.674362311139703 ], [ 439857.711929581535514, 6422251.746360068209469 ], [ 439894.374153249897063, 6422255.994817303493619 ], [ 439907.179226742126048, 6422275.032606060616672 ], [ 439944.353353567479644, 6422249.476714150048792 ], [ 439972.40529825433623, 6422257.707773101516068 ], [ 439960.638487805088516, 6422307.869028147310019 ], [ 439926.887751022120938, 6422368.938423786312342 ], [ 439886.450288476073183, 6422369.545553143136203 ], [ 439834.383595037856139, 6422365.517585721798241 ], [ 439774.461064890958369, 6422351.041417701169848 ], [ 439787.349574835330714, 6422311.440894779749215 ], [ 439788.464091338973958, 6422257.586618545465171 ], [ 439800.879390592512209, 6422250.674362311139703 ] ], [ [ 440058.311927320144605, 6422270.840097952634096 ], [ 440056.05583788419608, 6422313.164387780241668 ], [ 440032.275968710542656, 6422397.14401475712657 ], [ 440006.149463196401484, 6422388.894831045530736 ], [ 439943.396351695177145, 6422378.300140775740147 ], [ 439949.664014026697259, 6422346.482634549029171 ], [ 439991.305544278176967, 6422297.799676051363349 ], [ 440039.642711447202601, 6422246.132918197661638 ], [ 440058.311927320144605, 6422270.840097952634096 ] ] ] ] } },
{ "type": "Feature", "properties": { "value": 78.6, "POI_CODE": 1 }, "geometry": { "type": "MultiPolygon", "coordinates": [ [ [ [ 455536.525342116132379, 6417462.903073908761144 ], [ 455582.357136238366365, 6417451.583860772661865 ], [ 456209.712257945444435, 6417299.260806477628648 ], [ 456246.794166474079248, 6417290.405238322913647 ], [ 456285.912279196898453, 6417280.692761664278805 ], [ 456326.556291777640581, 6417272.80116609390825 ], [ 456377.307771727326326, 6417252.819775018841028 ], [ 456405.214202882896643, 6417236.4609703598544 ], [ 456424.797628261498176, 6417220.716107117943466 ], [ 456442.099035070859827, 6417200.64272238407284 ], [ 456451.869948965206277, 6417184.837594419717789 ], [ 456459.049017953570001, 6417168.938161336816847 ], [ 456463.821535289869644, 6417155.269410843029618 ], [ 456468.367418395762797, 6417136.55940823815763 ], [ 456469.390450571896508, 6417115.015073638409376 ], [ 456474.798184311017394, 6416975.780922781676054 ], [ 456476.638642991601955, 6416942.136162742972374 ], [ 456478.074196404020768, 6416907.783222058787942 ], [ 456485.862232711340766, 6416834.837595642544329 ], [ 456507.257409690355416, 6416144.963963113725185 ], [ 456508.218282968795393, 6416090.831076874397695 ], [ 456510.277065518195741, 6415956.354358058422804 ], [ 456510.80075235129334, 6415940.44706713501364 ], [ 456511.250672406400554, 6415926.780484824441373 ], [ 456512.489954229618888, 6415889.136581536382437 ], [ 456512.591326377762016, 6415810.406864788383245 ], [ 456511.601714021060616, 6415766.71658895816654 ], [ 456509.840487934823614, 6415725.161277171224356 ], [ 456506.966484689095523, 6415680.533910709433258 ], [ 456503.718349808012135, 6415643.526268555782735 ], [ 456499.12990308488952, 6415601.611930083483458 ], [ 456493.692298259702511, 6415561.254433898255229 ], [ 456487.769331855815835, 6415522.639115449041128 ], [ 456482.801711346488446, 6415490.883886439725757 ], [ 456479.998553723969962, 6415472.964862213470042 ], [ 456463.816820180451032, 6415477.628077886067331 ], [ 456400.116909712785855, 6415497.514857050031424 ], [ 455342.280358959920704, 6415829.20995887555182 ], [ 455329.199898377701174, 6415833.207982266321778 ], [ 455317.434561205212958, 6415836.534490124322474 ], [ 455306.292772204615176, 6415839.932024058885872 ], [ 455293.483056229830254, 6415843.737869476899505 ], [ 455290.626294551999308, 6415844.561059560626745 ], [ 455280.623648331675213, 6415961.250589955598116 ], [ 455274.04453767137602, 6416307.123250100761652 ], [ 455541.543771233875304, 6416251.679289689287543 ], [ 455541.953813425439876, 6416247.603439692407846 ], [ 455534.411484160169493, 6416322.574755681678653 ], [ 455529.496214485261589, 6416358.480937796644866 ], [ 455538.712377753923647, 6416442.541158515959978 ], [ 455541.254975865187589, 6416470.23679624311626 ], [ 455555.717890580999665, 6416518.921644229441881 ], [ 455561.764358792512212, 6416541.757416941225529 ], [ 455683.944517732656095, 6416950.34532212279737 ], [ 455607.853900101326872, 6417051.155373645015061 ], [ 455415.746838755905628, 6417038.708173632621765 ], [ 454895.607918232504744, 6417173.648191657848656 ], [ 455009.977915004186798, 6417596.342000264674425 ], [ 455309.220765377976932, 6417521.189904260449111 ], [ 455414.927271169610322, 6417494.360036973841488 ], [ 455443.659708249091636, 6417486.669851502403617 ], [ 455469.595145037746988, 6417480.146615549921989 ], [ 455468.955105713743251, 6417480.333996715955436 ], [ 455468.823453372402582, 6417480.372539924457669 ], [ 455469.103252742206678, 6417481.514533909037709 ], [ 455469.204956786124967, 6417481.4864591229707 ], [ 455536.525342116132379, 6417462.903073908761144 ] ] ] ] } },
{ "type": "Feature", "properties": { "value": 85.6, "POI_CODE": 1 }, "geometry": { "type": "MultiPolygon", "coordinates": [ [ [ [ 451192.201303061156068, 6428425.862701705656946 ], [ 451134.229260008840356, 6428453.32766358461231 ], [ 451126.787292452645488, 6428456.848136081360281 ], [ 451090.306540233141277, 6428473.139049557968974 ], [ 451080.017282899003476, 6428477.819060248322785 ], [ 451006.397228955640458, 6428508.684329985640943 ], [ 450967.861401564325206, 6428518.833093797788024 ], [ 450954.626175923913252, 6428521.912833403795958 ], [ 450902.999345851130784, 6428530.975948146544397 ], [ 450844.251012385007925, 6428534.960981745272875 ], [ 450796.727804314112291, 6428536.837772157043219 ], [ 450734.257460352906492, 6428537.195904061198235 ], [ 450739.315441653132439, 6428581.059041739441454 ], [ 450747.792097350524273, 6428640.869140454567969 ], [ 450748.593320460640825, 6428646.393096903339028 ], [ 450749.826972561189905, 6428654.862358475103974 ], [ 450753.708973834640346, 6428678.653413177467883 ], [ 450755.269616392208263, 6428688.710875261574984 ], [ 450756.263084515638184, 6428697.361252270638943 ], [ 450764.226468358654529, 6428761.130458083003759 ], [ 450765.867570195521694, 6428773.402694675140083 ], [ 450767.940160856465809, 6428792.862488699145615 ], [ 450771.422695557237603, 6428812.560996126383543 ], [ 450781.693850139621645, 6428873.184135552495718 ], [ 450788.667792708671186, 6428926.276483758352697 ], [ 450789.94152240420226, 6428936.571319855749607 ], [ 450794.948844218393788, 6428976.883258296176791 ], [ 450797.440972291398793, 6428992.507636765949428 ], [ 450800.692141901934519, 6429002.087773795239627 ], [ 450806.269191066327039, 6429017.161963814869523 ], [ 450818.007797430094797, 6429046.30106320977211 ], [ 450824.903848422807641, 6429066.725854331627488 ], [ 450831.436919967469294, 6429092.243585965596139 ], [ 450836.101961349835619, 6429120.64589003007859 ], [ 450851.633419629884884, 6429235.1287578381598 ], [ 450851.907004116452299, 6429237.185270306654274 ], [ 450855.996883710671682, 6429274.591343456879258 ], [ 450859.679059977759607, 6429307.693392650224268 ], [ 450862.722397912177257, 6429328.755792112089694 ], [ 450864.757511205971241, 6429343.78457444999367 ], [ 450869.040518127556425, 6429365.677944494411349 ], [ 450871.967627323640045, 6429380.183568006381392 ], [ 450894.050604865944479, 6429378.219466494396329 ], [ 450961.626500522659626, 6429368.704026166349649 ], [ 451017.805315849429462, 6429361.523029695264995 ], [ 451067.739447192812804, 6429356.52376951277256 ], [ 451158.309669798996765, 6429348.433507948182523 ], [ 451249.157948451698758, 6429342.758091495372355 ], [ 451262.364567090931814, 6429342.385306932963431 ], [ 451301.125094578659628, 6429339.629795445129275 ], [ 451363.196410169999581, 6429335.221097897738218 ], [ 451376.635829518781975, 6429333.576527186669409 ], [ 451408.897732856625225, 6429329.643015331588686 ], [ 451461.404189274704549, 6429320.776000173762441 ], [ 451509.934751260676421, 6429311.590525412932038 ], [ 451535.229445169563405, 6429305.359884891659021 ], [ 451638.33022032561712, 6429280.449061994440854 ], [ 451727.93775581184309, 6429257.062430950812995 ], [ 451792.325033354223706, 6429240.184127951972187 ], [ 451821.300972077413462, 6429233.276208294555545 ], [ 451835.536376876698341, 6429230.443335948511958 ], [ 451845.146697981166653, 6429228.868810722604394 ], [ 451853.622911620303057, 6429227.853571214713156 ], [ 451862.951960723788943, 6429226.972815862856805 ], [ 451887.673252253269311, 6429225.561416354961693 ], [ 451912.43969611171633, 6429223.97147539909929 ], [ 452048.077092925494071, 6429218.999930537305772 ], [ 452256.538779943832196, 6429212.89434261713177 ], [ 452264.935778862913139, 6429212.660334943793714 ], [ 452273.728904492512811, 6429212.432744532823563 ], [ 452282.654908696596976, 6429211.947493889369071 ], [ 452291.658680335094687, 6429211.539274977520108 ], [ 452300.681440107582603, 6429210.741144920699298 ], [ 452309.438769455417059, 6429209.99074322078377 ], [ 452312.801681743119843, 6429209.507692842744291 ], [ 452318.48510491673369, 6429208.691323137842119 ], [ 452325.453262566297781, 6429207.606021189130843 ], [ 452330.204187063034624, 6429206.663577290251851 ], [ 452325.360240009205882, 6429195.35927320830524 ], [ 452320.287982777226716, 6429179.976401618681848 ], [ 452317.65196468133945, 6429175.55411231610924 ], [ 452306.735593043675181, 6429146.991093221120536 ], [ 452301.556716092862189, 6429133.580309591256082 ], [ 452296.020192361320369, 6429120.418762257322669 ], [ 452259.580432713148184, 6429047.044209450483322 ], [ 452256.951346459391061, 6429041.731122232973576 ], [ 452236.813858339679427, 6429001.932574344798923 ], [ 452203.75330982595915, 6428932.994127104058862 ], [ 452164.894758714886848, 6428852.913029412738979 ], [ 452133.336286074307282, 6428787.174994243308902 ], [ 452114.303785700176377, 6428746.550980363972485 ], [ 452107.265814468904864, 6428731.525969823822379 ], [ 452100.52907740988303, 6428718.946930376812816 ], [ 452097.518247959087603, 6428716.344186179339886 ], [ 452089.821167879446875, 6428711.437164130620658 ], [ 452083.280336908937898, 6428708.78770509082824 ], [ 452075.671829767816234, 6428708.801060911267996 ], [ 452069.591061045299284, 6428710.989576246589422 ], [ 452039.324915350298397, 6428726.005838436074555 ], [ 452029.864427584223449, 6428730.317142094485462 ], [ 452020.527152010821737, 6428732.088339701294899 ], [ 452009.37701820989605, 6428729.605725132860243 ], [ 451999.45310987700941, 6428719.459053340367973 ], [ 451989.897044311102945, 6428707.949583613313735 ], [ 451985.240616963303182, 6428704.197591417469084 ], [ 451975.36950711190002, 6428697.468611412681639 ], [ 451958.903957407805137, 6428698.390386539511383 ], [ 451930.998177471570671, 6428702.70116560254246 ], [ 451886.244449833873659, 6428709.553313869051635 ], [ 451878.544411843176931, 6428711.783899430185556 ], [ 451863.97723861981649, 6428719.619943069294095 ], [ 451824.442107415408827, 6428749.836737081408501 ], [ 451820.659599476144649, 6428745.027755768969655 ], [ 451803.264055890205782, 6428721.287491544149816 ], [ 451782.65250372531591, 6428693.165757642127573 ], [ 451761.233386280655395, 6428664.775519887916744 ], [ 451724.964805738418363, 6428618.449135826900601 ], [ 451695.116929543612059, 6428581.487408481538296 ], [ 451688.996777725638822, 6428573.578045624308288 ], [ 451673.095283978502266, 6428553.728443533182144 ], [ 451663.137158407829702, 6428543.304641417227685 ], [ 451660.312225154251792, 6428539.976232177577913 ], [ 451641.733724501274992, 6428521.228059222921729 ], [ 451634.935610618849751, 6428513.983917277306318 ], [ 451568.738537603639998, 6428443.971058215945959 ], [ 451557.019414590089582, 6428430.740719649940729 ], [ 451543.763966034399346, 6428416.616029021330178 ], [ 451533.99031529558124, 6428406.346183624118567 ], [ 451502.303977343137376, 6428373.093661493621767 ], [ 451461.867615266062785, 6428323.869571967050433 ], [ 451448.418611055589281, 6428308.956994966603816 ], [ 451429.49337590317009, 6428282.286271505057812 ], [ 451423.781019313610159, 6428276.387677355669439 ], [ 451402.390339047007728, 6428291.545767834410071 ], [ 451334.091992881847546, 6428336.993078018538654 ], [ 451299.400852556573227, 6428360.074525389820337 ], [ 451292.878521172213368, 6428364.852796893566847 ], [ 451270.926251569704618, 6428380.909214369021356 ], [ 451255.230979705869686, 6428390.78770771343261 ], [ 451245.942956677055918, 6428396.635316465049982 ], [ 451242.622021578834392, 6428398.724595031701028 ], [ 451218.066605203785002, 6428412.675273838452995 ], [ 451207.033771627291571, 6428418.945126515813172 ], [ 451192.201303061156068, 6428425.862701705656946 ] ] ] ] } },
{ "type": "Feature", "properties": { "value": 97.9, "POI_CODE": 1 }, "geometry": { "type": "MultiPolygon", "coordinates": [ [ [ [ 460889.259737998945639, 6430958.963716371916234 ], [ 461288.410464894492179, 6431135.383342179469764 ], [ 461294.146657778066583, 6431118.734129947610199 ], [ 461343.400963820924517, 6431035.096285437233746 ], [ 461351.562395358458161, 6431021.912429730407894 ], [ 461357.995060486136936, 6430959.543882772326469 ], [ 461364.678561834734865, 6430932.824209554120898 ], [ 461387.883540312177502, 6430883.075282882899046 ], [ 461398.372036211192608, 6430860.594340014271438 ], [ 461403.402153287257534, 6430849.812447481788695 ], [ 461418.587759695248678, 6430818.746307524852455 ], [ 461450.117330363951623, 6430765.131716126576066 ], [ 461453.987174728303216, 6430723.508617136627436 ], [ 461461.643279489246197, 6430686.647740745916963 ], [ 461487.087786475021858, 6430628.672017603181303 ], [ 461576.819089273922145, 6430494.387740600854158 ], [ 461644.049999398936052, 6430383.614179713651538 ], [ 461705.646690949331969, 6430329.445683440193534 ], [ 461801.306913713924587, 6430253.76394340954721 ], [ 461891.740563544037286, 6430165.664328097365797 ], [ 461901.822160157142207, 6430091.382016799412668 ], [ 461957.755105314834509, 6430024.344989938661456 ], [ 461993.010907940100878, 6429990.106031093746424 ], [ 462103.124787589476909, 6429931.496219634078443 ], [ 462081.206397268921137, 6429898.614040707238019 ], [ 462007.957290074904449, 6429790.865081874653697 ], [ 462001.477249138406478, 6429760.775816365145147 ], [ 461995.658937333326321, 6429742.471194163896143 ], [ 461976.316295110387728, 6429707.817013365216553 ], [ 461969.225220879598055, 6429678.145577607676387 ], [ 461977.368272548774257, 6429639.555423740297556 ], [ 461973.747722435451578, 6429615.607220127247274 ], [ 461973.747722434694879, 6429615.607220126315951 ], [ 461969.3139892743784, 6429594.13961108867079 ], [ 461892.593655542761553, 6429604.378544619306922 ], [ 461777.018785832508001, 6429611.161751608364284 ], [ 461706.728045122756157, 6429611.746269482187927 ], [ 461566.458943443838507, 6429603.619088685140014 ], [ 461470.607188473630231, 6429592.061726354062557 ], [ 461445.347385050321463, 6429588.764620089903474 ], [ 461430.656549524108414, 6429586.847057825885713 ], [ 461405.665170632884838, 6429581.065054411999881 ], [ 461398.135646289738361, 6429576.194333870895207 ], [ 461390.424300790007692, 6429571.47012824844569 ], [ 461385.222729668545071, 6429565.30763806309551 ], [ 461377.108298736158758, 6429560.464881944470108 ], [ 461367.863109877798706, 6429558.483399173244834 ], [ 461358.4761603482184, 6429559.565172294154763 ], [ 461349.933540568861645, 6429563.611583850346506 ], [ 461345.906135595578235, 6429565.187073252163827 ], [ 461340.424609075416811, 6429566.743245075456798 ], [ 461336.670010100293439, 6429567.803936093114316 ], [ 461316.468039978761226, 6429569.580663059838116 ], [ 461259.564628013642505, 6429562.383125931024551 ], [ 461237.947709331812803, 6429559.65355615876615 ], [ 461154.93701077089645, 6429548.10156773775816 ], [ 461019.627282615634613, 6429530.737436231225729 ], [ 460920.089594227611087, 6429517.959951750934124 ], [ 460911.789592704793904, 6429517.172747557982802 ], [ 460850.169414073170628, 6429511.318758809007704 ], [ 460778.095609830808826, 6429504.477262278087437 ], [ 460755.112179382180329, 6429502.298157930374146 ], [ 460723.490140386333223, 6429499.769930792972445 ], [ 460557.139347292657476, 6429486.456828517839313 ], [ 460320.674291633127723, 6429467.511556495912373 ], [ 460283.515099505602848, 6429464.551940591074526 ], [ 460261.199875604361296, 6429461.867991441860795 ], [ 460235.163761041709222, 6429458.274826746433973 ], [ 460149.496352993242908, 6429449.353243125602603 ], [ 460143.798633101047017, 6429448.764340054243803 ], [ 460102.201882238849066, 6429444.781835369765759 ], [ 459989.308997730142437, 6429436.959760474041104 ], [ 459943.593705840117764, 6429433.120386201888323 ], [ 459856.070007887319662, 6429431.349529801867902 ], [ 459795.53167321201181, 6429428.77432575263083 ], [ 459670.858583084598649, 6429428.022775007411838 ], [ 459677.325845909770578, 6429440.365024994127452 ], [ 459691.620178655721247, 6429467.644607240334153 ], [ 459713.285673271107953, 6429523.630906541831791 ], [ 459723.517131159896962, 6429567.143453096970916 ], [ 459726.940742512466386, 6429581.703455198556185 ], [ 459726.940742511942517, 6429581.703455198556185 ], [ 459748.483176614332478, 6429695.408188628964126 ], [ 459732.55475465033669, 6430102.070368961431086 ], [ 459831.580294835963286, 6430212.131423604674637 ], [ 460293.070627217995934, 6430520.682599917985499 ], [ 460736.057418626151048, 6430765.040230710990727 ], [ 460751.87132493511308, 6430789.313688899390399 ], [ 460732.416266190353781, 6430847.245799254626036 ], [ 460889.259737998945639, 6430958.963716371916234 ] ] ] ] } },
{ "type": "Feature", "properties": { "value": 75.4, "POI_CODE": 1 }, "geometry": { "type": "MultiPolygon", "coordinates": [ [ [ [ 459564.476966753078159, 6432284.419134125113487 ], [ 459567.063095863908529, 6432302.396851752884686 ], [ 459577.334107944683637, 6432333.858085505664349 ], [ 459585.26478833478177, 6432344.789401214569807 ], [ 459597.227887318469584, 6432428.452745340764523 ], [ 459607.61085852526594, 6432465.190512445755303 ], [ 459612.606963387574069, 6432505.389904969371855 ], [ 459613.534255642036442, 6432533.973038650117815 ], [ 459602.398536697495729, 6432583.243140614591539 ], [ 459605.121821206645109, 6432627.039618466980755 ], [ 459601.051229378324933, 6432653.713767946697772 ], [ 459593.211146970686968, 6432698.87542337551713 ], [ 459594.496803386136889, 6432777.970637022517622 ], [ 459589.244521361775696, 6432806.894748036749661 ], [ 459581.799034331575967, 6432838.502162375487387 ], [ 459580.845973512157798, 6432841.774132971651852 ], [ 459575.991589165409096, 6432855.752181117422879 ], [ 459564.346114043553825, 6432872.660571862012148 ], [ 459536.610576395469252, 6432904.919236742891371 ], [ 459504.314302063256036, 6432934.051175728440285 ], [ 459478.92661458789371, 6432956.67762407194823 ], [ 459476.994137238943949, 6432960.605356186628342 ], [ 459475.784822257293854, 6432963.05602936912328 ], [ 459473.985444760881364, 6432966.715190303511918 ], [ 459470.233280625485349, 6432971.1401889603585 ], [ 459551.145331135601737, 6433007.529033958911896 ], [ 459580.444591542764101, 6433021.23872609809041 ], [ 459588.172282700194046, 6433025.0907649602741 ], [ 459596.798102828674018, 6433029.579500249586999 ], [ 459649.272146457922645, 6433054.088907267898321 ], [ 459698.132326867256779, 6433076.920858729630709 ], [ 459705.436070184281562, 6433080.332040256820619 ], [ 459711.400082727370318, 6433083.233465247787535 ], [ 459788.880350366525818, 6433119.984642956405878 ], [ 459799.135422939667478, 6433125.047491344623268 ], [ 459814.061162419093307, 6433122.469792725518346 ], [ 459880.560616278497037, 6433109.764132304117084 ], [ 459913.210677872237284, 6433108.066259732469916 ], [ 459930.195725762168877, 6433109.432055741548538 ], [ 459939.133032747311518, 6433111.480013524182141 ], [ 459954.835608877707273, 6433114.506654162891209 ], [ 459977.723517897713464, 6433121.536331377923489 ], [ 460017.794539414695464, 6433133.805005315691233 ], [ 460051.372603105497546, 6433144.591476890258491 ], [ 460072.81240067014005, 6433143.263321035541594 ], [ 460093.084119855018798, 6433136.736187823116779 ], [ 460122.674289692542516, 6433096.568761938251555 ], [ 460147.619062525802292, 6433045.313842448405921 ], [ 460172.634294530784246, 6433008.143083158880472 ], [ 460195.006207442958839, 6432981.208885177969933 ], [ 460225.150431176531129, 6432953.740786110982299 ], [ 460248.934556650870945, 6432933.339691936969757 ], [ 460260.570456074026879, 6432924.683830929920077 ], [ 460301.480275440320838, 6432891.1968266190961 ], [ 460335.120041008573025, 6432852.850135064683855 ], [ 460349.142581615771633, 6432841.264791582711041 ], [ 460377.177949019591324, 6432829.573646849952638 ], [ 460396.547229669638909, 6432825.32841807231307 ], [ 460408.572767374338582, 6432820.165247685275972 ], [ 460417.755212738469709, 6432803.439699184149504 ], [ 460423.440825919911731, 6432776.516606332734227 ], [ 460429.07846650184365, 6432764.391261915676296 ], [ 460438.28254978521727, 6432748.634219761937857 ], [ 460458.728649580618367, 6432729.058053146116436 ], [ 460480.953499041032046, 6432697.060947328805923 ], [ 460502.022911220032256, 6432668.816482131369412 ], [ 460573.344917123729829, 6432558.717970421537757 ], [ 460583.955390454095323, 6432540.542409948073328 ], [ 460585.054829020577017, 6432528.684837431646883 ], [ 460583.087207585573196, 6432519.028730530291796 ], [ 460553.312709067598917, 6432500.862730781547725 ], [ 460505.058244461775757, 6432464.831490319222212 ], [ 460499.567125978937838, 6432456.635483464226127 ], [ 460513.824603809742257, 6432439.358887039124966 ], [ 460543.182301731139887, 6432396.224242011085153 ], [ 460561.89876221382292, 6432366.344426830299199 ], [ 460583.251779802259989, 6432337.273706949315965 ], [ 460614.956339308642782, 6432349.820419787429273 ], [ 460642.698347978293896, 6432364.833719074726105 ], [ 460681.197130149579607, 6432387.223279553465545 ], [ 460684.446123175381217, 6432388.482809476554394 ], [ 460688.2939525723923, 6432388.778905597515404 ], [ 460692.89019720966462, 6432387.108025066554546 ], [ 460703.706209861440584, 6432380.699536241590977 ], [ 460706.382255095464643, 6432378.357275430113077 ], [ 460737.780801792920101, 6432350.891962571069598 ], [ 460765.678233186132275, 6432313.307031068019569 ], [ 460812.574974408897106, 6432248.479707120917737 ], [ 460821.430621219740715, 6432233.049910291098058 ], [ 460836.751242926577106, 6432221.564931564033031 ], [ 460856.412073681072798, 6432201.542093786410987 ], [ 460878.624714606208727, 6432178.510386979207397 ], [ 460900.057587752409745, 6432150.620847846381366 ], [ 460945.12738593906397, 6432095.444059962406754 ], [ 460986.02512691821903, 6432047.790720323100686 ], [ 461018.689451681799255, 6432002.511890598572791 ], [ 461004.70963084459072, 6431994.798989223316312 ], [ 461019.918590556364506, 6431994.104769651778042 ], [ 461066.173409910406917, 6431998.863799398764968 ], [ 461094.764378358318936, 6431995.478433622047305 ], [ 461105.791942701966036, 6431988.17827092576772 ], [ 461109.932604499044828, 6431973.641309781000018 ], [ 461113.338235608127434, 6431913.996172869578004 ], [ 461113.045477833482437, 6431899.1127446340397 ], [ 461110.505451708857436, 6431858.509202693589032 ], [ 461111.289668628072832, 6431821.402763788588345 ], [ 461114.542631009884644, 6431790.919314799830317 ], [ 461121.511362408054993, 6431758.028095182962716 ], [ 461133.341454128210898, 6431735.410826743580401 ], [ 461134.21795284608379, 6431676.825846466235816 ], [ 461135.226255047949962, 6431621.457338972948492 ], [ 461133.54603949439479, 6431575.111368960700929 ], [ 461136.745487379317638, 6431561.530018178746104 ], [ 461142.814562456449494, 6431553.265081911347806 ], [ 461183.519722288707271, 6431454.63281961530447 ], [ 461197.16057163651567, 6431412.758457515388727 ], [ 461201.230683902045712, 6431392.688663569279015 ], [ 461198.759635571273975, 6431332.377109934575856 ], [ 461202.627043157117441, 6431317.575712000951171 ], [ 461225.730055103020277, 6431271.155838347040117 ], [ 461271.811397103883792, 6431183.561882914043963 ], [ 461288.410464894492179, 6431135.383342179469764 ], [ 460889.259737998945639, 6430958.963716371916234 ], [ 460732.416266190353781, 6430847.245799254626036 ], [ 460751.87132493511308, 6430789.313688899390399 ], [ 460736.057418626151048, 6430765.040230710990727 ], [ 460293.070627217995934, 6430520.682599917985499 ], [ 460163.158680024498608, 6430433.823826697655022 ], [ 459947.676621764607262, 6430915.005602254532278 ], [ 459972.106800340989139, 6431132.388425289653242 ], [ 459965.74813037738204, 6431385.596394618041813 ], [ 459843.32336896576453, 6431599.988410838879645 ], [ 459925.184008267417084, 6431776.791347617283463 ], [ 459783.816900868434459, 6431875.904982884414494 ], [ 459598.018989616713952, 6431979.91144005022943 ], [ 459559.10212078114273, 6432100.904777302406728 ], [ 459559.285850285901688, 6432126.600546346046031 ], [ 459563.884323501668405, 6432140.89472043607384 ], [ 459568.479512833582703, 6432224.209570648148656 ], [ 459564.266687237774022, 6432251.441889348439872 ], [ 459563.162552717607468, 6432267.207916545681655 ], [ 459564.476966753078159, 6432284.419134125113487 ] ] ] ] } },
{ "type": "Feature", "properties": { "value": 81.0, "POI_CODE": 1 }, "geometry": { "type": "MultiPolygon", "coordinates": [ [ [ [ 448552.445829900098033, 6429315.70733879134059 ], [ 448557.205262522271369, 6429319.347233313135803 ], [ 448580.82431273011025, 6429291.659703863784671 ], [ 448577.962971590750385, 6429289.060632771812379 ], [ 448576.764773741073441, 6429287.503128791227937 ], [ 448579.859226622327697, 6429283.914296994917095 ], [ 448608.586269357125275, 6429250.263141394592822 ], [ 448614.926430051447824, 6429243.166748315095901 ], [ 448619.932056726654992, 6429237.557304750196636 ], [ 448625.304425144102424, 6429231.965418233536184 ], [ 448629.560211820993572, 6429227.801997913978994 ], [ 448634.316382350749336, 6429223.476260906085372 ], [ 448638.831488239229657, 6429219.71036029048264 ], [ 448644.261460042442195, 6429215.375968432053924 ], [ 448651.368352027493529, 6429209.973367040976882 ], [ 448669.232608955178875, 6429198.030083434656262 ], [ 448682.877401915960945, 6429190.31657946947962 ], [ 448705.551823788904585, 6429177.766050252132118 ], [ 448779.702180304855574, 6429137.965618958696723 ], [ 448772.867680601368193, 6429140.202269066125154 ], [ 448765.588725140143652, 6429141.431386453099549 ], [ 448756.496883702813648, 6429142.349744446575642 ], [ 448748.370465982530732, 6429142.030926987528801 ], [ 448739.454717590939254, 6429141.009645423851907 ], [ 448731.258333868987393, 6429138.464843310415745 ], [ 448724.139983540866524, 6429135.627849583514035 ], [ 448716.909897617064416, 6429131.456152785569429 ], [ 448711.775638520426583, 6429127.992431478574872 ], [ 448707.307969746587332, 6429124.419942578300834 ], [ 448703.764333796338178, 6429120.99147220607847 ], [ 448699.925974369398318, 6429116.709427922964096 ], [ 448694.966697666386608, 6429110.303948077373207 ], [ 448691.54122981976252, 6429102.731902690604329 ], [ 448689.76999985286966, 6429097.844308360479772 ], [ 448688.089660108322278, 6429092.209529334679246 ], [ 448686.759657292976044, 6429086.236211283132434 ], [ 448685.887768524233252, 6429080.490832923911512 ], [ 448685.589202995528467, 6429074.738087095320225 ], [ 448685.698851136781741, 6429069.470017395913601 ], [ 448686.575016396527644, 6429064.047347933985293 ], [ 448688.021553168422543, 6429057.927004903554916 ], [ 448689.737173551693559, 6429052.504683988168836 ], [ 448692.128273768350482, 6429046.283128885552287 ], [ 448695.135041628149338, 6429040.588125369511545 ], [ 448698.690030115947593, 6429035.231253365986049 ], [ 448702.249557785457, 6429030.687151319347322 ], [ 448707.519367009575944, 6429025.363931712694466 ], [ 448710.781044207920786, 6429022.482717035338283 ], [ 448729.812098959460855, 6429004.645678116939962 ], [ 448741.937940445146523, 6428994.134844520129263 ], [ 448748.989648591727018, 6428988.076195822097361 ], [ 448757.369501582230441, 6428980.018560615368187 ], [ 448765.757584654260427, 6428972.138991429470479 ], [ 448773.284249266085681, 6428964.849489277228713 ], [ 448779.56777262937976, 6428957.887715361081064 ], [ 448785.850717888213694, 6428949.957250559702516 ], [ 448792.535392730962485, 6428941.542857623659074 ], [ 448799.208475690276828, 6428932.683241861872375 ], [ 448804.746086093073245, 6428924.250174220651388 ], [ 448809.707030036137439, 6428916.024929438717663 ], [ 448814.183938742731698, 6428907.393916047178209 ], [ 448818.157836383557878, 6428900.105504627339542 ], [ 448821.793546882807277, 6428892.721220408566296 ], [ 448827.587350485497154, 6428880.74410735629499 ], [ 448833.868967520422302, 6428866.233204013668001 ], [ 448837.020076364045963, 6428856.550286483950913 ], [ 448844.556053272739518, 6428830.576985869556665 ], [ 448886.550178121076897, 6428731.876861433498561 ], [ 448895.018425174348522, 6428711.258602960035205 ], [ 448898.853013100568205, 6428701.834224797785282 ], [ 448903.245830175408628, 6428689.830622308887541 ], [ 448908.977603640640154, 6428666.953688640147448 ], [ 448912.912427107337862, 6428648.720598002895713 ], [ 448918.924692252476234, 6428614.482832535170019 ], [ 448924.056153897079639, 6428578.396870951168239 ], [ 448925.831355656962842, 6428562.796906680800021 ], [ 448927.915345766814426, 6428543.140012195333838 ], [ 448937.537755805824418, 6428456.902232704684138 ], [ 448942.285588762606494, 6428415.287335003726184 ], [ 448943.057222878735047, 6428403.497100645676255 ], [ 448943.892409806489013, 6428396.215553207322955 ], [ 448949.574207863071933, 6428340.692795732989907 ], [ 448957.259839690523222, 6428246.707936491817236 ], [ 448965.299356721283402, 6428206.765747017227113 ], [ 448964.980933633400127, 6428201.280476901680231 ], [ 448963.69112853059778, 6428187.334217446856201 ], [ 448960.037466571549885, 6428162.383813599124551 ], [ 448957.134167576499749, 6428144.794903513044119 ], [ 448955.091811427264474, 6428133.964806078933179 ], [ 448953.010400989267509, 6428123.781013255938888 ], [ 448949.702411674079485, 6428109.693532158620656 ], [ 448946.523220149101689, 6428097.820184976793826 ], [ 448930.621356354677118, 6428039.399998224340379 ], [ 448901.500792420934886, 6427944.738928851671517 ], [ 448892.943300637591165, 6427916.922925690189004 ], [ 448884.131390024791472, 6427892.339217700064182 ], [ 448873.724600809509866, 6427863.277577226050198 ], [ 448861.030678592273034, 6427827.865137096494436 ], [ 448858.678072982758749, 6427820.546444464474916 ], [ 448857.113748817006126, 6427815.678399107418954 ], [ 448841.642700207768939, 6427767.530231211334467 ], [ 448814.018302774638869, 6427685.176563865505159 ], [ 448797.620481408550404, 6427633.544179768301547 ], [ 448779.552709021838382, 6427578.537227925844491 ], [ 448778.612912967626471, 6427575.855933110229671 ], [ 448675.69672581780469, 6427614.097719364799559 ], [ 448675.696725816291291, 6427614.097719364799559 ], [ 448638.093474200577475, 6427652.895020691677928 ], [ 448619.120819156523794, 6427659.663840574212372 ], [ 448597.885386809124611, 6427651.886712493374944 ], [ 448583.219754854799248, 6427666.149529718793929 ], [ 448560.127209615253378, 6427670.299360710196197 ], [ 448554.029890422069002, 6427663.841879478655756 ], [ 448541.75241940387059, 6427658.733346573077142 ], [ 448504.64400416216813, 6427673.853456139564514 ], [ 448470.481584412511438, 6427677.110995333641768 ], [ 448463.321575473935809, 6427689.596138340421021 ], [ 448463.596171509008855, 6427705.381426904350519 ], [ 448468.404615098319482, 6427720.106118993833661 ], [ 448474.711372803896666, 6427726.750057636760175 ], [ 448545.302059920562897, 6427714.861549432389438 ], [ 448599.581724736606702, 6427721.222127194516361 ], [ 448618.958277264202479, 6427755.078060780651867 ], [ 448637.138025292486418, 6427809.938136901706457 ], [ 448624.966522747126874, 6427837.396616332232952 ], [ 448611.489089294045698, 6427855.719317180104554 ], [ 448602.505319077929016, 6427877.213273805566132 ], [ 448583.50528112432221, 6427892.333568411879241 ], [ 448566.453354126017075, 6427893.410442386753857 ], [ 448552.935844202816952, 6427900.320925501175225 ], [ 448525.495054149825592, 6427920.271278126165271 ], [ 448518.004629681061488, 6427929.119582791812718 ], [ 448495.236717024992686, 6427939.979786676354706 ], [ 448469.766567626153119, 6427935.25316241197288 ], [ 448452.737240721588023, 6427911.945499936118722 ], [ 448439.277492624765728, 6427910.025903269648552 ], [ 448430.071664315357339, 6427902.328258141875267 ], [ 448415.820293237804435, 6427919.704057640396059 ], [ 448399.439329668006394, 6427929.224132706411183 ], [ 448374.374003664765041, 6427926.096264488995075 ], [ 448365.119438813300803, 6427936.13679289445281 ], [ 448358.610935889417306, 6427957.788620891980827 ], [ 448349.598086034064181, 6427996.575568837113678 ], [ 448322.02827493211953, 6428010.082092377357185 ], [ 448304.700950510159601, 6428007.199742398224771 ], [ 448293.411468464473728, 6428008.013934412971139 ], [ 448273.513035933894571, 6428007.503265049308538 ], [ 448256.121354116359726, 6428011.525405931286514 ], [ 448252.514380506181624, 6428019.744921891950071 ], [ 448252.212159215996508, 6428029.736567325890064 ], [ 448254.105633317958564, 6428035.769257535226643 ], [ 448262.869113813503645, 6428038.071950889192522 ], [ 448275.090028222824913, 6428036.13215057272464 ], [ 448286.920766568044201, 6428032.371365942060947 ], [ 448315.847304281953257, 6428022.74414707813412 ], [ 448343.496877906494774, 6428016.78579836525023 ], [ 448354.917373790347483, 6428017.874068321660161 ], [ 448364.21312905754894, 6428034.366701471619308 ], [ 448367.777453045826405, 6428048.906938941217959 ], [ 448368.578089281101711, 6428052.292639593593776 ], [ 448374.35869033576455, 6428071.781397569924593 ], [ 448389.502038235717919, 6428090.547913836315274 ], [ 448420.464167052647099, 6428109.444227275438607 ], [ 448441.047648556879722, 6428114.511956726200879 ], [ 448454.351164721825626, 6428118.582538547925651 ], [ 448472.814521809108555, 6428122.486389027908444 ], [ 448485.131530984013807, 6428121.592639347538352 ], [ 448496.144065579224844, 6428114.914629634469748 ], [ 448513.861797160527203, 6428102.260025702416897 ], [ 448520.551829951407854, 6428078.590758156962693 ], [ 448532.279323568567634, 6428061.303517314605415 ], [ 448538.990129774028901, 6428031.888574678450823 ], [ 448557.025882631889544, 6428013.58484464418143 ], [ 448577.639535292750224, 6428002.140316553413868 ], [ 448582.675555307709146, 6427985.908086257055402 ], [ 448602.726790977932978, 6427970.718579334206879 ], [ 448628.564156773209106, 6427951.613334419205785 ], [ 448641.031451553222723, 6427912.69357770588249 ], [ 448671.005190696567297, 6427892.85623246524483 ], [ 448703.642768824822269, 6427893.940169299021363 ], [ 448709.555081062193494, 6427910.443626805208623 ], [ 448736.672583173087332, 6427916.375439139083028 ], [ 448805.064857812016271, 6427946.329971760511398 ], [ 448823.030628180189524, 6427968.135068909265101 ], [ 448850.177417190221604, 6428019.808052694424987 ], [ 448836.171586495998781, 6428115.087739742361009 ], [ 448819.152358950814232, 6428113.568778483197093 ], [ 448810.420643108780496, 6428103.091694198548794 ], [ 448799.350184026290663, 6428097.911255713552237 ], [ 448798.617804556619376, 6428107.663389928638935 ], [ 448802.237690398527775, 6428119.286018249578774 ], [ 448790.576973871386144, 6428131.249270620755851 ], [ 448784.75985385623062, 6428163.625236202962697 ], [ 448757.438234476023354, 6428174.831849177367985 ], [ 448731.332691465620883, 6428195.086584863252938 ], [ 448701.138799048378132, 6428205.450826280750334 ], [ 448677.684490472835023, 6428233.209980707615614 ], [ 448662.993823613389395, 6428244.455401765182614 ], [ 448664.464882055879571, 6428277.48391891643405 ], [ 448672.398136804345995, 6428297.602356543764472 ], [ 448675.817733091651462, 6428368.162769655697048 ], [ 448656.064012067392468, 6428386.12063495721668 ], [ 448647.531637805222999, 6428391.597195541486144 ], [ 448642.766222058155108, 6428411.377809804864228 ], [ 448641.892735784582328, 6428434.94981412217021 ], [ 448684.472058304119855, 6428512.066212323494256 ], [ 448696.772978874330875, 6428510.471822238527238 ], [ 448715.332473967748228, 6428492.095233176834881 ], [ 448731.137349363474641, 6428493.094853488728404 ], [ 448723.281320845184382, 6428513.939425464719534 ], [ 448730.304247509338893, 6428519.850803189910948 ], [ 448744.812788520939648, 6428521.201154267415404 ], [ 448809.25772842875449, 6428549.814438859000802 ], [ 448813.772298423049506, 6428563.463237181305885 ], [ 448793.168380011804402, 6428584.248380138538778 ], [ 448791.631887722935062, 6428595.369252901524305 ], [ 448804.135694906522986, 6428605.0073746079579 ], [ 448818.290416549076326, 6428612.453134846873581 ], [ 448778.326362107356545, 6428648.150755736045539 ], [ 448773.806339542439673, 6428682.937479191459715 ], [ 448776.250086060201284, 6428696.924568366259336 ], [ 448790.083982292620931, 6428699.196761162020266 ], [ 448787.542528902355116, 6428705.709675112739205 ], [ 448779.621203624410555, 6428708.082716503180563 ], [ 448771.619346154911909, 6428717.081881275400519 ], [ 448770.090404077491257, 6428739.381787283346057 ], [ 448775.607188963796943, 6428767.102931519970298 ], [ 448769.882177164079621, 6428785.826790882274508 ], [ 448759.465590227162465, 6428803.820299632847309 ], [ 448764.065340474597178, 6428818.124892159365118 ], [ 448788.722832229745109, 6428817.574788132682443 ], [ 448779.317263579985593, 6428827.738805410452187 ], [ 448774.312151565798558, 6428837.133783577941358 ], [ 448764.622150581039023, 6428843.092613999731839 ], [ 448759.573002753430046, 6428852.276619729585946 ], [ 448760.197778993460815, 6428859.962599192745984 ], [ 448754.107242544181645, 6428869.995068624615669 ], [ 448752.311339010775555, 6428873.78160412888974 ], [ 448748.858629791531712, 6428877.912306536920369 ], [ 448746.061099992890377, 6428880.119454707950354 ], [ 448744.594049418345094, 6428881.429895790293813 ], [ 448743.277161943726242, 6428882.003527536056936 ], [ 448741.989257534325588, 6428882.532249368727207 ], [ 448740.481456700596027, 6428883.431235485710204 ], [ 448738.212676783790812, 6428884.918988912366331 ], [ 448736.802761291211937, 6428883.311438645236194 ], [ 448732.766055826563388, 6428886.158040585927665 ], [ 448729.658889643847942, 6428888.191022342070937 ], [ 448728.823274238500744, 6428887.110561555251479 ], [ 448720.214685191807803, 6428889.336668114177883 ], [ 448716.220566212490667, 6428891.815298963338137 ], [ 448719.004034906160086, 6428895.420563083142042 ], [ 448708.446269374690019, 6428903.762344490736723 ], [ 448705.710033150215168, 6428906.13575323484838 ], [ 448704.471286893298384, 6428908.189294185489416 ], [ 448702.579111107857898, 6428910.919304419308901 ], [ 448698.744663662102539, 6428912.93938428349793 ], [ 448686.628051442734431, 6428919.118872610852122 ], [ 448681.193133835215122, 6428922.183917638845742 ], [ 448675.571995232836343, 6428926.39822612144053 ], [ 448671.887965405941941, 6428928.160303556360304 ], [ 448666.872164541913662, 6428931.175443078391254 ], [ 448664.073515148658771, 6428932.369417210109532 ], [ 448661.910110934695695, 6428931.473058602772653 ], [ 448659.255622898577712, 6428929.625440252013505 ], [ 448656.226352919475175, 6428930.354732219129801 ], [ 448653.352028815832455, 6428933.019452561624348 ], [ 448652.020093779603485, 6428936.098590867593884 ], [ 448650.907533772173338, 6428939.687099841423333 ], [ 448646.055321504711173, 6428940.250552980229259 ], [ 448642.72340775327757, 6428943.188396044075489 ], [ 448640.406512410729192, 6428945.066535836085677 ], [ 448638.168830149923451, 6428946.208775276318192 ], [ 448635.861691701458767, 6428947.006737104617059 ], [ 448634.142805695009883, 6428947.117923560552299 ], [ 448632.707596957916394, 6428947.681979864835739 ], [ 448631.711854489636607, 6428949.320438729599118 ], [ 448629.722389819798991, 6428950.91600819863379 ], [ 448626.951147577201482, 6428955.617052120156586 ], [ 448624.677074376493692, 6428957.605996334925294 ], [ 448621.21326324500842, 6428959.020115990191698 ], [ 448619.010161466198042, 6428960.551632167771459 ], [ 448617.168694275838789, 6428961.243401994928718 ], [ 448615.53460804396309, 6428961.052871476858854 ], [ 448614.165751525200903, 6428961.259773882105947 ], [ 448613.517108795815147, 6428961.847119465470314 ], [ 448611.958859385165852, 6428961.57767238933593 ], [ 448610.483826691110153, 6428960.884040536358953 ], [ 448609.460801999957766, 6428961.320320462808013 ], [ 448608.623732653039042, 6428961.965764730237424 ], [ 448607.843012276687659, 6428962.855444988235831 ], [ 448609.231855896709021, 6428963.282954872585833 ], [ 448610.190181566751562, 6428964.250465968623757 ], [ 448609.45323542424012, 6428965.785388867370784 ], [ 448608.058909171901178, 6428967.228560803458095 ], [ 448605.873692399298307, 6428968.770988834090531 ], [ 448600.067136559984647, 6428971.428949977271259 ], [ 448586.385296508902684, 6428976.771532652899623 ], [ 448583.932390913250856, 6428978.183804378844798 ], [ 448582.302796417148784, 6428979.719091580249369 ], [ 448581.520298437506426, 6428981.388221558183432 ], [ 448579.239800578448921, 6428981.039010599255562 ], [ 448576.945109450782184, 6428979.58765900041908 ], [ 448574.922863230633084, 6428980.471064679324627 ], [ 448573.267955841089133, 6428983.253756071440876 ], [ 448572.88350071979221, 6428986.910853866487741 ], [ 448573.610687663895078, 6428990.587039191275835 ], [ 448567.477072588982992, 6428991.256168495863676 ], [ 448566.107735311496072, 6428992.342726701870561 ], [ 448564.471064214478247, 6428994.245554181747139 ], [ 448561.991840702714399, 6428994.990103105083108 ], [ 448558.978207611420657, 6428997.845976153388619 ], [ 448556.991365526220761, 6428995.511037354357541 ], [ 448554.982456031255424, 6428993.298864341340959 ], [ 448552.662081887829117, 6428992.148491560481489 ], [ 448549.412722875073086, 6428990.932147301733494 ], [ 448547.997771153459325, 6428990.772224924527109 ], [ 448546.137593536870554, 6428991.38632691744715 ], [ 448544.988851736590732, 6428992.158281387761235 ], [ 448543.464264697744511, 6428993.124367415904999 ], [ 448542.497722297091968, 6428994.272551040165126 ], [ 448541.133987765526399, 6428995.793294958770275 ], [ 448539.696226860920433, 6428996.156995449215174 ], [ 448538.34285082842689, 6428995.72905271500349 ], [ 448537.066859121026937, 6428995.801169919781387 ], [ 448535.636128990503494, 6428996.710376437753439 ], [ 448534.203191438049544, 6428998.365629822015762 ], [ 448532.886543251515832, 6428998.49394535087049 ], [ 448531.233526834403165, 6428996.833926884457469 ], [ 448528.483730753243435, 6428994.931950408965349 ], [ 448527.245956721366383, 6428994.758617032319307 ], [ 448526.413903118867893, 6428996.250243546441197 ], [ 448524.691650020307861, 6428995.181253780610859 ], [ 448524.977148179779761, 6428996.691878562793136 ], [ 448525.273606471717358, 6428998.135554507374763 ], [ 448525.044901551329531, 6428999.196289249695837 ], [ 448523.253219729172997, 6428999.620230956934392 ], [ 448521.361853575392161, 6428998.731576218269765 ], [ 448519.805960517725907, 6428997.727251500822604 ], [ 448518.512289872160181, 6428996.886565679684281 ], [ 448517.025770790176466, 6428995.302348636090755 ], [ 448515.946893154177815, 6428994.614778741262853 ], [ 448515.005539974954445, 6428994.047916573472321 ], [ 448514.084307487995829, 6428994.58312023896724 ], [ 448513.081068788887933, 6428994.718536005355418 ], [ 448511.958349812426604, 6428994.298762761987746 ], [ 448511.235928108508233, 6428994.664384710602462 ], [ 448510.453918549581431, 6428995.910408264026046 ], [ 448509.795771974197123, 6428996.676047183573246 ], [ 448508.59862962650368, 6428996.903041136451066 ], [ 448507.378755711542908, 6428996.284099225886166 ], [ 448505.72926730569452, 6428995.815447474829853 ], [ 448506.186929889430758, 6428994.172760026529431 ], [ 448506.046988980961032, 6428993.40627743396908 ], [ 448504.886626658553723, 6428993.276491097174585 ], [ 448503.671870579826646, 6428993.971366721205413 ], [ 448503.221558150544297, 6428992.975060223601758 ], [ 448502.629843841306865, 6428991.557462634518743 ], [ 448502.396121793834027, 6428989.47830714751035 ], [ 448501.854420189338271, 6428988.271622031927109 ], [ 448500.844575824274216, 6428987.894934581592679 ], [ 448499.881538091110997, 6428988.397276880219579 ], [ 448499.139206631632987, 6428989.052657313644886 ], [ 448498.970620077394415, 6428990.190560479648411 ], [ 448499.545034528011456, 6428991.641784456558526 ], [ 448499.184003426809795, 6428992.526073842309415 ], [ 448498.213787919667084, 6428992.471779285930097 ], [ 448495.68951380206272, 6428992.01441409252584 ], [ 448493.711584567907266, 6428992.206944706849754 ], [ 448491.70008122024592, 6428992.088140647858381 ], [ 448490.390968278399669, 6428991.425816551782191 ], [ 448489.641647927055601, 6428990.622656667605042 ], [ 448490.020552819478326, 6428989.749270424246788 ], [ 448490.680132875335403, 6428989.094955692067742 ], [ 448491.906973757955711, 6428988.878707914613187 ], [ 448493.627084625535645, 6428989.780692408792675 ], [ 448492.772900874377228, 6428987.264156533405185 ], [ 448492.267114253249019, 6428985.633894714526832 ], [ 448491.249370214645751, 6428984.644908702932298 ], [ 448489.953943072701804, 6428984.127157947979867 ], [ 448488.921005300595425, 6428984.251828246749938 ], [ 448487.955670356517658, 6428984.576049503870308 ], [ 448487.047167401644401, 6428984.264865803532302 ], [ 448484.706284609565046, 6428983.35975778196007 ], [ 448483.56714201264549, 6428982.5838971612975 ], [ 448482.224217760725878, 6428983.425182566046715 ], [ 448480.410082875867374, 6428983.025472866371274 ], [ 448482.112289627606515, 6428981.622821746394038 ], [ 448482.75219321687473, 6428979.443319680169225 ], [ 448482.285478598379996, 6428977.634401420131326 ], [ 448481.482957621337846, 6428976.831929360516369 ], [ 448479.238364336488303, 6428976.059197355993092 ], [ 448477.388905123923905, 6428975.671079318970442 ], [ 448476.424840357562061, 6428976.552016845904291 ], [ 448474.463195399963297, 6428979.839765017852187 ], [ 448473.332073203520849, 6428980.14385979808867 ], [ 448472.431304418831132, 6428980.89036641549319 ], [ 448471.749992256809492, 6428980.776677334681153 ], [ 448471.405898811121006, 6428980.224387572146952 ], [ 448471.290599256521091, 6428979.535530301742256 ], [ 448471.599290981888771, 6428978.718721293844283 ], [ 448473.38365099648945, 6428977.726986476220191 ], [ 448472.426710336876567, 6428977.327354280278087 ], [ 448471.663099329161923, 6428976.79161243326962 ], [ 448471.008466897415929, 6428976.454887231811881 ], [ 448470.326271288329735, 6428976.730920716188848 ], [ 448469.568365118291695, 6428977.553526633419096 ], [ 448468.990838749101385, 6428977.694594481959939 ], [ 448468.869422763178591, 6428978.364237203262746 ], [ 448469.334029620338697, 6428979.093125167302787 ], [ 448469.556440688320436, 6428979.83627316635102 ], [ 448470.282165603130125, 6428979.726696797646582 ], [ 448470.599722508748528, 6428980.513155464082956 ], [ 448469.568898051977158, 6428981.717859531752765 ], [ 448468.575426589872222, 6428982.61031309235841 ], [ 448467.566850167349912, 6428982.790347535163164 ], [ 448466.446421589003876, 6428982.548710963688791 ], [ 448464.61163892125478, 6428982.839619983918965 ], [ 448463.034054123272654, 6428982.90451845806092 ], [ 448461.773636120371521, 6428982.809439688920975 ], [ 448460.54207272286294, 6428982.201797355897725 ], [ 448459.698911113839131, 6428980.999008580110967 ], [ 448458.997691682190634, 6428981.175078179687262 ], [ 448458.653969530947506, 6428982.025744153186679 ], [ 448457.947270695236512, 6428982.235288460738957 ], [ 448456.601966021582484, 6428981.517769435420632 ], [ 448455.910163401509635, 6428980.591392727568746 ], [ 448456.027553566382267, 6428979.610032763332129 ], [ 448456.444953338766936, 6428978.513454377651215 ], [ 448455.626525182102341, 6428978.76897965092212 ], [ 448454.689308005559724, 6428978.981500037945807 ], [ 448453.617868943954818, 6428979.329368424601853 ], [ 448453.072464951954316, 6428980.126965290866792 ], [ 448452.991708164277952, 6428980.740410697646439 ], [ 448452.782783946488053, 6428981.500260356813669 ], [ 448451.905680645664688, 6428981.789947621524334 ], [ 448450.711429503979161, 6428981.783094990998507 ], [ 448449.628925314114895, 6428981.273743161000311 ], [ 448448.777837405097671, 6428979.915174560621381 ], [ 448448.287033349566627, 6428978.073167185299098 ], [ 448446.167762985569425, 6428979.6816400680691 ], [ 448444.861081638780888, 6428979.208587499335408 ], [ 448444.143224958854262, 6428977.180223794654012 ], [ 448442.679487795219757, 6428978.279178182594478 ], [ 448441.853943246649578, 6428976.151993841864169 ], [ 448439.941152688814327, 6428976.811363148503006 ], [ 448437.856410894426517, 6428976.51537808123976 ], [ 448435.5455402713269, 6428978.393561068922281 ], [ 448432.268716138787568, 6428981.921005624346435 ], [ 448431.651973155792803, 6428982.229604345746338 ], [ 448431.17422814888414, 6428981.857197520323098 ], [ 448433.713156904210337, 6428976.123495286330581 ], [ 448433.499845408310648, 6428974.712155653163791 ], [ 448432.933167764276732, 6428973.862109231762588 ], [ 448431.950566351879388, 6428973.306933619081974 ], [ 448431.413569317315705, 6428972.924157318659127 ], [ 448430.706758790533058, 6428972.209536070935428 ], [ 448430.190097667626105, 6428971.570401508361101 ], [ 448429.384209975542035, 6428971.881443212740123 ], [ 448428.103467353328597, 6428971.586214669980109 ], [ 448427.229542470653541, 6428971.664308884181082 ], [ 448425.956835792632774, 6428972.449033481068909 ], [ 448424.786512149439659, 6428972.464148722589016 ], [ 448423.734274614078458, 6428972.01008589938283 ], [ 448422.403975564986467, 6428970.624308389611542 ], [ 448417.928547698247712, 6428970.604174085892737 ], [ 448415.574941820348613, 6428970.088981552049518 ], [ 448413.060998167784419, 6428970.433225990273058 ], [ 448411.336805285478476, 6428970.132596933282912 ], [ 448409.739887866773643, 6428970.531804175116122 ], [ 448409.840787929715589, 6428971.020423064008355 ], [ 448409.440282976313028, 6428971.593461996875703 ], [ 448408.774672128085513, 6428971.780214978381991 ], [ 448408.144669530563988, 6428971.97764262277633 ], [ 448407.709001785260625, 6428972.116886582225561 ], [ 448407.321195215219632, 6428972.300050627440214 ], [ 448407.037323063297663, 6428972.749102303758264 ], [ 448407.030679687042721, 6428973.150033785030246 ], [ 448407.268677353742532, 6428973.725958123803139 ], [ 448407.37373534537619, 6428974.993945331312716 ], [ 448406.798301005735993, 6428977.584607485681772 ], [ 448406.29298647592077, 6428978.281481524929404 ], [ 448404.960315732518211, 6428979.000180068425834 ], [ 448403.271119550510775, 6428980.035254565067589 ], [ 448402.369749420555308, 6428982.106802587397397 ], [ 448402.36000831722049, 6428985.013059508986771 ], [ 448403.831539111793973, 6428988.178541847504675 ], [ 448405.056218430167064, 6428987.795276217162609 ], [ 448405.199212819396053, 6428988.339024129323661 ], [ 448405.131134823895991, 6428989.475633109919727 ], [ 448403.668851201771758, 6428990.685929322615266 ], [ 448402.21536901674699, 6428991.662285722792149 ], [ 448402.026475906313863, 6428993.056551713496447 ], [ 448401.768105934315827, 6428994.10654279962182 ], [ 448401.811612954130396, 6428995.186037015169859 ], [ 448402.436237661051564, 6428996.402772227302194 ], [ 448403.613289095694199, 6428997.82392702717334 ], [ 448404.248308853944764, 6428998.472663495689631 ], [ 448404.817317089415155, 6428998.587792092002928 ], [ 448405.162739256280474, 6428998.327233168296516 ], [ 448405.569164712913334, 6428997.297598554752767 ], [ 448406.012335809704382, 6428996.824219311587512 ], [ 448407.861622023803648, 6428998.11420923192054 ], [ 448410.244060625205748, 6428998.116832792758942 ], [ 448417.192843077995349, 6428998.773083439096808 ], [ 448418.642686943989247, 6428998.887970409356058 ], [ 448419.412801802682225, 6428999.011637938208878 ], [ 448420.088504309300333, 6428998.691141084767878 ], [ 448420.470988272863906, 6428998.096066744998097 ], [ 448420.775051621661987, 6428997.379524771124125 ], [ 448420.487902316846885, 6428996.65948473289609 ], [ 448420.66495035943808, 6428996.178410005755723 ], [ 448421.321771002723835, 6428995.769080450758338 ], [ 448422.209971517440863, 6428995.423570029437542 ], [ 448422.588959567598067, 6428995.930866558104753 ], [ 448420.689564197673462, 6429001.745392614975572 ], [ 448420.446160025545396, 6429003.496668988838792 ], [ 448420.181716651131865, 6429004.992121323943138 ], [ 448420.768857034796383, 6429006.05345905572176 ], [ 448422.373208254168276, 6429007.146196501329541 ], [ 448422.382956064189784, 6429008.816260769963264 ], [ 448422.244377058348618, 6429009.98718382883817 ], [ 448421.796717843506485, 6429011.028483908623457 ], [ 448421.32944253255846, 6429012.381806249730289 ], [ 448420.671573408588301, 6429014.082763154059649 ], [ 448421.362773637869395, 6429015.877640529535711 ], [ 448422.405078220413998, 6429015.563543365336955 ], [ 448423.068464799202047, 6429017.035876835696399 ], [ 448421.870281444047578, 6429018.554524186998606 ], [ 448421.356093454058282, 6429021.767930941656232 ], [ 448420.563976962177549, 6429024.517274488694966 ], [ 448419.658006994170137, 6429026.232570931315422 ], [ 448418.034549054456875, 6429027.778982073068619 ], [ 448417.68577759549953, 6429029.153043364174664 ], [ 448418.642840918328147, 6429030.020314034074545 ], [ 448420.32823621830903, 6429030.065351106226444 ], [ 448421.81640842591878, 6429030.402435975149274 ], [ 448424.182472690823488, 6429032.342699655331671 ], [ 448421.543165114126168, 6429032.131828599609435 ], [ 448419.197921750310343, 6429032.718852093443274 ], [ 448417.423005144868512, 6429032.60816431324929 ], [ 448415.232316243287642, 6429032.803482599556446 ], [ 448413.409367360116448, 6429033.550781449303031 ], [ 448411.947816955740564, 6429034.816738490015268 ], [ 448411.392580163374078, 6429037.13990892842412 ], [ 448410.082338840933517, 6429040.508351730182767 ], [ 448409.043008398846723, 6429042.882315271534026 ], [ 448407.803751697123516, 6429044.423766997642815 ], [ 448407.572739647177514, 6429046.675941426306963 ], [ 448408.173542051168624, 6429048.794888044707477 ], [ 448408.070549816591665, 6429050.889523995108902 ], [ 448408.73955919657601, 6429052.339513300918043 ], [ 448410.059727961895987, 6429054.315550838597119 ], [ 448405.912811276386492, 6429053.634245880879462 ], [ 448403.653364857775159, 6429053.997478175908327 ], [ 448402.763871694158297, 6429054.699317010119557 ], [ 448402.819474500720389, 6429056.257442947477102 ], [ 448404.708971192187164, 6429057.001315930858254 ], [ 448403.919475918577518, 6429059.494533514603972 ], [ 448401.00628346769372, 6429059.131330809555948 ], [ 448399.047368828614708, 6429061.2499496396631 ], [ 448396.605250430468004, 6429062.573122473433614 ], [ 448395.521526813332457, 6429065.170355619862676 ], [ 448395.604036500561051, 6429068.810304647311568 ], [ 448247.459752715833019, 6429072.193233762867749 ], [ 448254.87889218586497, 6429096.470307442359626 ], [ 448257.991044994210824, 6429106.203874482773244 ], [ 448398.152616365114227, 6429102.471759210340679 ], [ 448398.152616365463473, 6429102.471759210340679 ], [ 448399.836375408340245, 6429109.040606830269098 ], [ 448403.805769010912627, 6429115.202423442155123 ], [ 448405.958765689341817, 6429115.753603514283895 ], [ 448409.111109526595101, 6429114.955720462836325 ], [ 448412.389808749547228, 6429116.616954845376313 ], [ 448413.42938776029041, 6429119.754617075435817 ], [ 448411.562251901777927, 6429124.399599685333669 ], [ 448411.510087064641993, 6429128.598019205033779 ], [ 448414.006822271912824, 6429131.505298482254148 ], [ 448416.930589125782717, 6429133.148852538317442 ], [ 448419.772929750964977, 6429133.980634476058185 ], [ 448416.992314199684188, 6429137.011762574315071 ], [ 448415.764446534973104, 6429139.432699074968696 ], [ 448416.077330772473942, 6429142.145500355400145 ], [ 448418.975103540578857, 6429144.980794163420796 ], [ 448422.248295195749961, 6429146.675511155277491 ], [ 448424.621873535739724, 6429145.999045352451503 ], [ 448423.801959293836262, 6429144.306041469797492 ], [ 448425.072353867348284, 6429141.973635016940534 ], [ 448427.36250028613722, 6429140.329538066871464 ], [ 448429.584249049890786, 6429140.712823571637273 ], [ 448430.268205082276836, 6429142.864103213883936 ], [ 448430.774558756675106, 6429144.995407469570637 ], [ 448433.874408546951599, 6429144.253894570283592 ], [ 448437.339797173277475, 6429144.810412310063839 ], [ 448439.877926618093625, 6429146.347616665065289 ], [ 448442.442249582440127, 6429148.997944634407759 ], [ 448444.52252065599896, 6429150.786024996079504 ], [ 448447.295964363438543, 6429150.861562822945416 ], [ 448456.896370687347371, 6429148.588647790253162 ], [ 448464.867471073986962, 6429147.405705792829394 ], [ 448468.358768341131508, 6429145.389823075383902 ], [ 448471.743518535105977, 6429147.02746753115207 ], [ 448474.816612123628147, 6429148.335098342038691 ], [ 448480.156347360112704, 6429148.466621606610715 ], [ 448484.892309497983661, 6429149.452171054668725 ], [ 448486.485605225607287, 6429151.068401984870434 ], [ 448489.680467958911322, 6429153.109356774017215 ], [ 448493.678385757026263, 6429155.997319458052516 ], [ 448494.663979205186479, 6429159.080025060102344 ], [ 448496.430083063489292, 6429161.26189540233463 ], [ 448498.422143870440777, 6429162.171507712453604 ], [ 448500.497808800952043, 6429160.396604168228805 ], [ 448501.962544044770766, 6429155.712315808050334 ], [ 448504.149842618440744, 6429155.717510439455509 ], [ 448505.746860802755691, 6429157.623200464062393 ], [ 448505.781867668207269, 6429160.796109861694276 ], [ 448506.436944951070473, 6429163.003447241149843 ], [ 448517.045412520586979, 6429174.268484060652554 ], [ 448519.01585537858773, 6429174.877751011401415 ], [ 448520.545076672919095, 6429174.735554626211524 ], [ 448521.829438923334237, 6429173.483055696822703 ], [ 448524.149379841051996, 6429170.480209389701486 ], [ 448523.603597813285887, 6429173.081606943160295 ], [ 448523.483275681501254, 6429174.753347933292389 ], [ 448524.336307696183212, 6429176.267790965735912 ], [ 448527.258469874970615, 6429176.875927499495447 ], [ 448538.129800472757779, 6429175.978649036958814 ], [ 448538.337586372217629, 6429177.423468832857907 ], [ 448544.013657536706887, 6429178.886893779039383 ], [ 448544.109401785070077, 6429180.811945396475494 ], [ 448534.427634880528785, 6429184.566601656377316 ], [ 448533.48056903766701, 6429186.304671348072588 ], [ 448534.339191053819377, 6429188.253293721005321 ], [ 448535.881813141866587, 6429190.527138265781105 ], [ 448536.451055584650021, 6429193.414797093719244 ], [ 448536.965867437247653, 6429195.289909064769745 ], [ 448539.225452428101562, 6429198.612301188521087 ], [ 448542.348436589993071, 6429201.043934398330748 ], [ 448543.486732637393288, 6429202.677185695618391 ], [ 448543.712161827948876, 6429205.491333995945752 ], [ 448541.275279773923103, 6429206.758678901940584 ], [ 448539.892857450526208, 6429208.658242220059037 ], [ 448539.77115534193581, 6429211.59934473130852 ], [ 448530.814692758664023, 6429235.386942532844841 ], [ 448525.782322511076927, 6429244.415166874416173 ], [ 448516.542816591623705, 6429243.487636353820562 ], [ 448506.826843262300827, 6429251.45168324187398 ], [ 448505.003918137692381, 6429270.069976617582142 ], [ 448502.119443306815811, 6429275.12888353690505 ], [ 448496.883558029367123, 6429283.035176943056285 ], [ 448494.928615787415765, 6429287.748061557300389 ], [ 448494.777112487703562, 6429290.66728163510561 ], [ 448495.401023454091046, 6429293.209057450294495 ], [ 448497.048214792215731, 6429293.967232253402472 ], [ 448500.282292747870088, 6429293.558075547218323 ], [ 448502.15521679923404, 6429291.652171071618795 ], [ 448505.669468895823229, 6429286.841237555257976 ], [ 448507.929819919459987, 6429283.349225983023643 ], [ 448511.014907305245288, 6429281.928750840947032 ], [ 448513.689173686027061, 6429280.279748895205557 ], [ 448517.66683491144795, 6429279.315422844141722 ], [ 448520.128352868196089, 6429279.962896167300642 ], [ 448522.575230074173305, 6429279.474830485880375 ], [ 448523.625090366404038, 6429277.000548605807126 ], [ 448522.327905324636959, 6429273.587815412320197 ], [ 448520.77291134535335, 6429271.269597363658249 ], [ 448520.257889575907029, 6429268.002664946950972 ], [ 448521.232640277012251, 6429265.662966101430357 ], [ 448523.935104194155429, 6429265.282952220179141 ], [ 448527.660087702504825, 6429266.726967628113925 ], [ 448530.921546749130357, 6429269.357229026034474 ], [ 448533.056998371845111, 6429269.930971301160753 ], [ 448533.118298061774112, 6429266.890435380861163 ], [ 448536.198159712017514, 6429266.438757648691535 ], [ 448541.213848008774221, 6429268.500822072848678 ], [ 448542.918022799305618, 6429270.92847132589668 ], [ 448544.598036835086532, 6429272.398857084102929 ], [ 448546.535002440970857, 6429272.707933996804059 ], [ 448548.72321162809385, 6429270.953873489052057 ], [ 448550.277674100885633, 6429267.727078629657626 ], [ 448552.461152189294808, 6429267.899366836063564 ], [ 448554.285762516548857, 6429271.416659707203507 ], [ 448556.867631831148174, 6429274.523351315408945 ], [ 448554.035716566373594, 6429277.243276691064239 ], [ 448553.189942572440486, 6429279.959881803952157 ], [ 448553.466432096261997, 6429282.149835325777531 ], [ 448555.804801228863653, 6429283.333377999253571 ], [ 448558.730154651508201, 6429282.360382014885545 ], [ 448562.363307350431569, 6429281.266923914663494 ], [ 448565.56437771540368, 6429281.047533775679767 ], [ 448568.539955272921361, 6429281.699002423323691 ], [ 448544.351870293146931, 6429309.969487571157515 ], [ 448552.445829900098033, 6429315.70733879134059 ] ] ] ] } },
{ "type": "Feature", "properties": { "value": 78.4, "POI_CODE": 1 }, "geometry": { "type": "MultiPolygon", "coordinates": [ [ [ [ 457082.652020620706026, 6428835.525016576983035 ], [ 457105.074188586557284, 6428810.17648389749229 ], [ 457133.601354055746924, 6428779.685351121239364 ], [ 457170.456613417889457, 6428737.993175841867924 ], [ 457208.976774211623706, 6428695.470718814991415 ], [ 457244.551610574359074, 6428656.621060119941831 ], [ 457262.542578666761983, 6428636.266489244997501 ], [ 457259.424242701730691, 6428629.5344841722399 ], [ 457246.160203335457481, 6428600.89947457332164 ], [ 457237.632070810650475, 6428563.056586936116219 ], [ 457224.518886543577537, 6428553.076033232733607 ], [ 457219.957397982943803, 6428541.723478621803224 ], [ 457197.352183607930783, 6428533.102861710824072 ], [ 457187.468009905074723, 6428521.584706624038517 ], [ 457174.987971608410589, 6428512.232174266129732 ], [ 457174.461335687083192, 6428509.432004505768418 ], [ 457167.910134141973685, 6428506.061791335232556 ], [ 457163.184033191006165, 6428507.493118953891098 ], [ 457154.080539349233732, 6428498.772488239221275 ], [ 457152.536470788181759, 6428493.166285083629191 ], [ 457151.787975908606313, 6428480.158442407846451 ], [ 457141.322458221984562, 6428475.093333823606372 ], [ 457142.587642990984023, 6428465.727034297771752 ], [ 457129.754709657281637, 6428417.46441828366369 ], [ 457119.356412522436585, 6428405.462040423415601 ], [ 457113.051368271000683, 6428373.830687362700701 ], [ 457105.118977638543583, 6428360.788656003773212 ], [ 457103.305412844754755, 6428340.00945941451937 ], [ 457099.389906445052475, 6428318.395507289096713 ], [ 457092.112106021842919, 6428307.963005194440484 ], [ 457090.418757722771261, 6428289.576374822296202 ], [ 457080.969533686060458, 6428257.544616974890232 ], [ 457075.31025479681557, 6428243.687689850106835 ], [ 457071.360900643630885, 6428228.298142253421247 ], [ 457067.766090695047751, 6428203.540931379422545 ], [ 457068.06362430867739, 6428199.317874308675528 ], [ 457064.470394246571232, 6428191.762977461330593 ], [ 457054.06076085253153, 6428184.826941564679146 ], [ 457053.105251013359521, 6428167.445605556480587 ], [ 457054.485970148118213, 6428156.185225749388337 ], [ 457053.71893845021259, 6428146.985495298169553 ], [ 457046.966101827798411, 6428134.27605214715004 ], [ 457040.865972547791898, 6428130.032720875926316 ], [ 457036.026040513126645, 6428124.217056818306446 ], [ 457032.252234004146885, 6428119.124786794185638 ], [ 457034.978031853737775, 6428114.18528740759939 ], [ 457046.056611037813127, 6428105.782299728132784 ], [ 457048.31118352827616, 6428094.957889696583152 ], [ 457048.189999061636627, 6428086.98711141012609 ], [ 457051.750313760712743, 6428081.571014948189259 ], [ 457048.244084528647363, 6428076.620597368106246 ], [ 457058.220233354775701, 6428041.006403557024896 ], [ 457067.693367421510629, 6428016.888129173777997 ], [ 457069.656624323513824, 6428002.604132235050201 ], [ 457075.324551243684255, 6427993.023490395396948 ], [ 457086.455999447905924, 6427981.246395268477499 ], [ 457095.593603434797842, 6427962.743428962305188 ], [ 457092.939517862338107, 6427957.861759231425822 ], [ 457087.347012910817284, 6427961.262089558877051 ], [ 457084.154189222957939, 6427960.17183696012944 ], [ 457083.284794725826941, 6427955.7497703647241 ], [ 457084.068261423439253, 6427952.723988230340183 ], [ 457085.38903627631953, 6427950.727913415059447 ], [ 457085.089877872727811, 6427944.896812785416842 ], [ 457088.377769055659883, 6427936.121154704131186 ], [ 457088.126136086531915, 6427929.20952729973942 ], [ 457089.921909968776163, 6427921.340634907595813 ], [ 457095.181290422740858, 6427912.243183377198875 ], [ 457101.734683701302856, 6427901.406044040806592 ], [ 457111.796178816002794, 6427898.436523042619228 ], [ 457115.917981974955183, 6427890.219780193641782 ], [ 457120.325240886420943, 6427877.74671901576221 ], [ 457125.656055951025337, 6427868.681945842690766 ], [ 457129.043051985441707, 6427857.555947836488485 ], [ 457134.839607101108413, 6427843.397867508232594 ], [ 457135.298966421745718, 6427835.509936125949025 ], [ 457138.827497135149315, 6427821.587748979218304 ], [ 457146.911234212049749, 6427800.14566205907613 ], [ 457147.599475925322622, 6427792.644974198192358 ], [ 457156.270846770319622, 6427775.260581818409264 ], [ 457153.660631807055324, 6427765.100799480453134 ], [ 457161.070479126414284, 6427755.791097266599536 ], [ 457162.876712967525236, 6427745.016109421849251 ], [ 457160.461609501740895, 6427734.854230906814337 ], [ 457165.740702487470116, 6427724.799129819497466 ], [ 457163.142896982724778, 6427715.797163671813905 ], [ 457169.022100943140686, 6427707.661846186034381 ], [ 457170.755998719949275, 6427689.583616553805768 ], [ 457171.230282184842508, 6427679.769319241866469 ], [ 457169.828743493824732, 6427674.796232043765485 ], [ 457173.424959345895331, 6427669.368736109696329 ], [ 457168.330282893322874, 6427660.783230324275792 ], [ 457167.259342287376057, 6427650.796218723058701 ], [ 457173.388779339729808, 6427629.586700701154768 ], [ 457174.823080427071545, 6427619.962529057636857 ], [ 457184.915119767072611, 6427609.288025877438486 ], [ 457184.762761726975441, 6427595.071313072927296 ], [ 457182.528607570158783, 6427584.139225450344384 ], [ 457181.630428657750599, 6427572.613843256607652 ], [ 457185.575836638454348, 6427563.341326953843236 ], [ 457187.476803611090872, 6427550.90634791366756 ], [ 457194.000223742623348, 6427549.333334542810917 ], [ 457205.41668311326066, 6427547.451831186190248 ], [ 457210.483460560033564, 6427550.114300774410367 ], [ 457212.951735727023333, 6427551.991809919476509 ], [ 457218.126838130585384, 6427552.070000093430281 ], [ 457223.028522517182864, 6427552.017514359205961 ], [ 457225.040774094930384, 6427549.412840757519007 ], [ 457222.955810023122467, 6427545.226445672102273 ], [ 457219.771135388349649, 6427540.506252411752939 ], [ 457221.344844554725569, 6427534.499215168878436 ], [ 457222.909904268395621, 6427528.236185238696635 ], [ 457227.079321830300614, 6427523.303642441518605 ], [ 457224.012508906540461, 6427519.651064771227539 ], [ 457224.550055085041095, 6427516.282788538374007 ], [ 457226.640146465564612, 6427513.766356164589524 ], [ 457226.693346489861142, 6427509.345519120804965 ], [ 457223.195886454661377, 6427506.343334668315947 ], [ 457215.96205447986722, 6427502.880125138908625 ], [ 457212.733687939762603, 6427500.710131205618382 ], [ 457207.947979709890205, 6427491.720435906201601 ], [ 457210.389095055346843, 6427485.537091813981533 ], [ 457218.073222196253482, 6427484.10756706353277 ], [ 457220.559946542722173, 6427474.449878665618598 ], [ 457222.607287631777581, 6427469.595725719816983 ], [ 457228.837888733134605, 6427450.85144872777164 ], [ 457233.303323583269957, 6427437.417536596767604 ], [ 457097.696808064065408, 6427412.844872559420764 ], [ 457064.649845276668202, 6427406.856576857157052 ], [ 457008.865479554398917, 6427394.696662206202745 ], [ 456968.677847531391308, 6427386.077195658348501 ], [ 456842.576459969684947, 6427354.546919579617679 ], [ 456776.466997871233616, 6427343.103015341795981 ], [ 456763.667128018743824, 6427342.328501957468688 ], [ 456711.455610878241714, 6427339.163882908411324 ], [ 456697.102380644646473, 6427338.57342517003417 ], [ 456481.553355759708211, 6427333.377485483884811 ], [ 456431.059747553896159, 6427332.14629986230284 ], [ 456378.423204371705651, 6427330.182020870037377 ], [ 456272.441040118283127, 6427324.704510952346027 ], [ 456244.774940454633906, 6427322.969827394932508 ], [ 456222.600576353725046, 6427321.575992194004357 ], [ 456179.364229918573983, 6427321.003333250060678 ], [ 456130.508125972934067, 6427319.746848287992179 ], [ 456124.950940148730297, 6427319.373633559793234 ], [ 456121.825879165146034, 6427319.14072993863374 ], [ 456110.937913316884078, 6427318.547724378295243 ], [ 456109.290767959784716, 6427347.336639515124261 ], [ 456108.268602443858981, 6427363.570425747893751 ], [ 456105.754863744252361, 6427390.988221577368677 ], [ 456104.524432239239104, 6427405.487359873019159 ], [ 456100.619515665341169, 6427451.603668877854943 ], [ 456095.057894473604392, 6427631.616092579439282 ], [ 456085.377567690156866, 6427631.065569005906582 ], [ 456085.140101672732271, 6427646.043711786158383 ], [ 456080.056973249709699, 6427829.669586513191462 ], [ 456079.619732247083448, 6427852.288011647760868 ], [ 456078.915730225213338, 6427888.827157036401331 ], [ 456077.572501050890423, 6427946.81786023825407 ], [ 456075.600914347625803, 6428043.373322845436633 ], [ 456072.566156521032099, 6428067.968811014667153 ], [ 456070.320987431041431, 6428084.249481501057744 ], [ 456066.849208294122946, 6428097.058629686944187 ], [ 456064.320963834587019, 6428106.951368267647922 ], [ 456072.217603288183454, 6428105.094176123850048 ], [ 456078.118311765836552, 6428105.619403330609202 ], [ 456083.194441645406187, 6428105.897617613896728 ], [ 456087.639593034924474, 6428107.941983601078391 ], [ 456090.896852106729057, 6428111.11283553391695 ], [ 456099.057099771511275, 6428124.09473018348217 ], [ 456127.011676737456582, 6428174.659894242882729 ], [ 456160.47181466256734, 6428241.543270646594465 ], [ 456185.960098694078624, 6428290.020398043096066 ], [ 456208.739563514187466, 6428336.846111645922065 ], [ 456215.923316703469027, 6428353.591178702190518 ], [ 456226.053344488725998, 6428348.402934908866882 ], [ 456323.289940059243236, 6428537.34403879661113 ], [ 456325.917485408950597, 6428542.448184501379728 ], [ 456328.93252056039637, 6428545.143101237714291 ], [ 456335.211006911238655, 6428548.381319189444184 ], [ 456343.910956246720161, 6428553.018258604221046 ], [ 456349.111687550495844, 6428555.555688453838229 ], [ 456358.018013102700934, 6428560.145865633152425 ], [ 456400.360790784528945, 6428576.496075063943863 ], [ 456405.541368925885763, 6428578.2766700591892 ], [ 456425.875597950886004, 6428586.138209663331509 ], [ 456466.217309397354256, 6428602.822701036930084 ], [ 456472.066916676820256, 6428605.241873735561967 ], [ 456480.381072501069866, 6428608.68081509321928 ], [ 456491.213086073927116, 6428613.150093786418438 ], [ 456530.342790615395643, 6428629.336255173198879 ], [ 456567.239167938532773, 6428644.589540083892643 ], [ 456627.711149079608731, 6428669.596717459149659 ], [ 456675.064400122966617, 6428689.179988877847791 ], [ 456685.860505473625381, 6428693.650178918614984 ], [ 456703.853879543021321, 6428701.093138402327895 ], [ 456714.044095148739871, 6428705.302751276642084 ], [ 456740.172889768960886, 6428716.10930915363133 ], [ 456781.859037816000637, 6428733.817870593629777 ], [ 456818.528606281790417, 6428749.053636168129742 ], [ 456877.154896380903665, 6428773.149230492301285 ], [ 456887.85861165105598, 6428777.865910521708429 ], [ 456895.859721968881786, 6428781.3981599714607 ], [ 456897.677364483417477, 6428782.202472992241383 ], [ 456924.097691112721805, 6428792.72871848847717 ], [ 456929.104021846491378, 6428794.845891142264009 ], [ 456970.531562162330374, 6428812.303101287223399 ], [ 456979.873788705212064, 6428816.322106045670807 ], [ 457002.299663635203615, 6428825.956622572615743 ], [ 457025.724126371438615, 6428835.558248924091458 ], [ 457066.976009170466568, 6428848.854146046563983 ], [ 457082.652020620706026, 6428835.525016576983035 ] ] ] ] } },
{ "type": "Feature", "properties": { "value": 84.0, "POI_CODE": 1 }, "geometry": { "type": "MultiPolygon", "coordinates": [ [ [ [ 449718.533754296833649, 6425534.54141818638891 ], [ 449722.409904828993604, 6425532.243506531231105 ], [ 449725.850602067774162, 6425529.193929763510823 ], [ 449728.713514334638603, 6425526.307503783144057 ], [ 449731.129244853858836, 6425523.148340498097241 ], [ 449733.200498777674511, 6425519.414516856893897 ], [ 449734.997146367561072, 6425515.016078072600067 ], [ 449735.298107859154698, 6425510.246737287379801 ], [ 449735.254308963892981, 6425504.88046910148114 ], [ 449734.663060202321503, 6425500.679069454781711 ], [ 449733.57655768992845, 6425496.617510247975588 ], [ 449732.057457956718281, 6425492.97336605284363 ], [ 449730.005227296613157, 6425489.28025328554213 ], [ 449727.026963561074808, 6425486.289123247377574 ], [ 449724.405011900933459, 6425483.872507681138813 ], [ 449721.208620651974343, 6425481.886227904818952 ], [ 449717.518372142920271, 6425480.151120171882212 ], [ 449713.513423260359559, 6425478.798546245321631 ], [ 449709.378427633724641, 6425477.926394713111222 ], [ 449705.506216043082532, 6425477.719010503031313 ], [ 449701.53931622125674, 6425477.980469426140189 ], [ 449698.190256619534921, 6425477.499283264391124 ], [ 449694.930247430573218, 6425476.571600229479373 ], [ 449691.576735488022678, 6425475.266524035483599 ], [ 449688.007027002982795, 6425473.708078157156706 ], [ 449684.535784397041425, 6425471.981379033066332 ], [ 449681.300193953502458, 6425470.173775685951114 ], [ 449678.182809338788502, 6425467.885904443450272 ], [ 449674.938945057219826, 6425465.421475892886519 ], [ 449664.311677464866079, 6425455.033171897754073 ], [ 449661.896164004923776, 6425452.569459483958781 ], [ 449658.267939269542694, 6425449.185721387155354 ], [ 449654.826326666050591, 6425446.055729732848704 ], [ 449648.978573465836234, 6425441.207928386516869 ], [ 449642.360804681375157, 6425435.356595895253122 ], [ 449632.90600873704534, 6425427.403191859833896 ], [ 449622.504131754103582, 6425418.014259996823967 ], [ 449607.906339340785053, 6425406.217515320517123 ], [ 449582.34320039319573, 6425386.35296552721411 ], [ 449472.390198374225292, 6425308.318669797852635 ], [ 449399.685099475609604, 6425263.286066665314138 ], [ 449341.778530693147331, 6425221.151498539373279 ], [ 449283.840027522062883, 6425169.598371903412044 ], [ 449232.136751106765587, 6425133.410440268926322 ], [ 449108.880767185008153, 6425030.858517800457776 ], [ 449101.464496379659977, 6425025.151834510266781 ], [ 449098.488855738251004, 6425022.896004009991884 ], [ 449094.422932495886926, 6425019.596277507022023 ], [ 449088.037664082599804, 6425013.998973127454519 ], [ 449081.526570185786113, 6425008.280801343731582 ], [ 449075.47670661774464, 6425003.002146190032363 ], [ 449070.031313167419285, 6424997.793742671608925 ], [ 449064.057869945652783, 6424992.013078357093036 ], [ 449057.312048754072748, 6424985.062004977837205 ], [ 449049.816128714883234, 6424977.296546548604965 ], [ 449044.905068135820329, 6424971.301952891051769 ], [ 449038.214798865548801, 6424964.071840257383883 ], [ 449029.591712443332653, 6424955.162795087322593 ], [ 449017.725794065278023, 6424943.010431302711368 ], [ 449005.115109659265727, 6424929.074943753890693 ], [ 448994.286171744519379, 6424915.65122449118644 ], [ 448986.099823176569771, 6424906.202243352308869 ], [ 448979.579599209362641, 6424898.402196629904211 ], [ 448971.96928110049339, 6424888.18874776083976 ], [ 448963.836350347672123, 6424877.369584738276899 ], [ 448956.861233248549979, 6424867.782723776064813 ], [ 448948.629842473194003, 6424855.283536786213517 ], [ 448941.846673818363342, 6424844.513992849737406 ], [ 448935.611853295122273, 6424834.516873399727046 ], [ 448896.939604200655594, 6424767.88092549983412 ], [ 448871.680732291948516, 6424720.570351080037653 ], [ 448850.860889134637546, 6424684.449006099253893 ], [ 448825.635599027271383, 6424644.932436188682914 ], [ 448801.447216478700284, 6424611.560128356330097 ], [ 448794.232761542662047, 6424627.719591400586069 ], [ 448792.298980734078214, 6424631.53008500020951 ], [ 448789.79865371476626, 6424635.926828671246767 ], [ 448786.567673619138077, 6424640.11024023219943 ], [ 448783.493897508946247, 6424643.167055679485202 ], [ 448768.814394555403851, 6424658.208513940684497 ], [ 448752.313681723142508, 6424673.362441709265113 ], [ 448737.647725772869308, 6424687.134510837495327 ], [ 448736.385479812859558, 6424688.386621717363596 ], [ 448733.121434716333169, 6424691.367974780499935 ], [ 448717.773010722594336, 6424704.981850581243634 ], [ 448700.905545202200301, 6424720.118432248011231 ], [ 448660.150608079973608, 6424764.088314302265644 ], [ 448648.652747008309234, 6424776.584121018648148 ], [ 448645.022451299068052, 6424780.527820508927107 ], [ 448573.602656638773624, 6424859.94400654733181 ], [ 448455.387597355525941, 6424985.181773505173624 ], [ 448438.281917790242005, 6425006.457706688903272 ], [ 448433.781292112311348, 6425019.053228121250868 ], [ 448426.373553572280798, 6425039.781056008301675 ], [ 448415.832685270055663, 6425077.718771892599761 ], [ 448407.400688957248349, 6425123.612774406559765 ], [ 448401.744287404173519, 6425166.308774296194315 ], [ 448397.499602501979098, 6425226.222835699096322 ], [ 448396.030317259079311, 6425268.263553718104959 ], [ 448394.813798563613091, 6425298.709955385886133 ], [ 448393.325872367364354, 6425334.715998663567007 ], [ 448392.865237714839168, 6425359.540838906541467 ], [ 448392.619350545108318, 6425375.789310369640589 ], [ 448392.613886473583989, 6425378.116500340402126 ], [ 448392.830277115572244, 6425387.088148849084973 ], [ 448394.333143936935812, 6425415.506374041549861 ], [ 448395.455589538323693, 6425436.914748180657625 ], [ 448441.807385936379433, 6425419.948621733114123 ], [ 448489.202257102413569, 6425395.528056168928742 ], [ 448559.324957530712709, 6425403.073860003612936 ], [ 448570.175347202923149, 6425409.078704871237278 ], [ 448692.950565375969745, 6425442.063532702624798 ], [ 448769.921448964334559, 6425323.563795938156545 ], [ 449008.807154956157319, 6425349.696583718061447 ], [ 449013.619369235297199, 6425364.996424607001245 ], [ 449144.972464868042152, 6425407.102653351612389 ], [ 449165.482159595296253, 6425386.104427858255804 ], [ 449185.564272611227352, 6425391.993577352724969 ], [ 449257.322289837058634, 6425467.886756964959204 ], [ 449311.54791904456215, 6425557.058320696465671 ], [ 449356.422397710266523, 6425637.130962945520878 ], [ 449483.170361634227447, 6425802.948876844719052 ], [ 449392.865888724627439, 6425963.058258068747818 ], [ 449367.906781613768544, 6426057.830127407796681 ], [ 449430.739198295050301, 6426159.167368427850306 ], [ 449399.811424480460119, 6426268.599757299758494 ], [ 449417.566537508508191, 6426455.734307400882244 ], [ 449637.532673853449523, 6426451.420801705680788 ], [ 449642.979638435703237, 6426517.386512559838593 ], [ 449885.151086468365975, 6426443.701193923130631 ], [ 449980.432509433827363, 6426557.683048716746271 ], [ 450097.982078385422938, 6426484.037402220070362 ], [ 450179.399664425756782, 6426473.807599457912147 ], [ 450324.748989873100072, 6426531.889458448626101 ], [ 450462.928850096068345, 6426293.805673716589808 ], [ 450402.76608830911573, 6426249.221958346664906 ], [ 450386.191721473936923, 6426236.934792030602694 ], [ 450371.864016458333936, 6426226.456983334384859 ], [ 450282.469224826665595, 6426161.072902845218778 ], [ 450276.551083049271256, 6426156.603657223284245 ], [ 450259.363053186098114, 6426144.981572224758565 ], [ 450232.47831973148277, 6426123.336779876612127 ], [ 450188.738142648828216, 6426090.233249829150736 ], [ 450155.323689264943823, 6426065.920125390402973 ], [ 450141.487599402840715, 6426052.742452381178737 ], [ 450122.878013990353793, 6426032.041811595670879 ], [ 450104.519645655178465, 6426008.732653189450502 ], [ 450095.244228033348918, 6425996.010396840982139 ], [ 450071.70020943909185, 6425963.947626521810889 ], [ 450055.378006773418747, 6425941.71556694060564 ], [ 450017.313003256043885, 6425890.56078836414963 ], [ 449965.156503263278864, 6425827.279113343916833 ], [ 449960.787051470193546, 6425821.822240159846842 ], [ 449953.104134502820671, 6425812.086676151491702 ], [ 449842.354157443332952, 6425670.430065661668777 ], [ 449815.899566663661972, 6425638.238248467445374 ], [ 449811.68822040251689, 6425632.211689620278776 ], [ 449807.579479088657536, 6425626.818512073718011 ], [ 449797.411922587896697, 6425614.341946577653289 ], [ 449760.741358591883909, 6425572.959220710210502 ], [ 449743.756194776680786, 6425553.319918238557875 ], [ 449738.414840343641117, 6425547.786421165801585 ], [ 449732.09690867975587, 6425542.699454290792346 ], [ 449728.043233643402345, 6425540.289703927002847 ], [ 449723.880197490216233, 6425538.593939554877579 ], [ 449718.93851226195693, 6425537.086123708635569 ], [ 449714.6134320164565, 6425536.149551471695304 ], [ 449718.533754296833649, 6425534.54141818638891 ] ], [ [ 448594.389723686617799, 6425277.733717517927289 ], [ 448596.525466236111242, 6425280.467623488046229 ], [ 448595.564511387958191, 6425285.345767786726356 ], [ 448596.286901112354826, 6425290.447230415418744 ], [ 448594.018858940107748, 6425293.070735135115683 ], [ 448591.005334751738701, 6425294.779660038650036 ], [ 448587.586888324643951, 6425295.369206167757511 ], [ 448584.165100500569679, 6425294.778537815436721 ], [ 448581.149042967823334, 6425293.06920148152858 ], [ 448579.04774492175784, 6425290.713434724137187 ], [ 448577.7798122834065, 6425287.823628225363791 ], [ 448577.461376432038378, 6425284.687785512767732 ], [ 448578.119969998311717, 6425281.606184672564268 ], [ 448579.700298855139408, 6425278.880169689655304 ], [ 448582.045919918571599, 6425276.767847698181868 ], [ 448584.928821558889467, 6425275.483708122745156 ], [ 448588.066313348012045, 6425275.131597739644349 ], [ 448591.45476712519303, 6425275.889716251753271 ], [ 448594.389723686617799, 6425277.733717517927289 ] ], [ [ 448563.629497421090491, 6425356.17125039268285 ], [ 448541.01145978301065, 6425355.014796876348555 ], [ 448541.655144974240102, 6425342.502429828047752 ], [ 448564.267336909251753, 6425343.658963426016271 ], [ 448563.629497421090491, 6425356.17125039268285 ] ], [ [ 449927.040684438077733, 6426449.928831342607737 ], [ 449936.818982888245955, 6426446.16536052338779 ], [ 449938.768242520280182, 6426445.940523997880518 ], [ 449940.194625278236344, 6426446.947030751034617 ], [ 449940.91844262147788, 6426448.062547870911658 ], [ 449941.99304764502449, 6426450.264851074665785 ], [ 449943.317290369071998, 6426451.617807195521891 ], [ 449945.549149704165757, 6426452.703303717076778 ], [ 449948.052492925198749, 6426452.79443253390491 ], [ 449949.773038314306177, 6426452.728348332457244 ], [ 449951.069218015181832, 6426453.257706569507718 ], [ 449971.609209055255633, 6426475.614684933796525 ], [ 449972.385979515733197, 6426477.653706843033433 ], [ 449971.990226108406205, 6426479.117277898825705 ], [ 449959.214525458985008, 6426491.514013280160725 ], [ 449957.122385815076996, 6426492.609119000844657 ], [ 449954.858510992839001, 6426493.216458919458091 ], [ 449942.089612694398966, 6426492.452204312197864 ], [ 449940.338233951013535, 6426491.472036713734269 ], [ 449929.875489857629873, 6426476.950115843676031 ], [ 449921.843919639359228, 6426464.791673026047647 ], [ 449921.209346207440831, 6426462.773147739470005 ], [ 449921.497702513821423, 6426460.765327271074057 ], [ 449923.558799189631827, 6426459.080464293248951 ], [ 449925.3072130822693, 6426457.933975258842111 ], [ 449926.380379037291277, 6426455.771574202924967 ], [ 449926.379322629421949, 6426452.854352311231196 ], [ 449927.040684438077733, 6426449.928831342607737 ] ] ] ] } },
{ "type": "Feature", "properties": { "value": 78.9, "POI_CODE": 1 }, "geometry": { "type": "MultiPolygon", "coordinates": [ [ [ [ 458357.072183037351351, 6415041.771617799066007 ], [ 458291.565824002493173, 6415077.95987693965435 ], [ 458225.537318727059755, 6415097.284971134737134 ], [ 457768.493399491126183, 6415231.051694367080927 ], [ 457655.718147594772745, 6415127.665080280043185 ], [ 457635.568197468295693, 6415109.192631027661264 ], [ 457402.79564896132797, 6415182.51910870987922 ], [ 456839.172058163792826, 6415359.393394739367068 ], [ 456791.271093291754369, 6415374.42770116776228 ], [ 456729.230927091324702, 6415393.957309779711068 ], [ 456650.485695838404354, 6415419.268747662194073 ], [ 456508.500288439041469, 6415464.751296239905059 ], [ 456497.004070906958077, 6415468.064250418916345 ], [ 456479.998553723969962, 6415472.964862213470042 ], [ 456482.801711346488446, 6415490.883886439725757 ], [ 456487.769331855815835, 6415522.639115449041128 ], [ 456493.692298259702511, 6415561.254433898255229 ], [ 456499.12990308488952, 6415601.611930083483458 ], [ 456503.718349808012135, 6415643.526268555782735 ], [ 456506.966484689095523, 6415680.533910709433258 ], [ 456509.840487934823614, 6415725.161277171224356 ], [ 456511.601714021060616, 6415766.71658895816654 ], [ 456512.591326377762016, 6415810.406864788383245 ], [ 456512.489954229618888, 6415889.136581536382437 ], [ 456511.250672406400554, 6415926.780484824441373 ], [ 456510.80075235129334, 6415940.44706713501364 ], [ 456510.277065518195741, 6415956.354358058422804 ], [ 456508.218282968795393, 6416090.831076874397695 ], [ 456507.257409690355416, 6416144.963963113725185 ], [ 456485.862232711340766, 6416834.837595642544329 ], [ 456478.074196404020768, 6416907.783222058787942 ], [ 456476.638642991601955, 6416942.136162742972374 ], [ 456474.798184311017394, 6416975.780922781676054 ], [ 456469.390450571896508, 6417115.015073638409376 ], [ 456468.367418395762797, 6417136.55940823815763 ], [ 456463.821535289869644, 6417155.269410843029618 ], [ 456459.049017953570001, 6417168.938161336816847 ], [ 456451.869948965206277, 6417184.837594419717789 ], [ 456442.099035070859827, 6417200.64272238407284 ], [ 456424.797628261498176, 6417220.716107117943466 ], [ 456405.214202882896643, 6417236.4609703598544 ], [ 456377.307771727326326, 6417252.819775018841028 ], [ 456326.556291777640581, 6417272.80116609390825 ], [ 456421.147688560886309, 6417250.917892705649137 ], [ 456427.298422715102788, 6417249.526095745153725 ], [ 456433.192199255921878, 6417248.493389614857733 ], [ 456438.807600915781222, 6417248.57712060213089 ], [ 456443.594164474343415, 6417249.861205469816923 ], [ 456448.614816623041406, 6417251.95553828869015 ], [ 456453.386967418016866, 6417254.642680339515209 ], [ 456457.176514434569981, 6417257.474107214249671 ], [ 456460.860919283819385, 6417260.996989795006812 ], [ 456463.515177106135525, 6417264.653535565361381 ], [ 456465.907747607969213, 6417268.780554011464119 ], [ 456467.506920640473254, 6417274.096396106295288 ], [ 456468.420132076600567, 6417280.121130798012018 ], [ 456468.788210589496884, 6417286.174052263610065 ], [ 456465.712646845844574, 6417400.966005511581898 ], [ 456468.751056846580468, 6417468.95087983738631 ], [ 456463.724430376838427, 6417580.379303181543946 ], [ 456454.184961750812363, 6417868.988351407460868 ], [ 456453.412920146889519, 6417899.414963582530618 ], [ 456453.312956283858512, 6417924.590138364583254 ], [ 456453.460487516073044, 6417945.264468711800873 ], [ 456458.623177505447529, 6418116.03815579880029 ], [ 456462.434483350312803, 6418184.24850950948894 ], [ 456472.677526885701809, 6418370.966721733100712 ], [ 456474.641188756271731, 6418498.296756914816797 ], [ 456473.385813475004397, 6418574.429138369858265 ], [ 456579.849592060898431, 6418558.472072803415358 ], [ 456766.652932184922975, 6418473.177514682523906 ], [ 456970.685781914391555, 6418437.671288724057376 ], [ 458171.448247266700491, 6417771.188490035012364 ], [ 458432.468652458279394, 6417889.042802416719496 ], [ 458432.579445662442595, 6417885.38709553424269 ], [ 458432.97174499637913, 6417872.44287764467299 ], [ 458435.900093340664171, 6417768.966815819963813 ], [ 458442.099960723076947, 6417645.382320035248995 ], [ 458443.624430164054502, 6417727.824667149223387 ], [ 458450.468848627002444, 6417593.756454863585532 ], [ 458454.378308855579235, 6417563.709908026270568 ], [ 458457.857746588648297, 6417532.777105942368507 ], [ 458461.029502409393899, 6417495.601344271562994 ], [ 458464.600898305943701, 6417419.742067922838032 ], [ 458465.869155965163372, 6417403.105926596559584 ], [ 458479.507394503045361, 6417008.91168124973774 ], [ 458492.157540737069212, 6416615.718895732425153 ], [ 458493.109038595284801, 6416601.090176594443619 ], [ 458494.075628752994817, 6416586.773052379488945 ], [ 458494.729559109779075, 6416574.329667396843433 ], [ 458495.588989453797694, 6416561.115913872607052 ], [ 458496.603165948938113, 6416549.103025525808334 ], [ 458497.831186584080569, 6416535.406699148006737 ], [ 458499.621550019539427, 6416520.468686679378152 ], [ 458501.73077151220059, 6416504.825937755405903 ], [ 458504.198505419888534, 6416486.006307201460004 ], [ 458505.688967057620175, 6416474.745603437535465 ], [ 458508.039788450929336, 6416460.670245951972902 ], [ 458509.990214590216056, 6416449.159839258529246 ], [ 458518.341741852927953, 6416412.119897817261517 ], [ 458530.8304473599419, 6416358.247217110358179 ], [ 458534.955867029028013, 6416342.583646695129573 ], [ 458538.196333973493893, 6416330.22487557400018 ], [ 458542.881618193758186, 6416310.202156993560493 ], [ 458549.490825184504502, 6416285.260628894902766 ], [ 458560.969077873218339, 6416243.13367613311857 ], [ 458580.888946444028988, 6416169.109927881509066 ], [ 458586.858756560017355, 6416147.671131322160363 ], [ 458590.279074867721647, 6416134.319633274339139 ], [ 458594.421709846763406, 6416119.702547861263156 ], [ 458598.219556696596555, 6416106.725714512169361 ], [ 458603.301768811943475, 6416090.629262614995241 ], [ 458607.532800932007376, 6416076.523441627621651 ], [ 458612.766092222824227, 6416060.692658880725503 ], [ 458619.428823805879802, 6416041.429020207375288 ], [ 458846.861499087477569, 6415409.06536830868572 ], [ 458853.242536188743543, 6415391.608750894665718 ], [ 458860.234479238977656, 6415371.830027159303427 ], [ 458867.268343330535572, 6415350.926362387835979 ], [ 458873.146131537912879, 6415333.541743419133127 ], [ 458879.280247667396907, 6415314.540090247057378 ], [ 458884.92820933443727, 6415297.291453307494521 ], [ 458891.159273223020136, 6415276.741214128211141 ], [ 458895.966403650119901, 6415260.202646320685744 ], [ 458901.297557548095938, 6415241.543275131843984 ], [ 458906.809433469781652, 6415221.991348777897656 ], [ 458911.71548314858228, 6415203.514490160159767 ], [ 458916.677709816663992, 6415182.988424750044942 ], [ 458923.527379771636333, 6415156.196923205628991 ], [ 458927.734850663575344, 6415138.996504865586758 ], [ 458931.754967746441253, 6415120.873895368538797 ], [ 458935.723686096491292, 6415102.362130266614258 ], [ 458940.332935815735254, 6415080.937866821885109 ], [ 458944.242889021988958, 6415061.892286325804889 ], [ 458948.217135167389642, 6415040.42999607231468 ], [ 458952.048515445902012, 6415018.334540072828531 ], [ 458955.168929214822128, 6414999.219113009981811 ], [ 458958.573904245451558, 6414977.183696766383946 ], [ 458961.413208880927414, 6414958.416302653960884 ], [ 458963.869835291698109, 6414940.510135163553059 ], [ 458967.088183152605779, 6414918.77725322637707 ], [ 458970.395805789274164, 6414895.328841753304005 ], [ 458973.19261058466509, 6414875.822568908333778 ], [ 458907.250765139178839, 6414876.058663882315159 ], [ 458822.096172711288091, 6414876.363547241315246 ], [ 458780.347770913038403, 6414924.79635093268007 ], [ 458729.630166619142983, 6414983.634430157020688 ], [ 458692.584517931274604, 6415020.652601890265942 ], [ 458518.545180006476585, 6415033.941881255246699 ], [ 458434.692650228971615, 6414998.891054403968155 ], [ 458424.391895691514947, 6415004.581591628491879 ], [ 458384.820760720933322, 6415026.442224823869765 ], [ 458357.072183037351351, 6415041.771617799066007 ] ], [ [ 457633.090173430275172, 6417407.46608320157975 ], [ 457627.281403184169903, 6417394.667706066742539 ], [ 457624.593975826690439, 6417384.39716462418437 ], [ 457630.169003230868839, 6417375.074762863107026 ], [ 457645.075449794705492, 6417370.797686695121229 ], [ 457656.942437350866385, 6417371.184505683369935 ], [ 457664.221842234488577, 6417377.287000155076385 ], [ 457668.939370523847174, 6417384.440882415510714 ], [ 457676.669750652159564, 6417383.847108552232385 ], [ 457679.688036523933988, 6417376.611555824056268 ], [ 457683.308886971441098, 6417377.597665370441973 ], [ 457681.960079678741749, 6417370.007385444827378 ], [ 457693.058290575339925, 6417373.386335141956806 ], [ 457698.318623786442913, 6417383.106475450098515 ], [ 457697.401240355568007, 6417393.927259772084653 ], [ 457688.211070412828121, 6417402.252255283296108 ], [ 457678.993388564675115, 6417408.528908393345773 ], [ 457674.455132870993111, 6417418.352460280060768 ], [ 457670.427206646825653, 6417427.658466102555394 ], [ 457663.283797629817855, 6417434.425421165302396 ], [ 457651.476734066964127, 6417439.694021904841065 ], [ 457642.280955102411099, 6417448.030319410376251 ], [ 457639.768081266607624, 6417453.712937612086535 ], [ 457637.086487640743144, 6417459.697958128526807 ], [ 457632.922278651385568, 6417458.339077100157738 ], [ 457626.902624269656371, 6417456.431976011022925 ], [ 457623.67775354970945, 6417444.107325948774815 ], [ 457629.209160960279405, 6417430.665803905576468 ], [ 457635.870024971547537, 6417426.486972796730697 ], [ 457635.804738331295084, 6417420.308295985683799 ], [ 457633.182638950122055, 6417416.216425319202244 ], [ 457638.301677986455616, 6417412.554921327158809 ], [ 457633.090173430275172, 6417407.46608320157975 ] ], [ [ 458084.87028706818819, 6416824.274366290308535 ], [ 458093.139112621196546, 6416825.735568040050566 ], [ 458100.92913419828983, 6416831.310222656466067 ], [ 458085.655105147627182, 6416850.007893102243543 ], [ 458072.341471831314266, 6416859.410532123409212 ], [ 458069.725398348760791, 6416855.318317537195981 ], [ 458069.639258074224927, 6416847.080082597211003 ], [ 458073.125470881874207, 6416835.720387525856495 ], [ 458077.692276163608767, 6416828.468966783955693 ], [ 458084.87028706818819, 6416824.274366290308535 ] ] ], [ [ [ 457658.681695220526308, 6417392.164847387000918 ], [ 457651.421911499521229, 6417392.408531751483679 ], [ 457648.176943113619927, 6417389.403227782808244 ], [ 457644.237195156398229, 6417384.044859602116048 ], [ 457637.27383071964141, 6417380.922971989028156 ], [ 457633.762761948164552, 6417384.155527335591614 ], [ 457633.841226346034091, 6417391.581071870401502 ], [ 457636.091561895678751, 6417396.957280444912612 ], [ 457641.038301455031615, 6417401.11366433929652 ], [ 457648.662647127872333, 6417403.393526426516473 ], [ 457653.743360648106318, 6417404.520064448006451 ], [ 457656.777255122025963, 6417403.819982311688364 ], [ 457662.870371959754266, 6417404.256666291505098 ], [ 457667.089185334334616, 6417404.045109514147043 ], [ 457669.760163341707084, 6417400.977328789420426 ], [ 457666.660555868176743, 6417395.454193170182407 ], [ 457658.681695220526308, 6417392.164847387000918 ] ] ] ] } },
{ "type": "Feature", "properties": { "value": 71.4, "POI_CODE": 1 }, "geometry": { "type": "MultiPolygon", "coordinates": [ [ [ [ 458911.71548314858228, 6415203.514490160159767 ], [ 458906.809433469781652, 6415221.991348777897656 ], [ 458901.297557548095938, 6415241.543275131843984 ], [ 458895.966403650119901, 6415260.202646320685744 ], [ 458891.159273223020136, 6415276.741214128211141 ], [ 458884.92820933443727, 6415297.291453307494521 ], [ 458879.280247667396907, 6415314.540090247057378 ], [ 458873.146131537912879, 6415333.541743419133127 ], [ 458867.268343330535572, 6415350.926362387835979 ], [ 458860.234479238977656, 6415371.830027159303427 ], [ 458853.242536188743543, 6415391.608750894665718 ], [ 458846.861499087477569, 6415409.06536830868572 ], [ 458619.428823805879802, 6416041.429020207375288 ], [ 458612.766092222824227, 6416060.692658880725503 ], [ 458607.532800932007376, 6416076.523441627621651 ], [ 458603.301768811943475, 6416090.629262614995241 ], [ 458598.219556696596555, 6416106.725714512169361 ], [ 458594.421709846763406, 6416119.702547861263156 ], [ 458590.279074867721647, 6416134.319633274339139 ], [ 458586.858756560017355, 6416147.671131322160363 ], [ 458580.888946444028988, 6416169.109927881509066 ], [ 458560.969077873218339, 6416243.13367613311857 ], [ 458549.490825184504502, 6416285.260628894902766 ], [ 458542.881618193758186, 6416310.202156993560493 ], [ 458538.196333973493893, 6416330.22487557400018 ], [ 458534.955867029028013, 6416342.583646695129573 ], [ 458530.8304473599419, 6416358.247217110358179 ], [ 458518.341741852927953, 6416412.119897817261517 ], [ 458509.990214590216056, 6416449.159839258529246 ], [ 458508.039788450929336, 6416460.670245951972902 ], [ 458505.688967057620175, 6416474.745603437535465 ], [ 458504.198505419888534, 6416486.006307201460004 ], [ 458501.73077151220059, 6416504.825937755405903 ], [ 458499.621550019539427, 6416520.468686679378152 ], [ 458497.831186584080569, 6416535.406699148006737 ], [ 458496.603165948938113, 6416549.103025525808334 ], [ 458495.588989453797694, 6416561.115913872607052 ], [ 458494.729559109779075, 6416574.329667396843433 ], [ 458494.075628752994817, 6416586.773052379488945 ], [ 458493.109038595284801, 6416601.090176594443619 ], [ 458492.157540737069212, 6416615.718895732425153 ], [ 458479.507394503045361, 6417008.91168124973774 ], [ 458465.869155965163372, 6417403.105926596559584 ], [ 458464.600898305943701, 6417419.742067922838032 ], [ 458461.029502409393899, 6417495.601344271562994 ], [ 458457.857746588648297, 6417532.777105942368507 ], [ 458454.378308855579235, 6417563.709908026270568 ], [ 458455.761629150016233, 6417554.755000825040042 ], [ 458457.350024984509218, 6417546.710954262875021 ], [ 458459.3070644987165, 6417537.62763028498739 ], [ 458465.970646249654237, 6417507.897716261446476 ], [ 458467.614716136478819, 6417501.790407447144389 ], [ 458469.185237844008952, 6417495.450048115104437 ], [ 458471.253341044008266, 6417489.071133507415652 ], [ 458473.677964396891184, 6417482.198633092455566 ], [ 458475.923566116893198, 6417475.784480866976082 ], [ 458481.300293810316361, 6417464.884319478645921 ], [ 458486.084366022550967, 6417455.716066325083375 ], [ 458491.079388144542463, 6417446.879654101096094 ], [ 458496.493637195206247, 6417438.450865235179663 ], [ 458502.504139453230891, 6417430.349931439384818 ], [ 458507.77198146074079, 6417423.236481166444719 ], [ 458512.058840682613663, 6417417.569469781592488 ], [ 458517.827927314210683, 6417410.19476552773267 ], [ 458524.127710069820751, 6417401.968399168923497 ], [ 458530.43879877688596, 6417393.686256451532245 ], [ 458537.366921625100076, 6417384.874447082169354 ], [ 458547.955922554247081, 6417410.183778780512512 ], [ 458560.969396592874546, 6417420.570843818597496 ], [ 458561.224745580228046, 6417405.125406929291785 ], [ 458565.680661850725301, 6417388.846046982333064 ], [ 458576.821680321590975, 6417367.186723107472062 ], [ 458589.922808875911869, 6417345.874608193524182 ], [ 458597.780737046967261, 6417336.374132614582777 ], [ 458606.767609241767786, 6417329.411693100817502 ], [ 458623.393933680956252, 6417323.361351342871785 ], [ 458640.775622404064052, 6417319.841828335076571 ], [ 458653.791860260476824, 6417318.995008516125381 ], [ 458686.884474267018959, 6417318.954504796303809 ], [ 458718.514106033253483, 6417320.198606982827187 ], [ 458774.387019139889162, 6417316.984981197863817 ], [ 458792.091755339934025, 6417314.887939847074449 ], [ 458833.037897599861026, 6417308.900345909409225 ], [ 458876.026188399177045, 6417308.370125234127045 ], [ 458915.546798436844256, 6417311.93978526443243 ], [ 458982.991424331208691, 6417323.118034368380904 ], [ 459077.907304880965967, 6417338.849062057211995 ], [ 459092.438913532998413, 6417341.261576808989048 ], [ 459186.627077686716802, 6417356.646305150352418 ], [ 459287.126947045442648, 6417373.071398074738681 ], [ 459326.840596980939154, 6417379.415484924800694 ], [ 459386.63806306256447, 6417388.540362766012549 ], [ 459414.069796846131794, 6417393.328517524525523 ], [ 459432.688086829206441, 6417396.569339014589787 ], [ 459480.727433122636285, 6417404.946155897341669 ], [ 459509.798030235862825, 6417410.01901585329324 ], [ 459571.307614190969616, 6417419.708308939822018 ], [ 459575.119622588157654, 6417420.304504854604602 ], [ 459592.726229446008801, 6417423.188847397454083 ], [ 459602.179675546474755, 6417424.73026882763952 ], [ 459610.597651320742443, 6417425.881322604604065 ], [ 459694.077879536314867, 6417436.832031580619514 ], [ 459781.562492708209902, 6417449.29191423393786 ], [ 459854.430298784223851, 6417459.6732517182827 ], [ 459886.705326098075602, 6417463.970775251276791 ], [ 459906.37591362191597, 6417466.401617042720318 ], [ 459943.705677062738687, 6417470.504311412572861 ], [ 459985.33076673396863, 6417473.161608296446502 ], [ 460033.580910167831462, 6417478.525629631243646 ], [ 460093.271160229400266, 6417484.956534824334085 ], [ 460155.332289987185504, 6417493.157319969497621 ], [ 460178.521727141691372, 6417495.96647691167891 ], [ 460210.091869533702265, 6417499.794838648289442 ], [ 460256.507278235279955, 6417502.541011248715222 ], [ 460297.959008435485885, 6417502.720407095737755 ], [ 460338.687423433875665, 6417498.698776892386377 ], [ 460354.044811424915679, 6417495.440527413971722 ], [ 460365.196043186646421, 6417493.070092175155878 ], [ 460375.720279085217044, 6417490.839491529390216 ], [ 460459.049309863417875, 6417451.983444410376251 ], [ 460462.423370893928222, 6417450.870182839222252 ], [ 460527.79524779174244, 6417429.28321863617748 ], [ 460649.67411648662528, 6417405.02689681854099 ], [ 460754.025580983725376, 6417379.698836929164827 ], [ 460773.972403394407593, 6417376.452955100685358 ], [ 460784.571246462175623, 6417375.736911514773965 ], [ 460786.177865949459374, 6417362.405089632607996 ], [ 460819.351812125416473, 6417345.892124983482063 ], [ 460867.568319980287924, 6417288.872331562452018 ], [ 460955.721681214345153, 6417269.051961780525744 ], [ 461053.611413141479716, 6417237.114390920847654 ], [ 461145.906444939086214, 6417187.474946361966431 ], [ 461180.521345300134271, 6417168.85788640473038 ], [ 461232.349843815900385, 6417147.413673332892358 ], [ 461288.052621484559495, 6417092.430987844243646 ], [ 461311.447016626305413, 6417081.316296058706939 ], [ 461413.742708382720593, 6417070.276737198233604 ], [ 461474.058695298794191, 6417058.796741721220315 ], [ 461528.705057752376888, 6416980.368624821305275 ], [ 461707.117328712367453, 6416677.891713798977435 ], [ 461786.1039801032166, 6416549.867587824352086 ], [ 461995.626887555001304, 6416210.299563852138817 ], [ 462020.518785011779983, 6416169.959824798628688 ], [ 462029.536623671534471, 6416155.355967376381159 ], [ 462172.403829015151132, 6415904.297283785417676 ], [ 462218.099102583830245, 6415852.751397805288434 ], [ 462276.836243665893562, 6415849.682380222715437 ], [ 462427.044486549741123, 6415931.230500858277082 ], [ 462825.573017335729674, 6416174.709479812532663 ], [ 462867.899836785858497, 6416077.119578960351646 ], [ 462845.82735891273478, 6416061.090927404351532 ], [ 462731.223415244370699, 6415990.664119485765696 ], [ 462586.434179383271839, 6415848.263733324594796 ], [ 462451.422066343773622, 6415722.511018291115761 ], [ 462404.956347999512218, 6415653.081713685765862 ], [ 462382.953259004745632, 6415613.907780785113573 ], [ 462300.920361507683992, 6415551.170697843655944 ], [ 462217.795229285839014, 6415508.764709846116602 ], [ 462135.931432240002323, 6415465.079267394728959 ], [ 462055.557097250013612, 6415444.239060625433922 ], [ 461971.415277988824528, 6415414.607063205912709 ], [ 461957.227844025183003, 6415409.608884293586016 ], [ 461923.953505957266316, 6415407.096545183099806 ], [ 461837.508959613391198, 6415400.580685812048614 ], [ 461684.968815002241172, 6415419.815202476456761 ], [ 461599.362647327419836, 6415431.511374723166227 ], [ 461458.406235237140208, 6415437.572584057226777 ], [ 461191.186633798410185, 6415310.573084582574666 ], [ 461078.442761962651275, 6415234.173774698749185 ], [ 460962.313509455299936, 6415202.279024831019342 ], [ 460978.684782202588394, 6415341.348300100304186 ], [ 460977.277825792960357, 6415688.22764664888382 ], [ 460287.042559890309349, 6415701.515254686586559 ], [ 460291.610894469369669, 6415663.07735394872725 ], [ 460298.105377134517767, 6415547.421348541043699 ], [ 460286.308220762643032, 6415513.245825747959316 ], [ 460039.273419860634021, 6415243.197420069947839 ], [ 460030.355217390228063, 6415232.764749133959413 ], [ 460026.901394204935059, 6415220.095417927019298 ], [ 460029.759400044567883, 6415202.130292491056025 ], [ 460035.609178167534992, 6415186.172867152839899 ], [ 460051.437519078608602, 6415157.256480568088591 ], [ 460053.805246808042284, 6415154.972734025679529 ], [ 460065.526633568806574, 6415143.688796219415963 ], [ 460097.961774779774714, 6415128.246333666145802 ], [ 460151.892544859438203, 6415106.11070326436311 ], [ 460197.543974279775284, 6415082.265373873524368 ], [ 460257.590542655147146, 6415054.035973471589386 ], [ 460289.005343509197701, 6415032.448163744993508 ], [ 460334.337689288367983, 6414997.161977514624596 ], [ 460374.452439383836463, 6414975.266183855012059 ], [ 460396.728040415619034, 6414966.373008868657053 ], [ 460437.154563271906227, 6414951.366623912006617 ], [ 460454.375488903315272, 6414939.372733936645091 ], [ 460467.290880731132347, 6414925.673320758156478 ], [ 460476.129944871063344, 6414910.65576942730695 ], [ 460478.929625184333418, 6414896.176469373516738 ], [ 460476.434742610843387, 6414866.919039987027645 ], [ 460460.903260071238037, 6414736.138082572259009 ], [ 460458.361719029024243, 6414722.034282447770238 ], [ 460446.986099714355078, 6414643.441278802230954 ], [ 460434.614429768756963, 6414546.899250498041511 ], [ 460424.488407229830045, 6414466.367845218628645 ], [ 460422.357112363679335, 6414435.537002658471465 ], [ 460425.068366046820302, 6414414.478452289476991 ], [ 460435.648169572348706, 6414383.35528146289289 ], [ 460435.824790249345824, 6414364.559628327377141 ], [ 460407.255755548772868, 6414259.058793055824935 ], [ 460407.420934995287098, 6414243.32505729328841 ], [ 460412.28740177268628, 6414221.209799613803625 ], [ 460418.626358640263788, 6414204.012315903790295 ], [ 460433.54807625192916, 6414176.331230860203505 ], [ 460465.195755080203526, 6414133.00940459780395 ], [ 460614.37096481124172, 6413812.258296058513224 ], [ 460617.767159029608592, 6413792.518118808977306 ], [ 460612.964845204201993, 6413779.616603696718812 ], [ 460555.048109990835655, 6413703.729332307353616 ], [ 460549.135028690798208, 6413684.704071003012359 ], [ 460548.092624628217891, 6413664.372828409075737 ], [ 460551.7457486903877, 6413609.202264232560992 ], [ 460549.775439719669521, 6413588.646330961026251 ], [ 460542.976145197637379, 6413574.261455633677542 ], [ 460534.670855320233386, 6413564.233584167435765 ], [ 460517.937573652307037, 6413555.246112951077521 ], [ 460490.868950104282703, 6413548.253157439641654 ], [ 460466.230784813291393, 6413540.497379971668124 ], [ 459473.166271880618297, 6413633.192103913985193 ], [ 459429.371956165879965, 6413749.632570579648018 ], [ 459406.100102388474625, 6413811.507849820889533 ], [ 459348.369395228801295, 6413965.002438626252115 ], [ 459246.000414098321926, 6414265.357842746190727 ], [ 459038.017165318597108, 6414875.590474227443337 ], [ 458973.19261058466509, 6414875.822568908333778 ], [ 458970.395805789274164, 6414895.328841753304005 ], [ 458967.088183152605779, 6414918.77725322637707 ], [ 458963.869835291698109, 6414940.510135163553059 ], [ 458961.413208880927414, 6414958.416302653960884 ], [ 458958.573904245451558, 6414977.183696766383946 ], [ 458955.168929214822128, 6414999.219113009981811 ], [ 458952.048515445902012, 6415018.334540072828531 ], [ 458948.217135167389642, 6415040.42999607231468 ], [ 458944.242889021988958, 6415061.892286325804889 ], [ 458940.332935815735254, 6415080.937866821885109 ], [ 458935.723686096491292, 6415102.362130266614258 ], [ 458931.754967746441253, 6415120.873895368538797 ], [ 458927.734850663575344, 6415138.996504865586758 ], [ 458923.527379771636333, 6415156.196923205628991 ], [ 458916.677709816663992, 6415182.988424750044942 ], [ 458911.71548314858228, 6415203.514490160159767 ] ], [ [ 460094.414015108777676, 6416940.364170432090759 ], [ 460096.632260989979841, 6416936.868322719819844 ], [ 460105.814944489742629, 6416934.939864712767303 ], [ 460114.4539988458273, 6416939.752837320789695 ], [ 460122.614997361728456, 6416937.634170205332339 ], [ 460133.402825190685689, 6416952.836000096984208 ], [ 460124.842975881765597, 6416955.982929515652359 ], [ 460124.956669829611201, 6416967.416301964782178 ], [ 460117.900674822507426, 6416978.097069071605802 ], [ 460092.488107069570106, 6416972.638213746249676 ], [ 460082.569053048151545, 6416962.527165143750608 ], [ 460074.774510964984074, 6416960.355718511156738 ], [ 460072.863709289696999, 6416953.638740502297878 ], [ 460077.343102968472522, 6416951.556639900431037 ], [ 460077.078580862784293, 6416945.23522412404418 ], [ 460084.38673870509956, 6416939.640062326565385 ], [ 460094.414015108777676, 6416940.364170432090759 ] ] ] ] } },
{ "type": "Feature", "properties": { "value": 85.4, "POI_CODE": 1 }, "geometry": { "type": "MultiPolygon", "coordinates": [ [ [ [ 462556.958374129608274, 6417368.56855998467654 ], [ 462584.036395425326191, 6417342.251540304161608 ], [ 462603.618848393554799, 6417313.766719590872526 ], [ 462615.417052280099597, 6417280.778580134734511 ], [ 462745.653973240870982, 6416947.779324104078114 ], [ 462779.401597751188092, 6416862.838007206097245 ], [ 462862.516462719999254, 6416653.620723649859428 ], [ 462931.562370786850806, 6416470.621782167814672 ], [ 463004.979042381222825, 6416288.89762687496841 ], [ 462926.211858947295696, 6416254.219523778185248 ], [ 462867.982812715054024, 6416221.245506797917187 ], [ 462825.573017335729674, 6416174.709479812532663 ], [ 462427.044486549741123, 6415931.230500858277082 ], [ 462276.836243665893562, 6415849.682380222715437 ], [ 462218.099102583830245, 6415852.751397805288434 ], [ 462172.403829015151132, 6415904.297283785417676 ], [ 462029.536623671534471, 6416155.355967376381159 ], [ 462020.518785011779983, 6416169.959824798628688 ], [ 461995.626887555001304, 6416210.299563852138817 ], [ 461786.1039801032166, 6416549.867587824352086 ], [ 461707.117328712367453, 6416677.891713798977435 ], [ 461528.705057752376888, 6416980.368624821305275 ], [ 461474.058695298794191, 6417058.796741721220315 ], [ 461413.742708382720593, 6417070.276737198233604 ], [ 461311.447016626305413, 6417081.316296058706939 ], [ 461288.052621484559495, 6417092.430987844243646 ], [ 461232.349843815900385, 6417147.413673332892358 ], [ 461180.521345300134271, 6417168.85788640473038 ], [ 461145.906444939086214, 6417187.474946361966431 ], [ 461053.611413141479716, 6417237.114390920847654 ], [ 460955.721681214345153, 6417269.051961780525744 ], [ 460867.568319980287924, 6417288.872331562452018 ], [ 460819.351812125416473, 6417345.892124983482063 ], [ 460786.177865949459374, 6417362.405089632607996 ], [ 460784.571246462175623, 6417375.736911514773965 ], [ 460773.972403394407593, 6417376.452955100685358 ], [ 460754.025580983725376, 6417379.698836929164827 ], [ 460649.67411648662528, 6417405.02689681854099 ], [ 460527.79524779174244, 6417429.28321863617748 ], [ 460462.423370893928222, 6417450.870182839222252 ], [ 460459.049309863417875, 6417451.983444410376251 ], [ 460375.720279085217044, 6417490.839491529390216 ], [ 460365.196043186646421, 6417493.070092175155878 ], [ 460354.044811424915679, 6417495.440527413971722 ], [ 460385.238043713441584, 6417520.539717204868793 ], [ 460402.207401919120457, 6417539.444426068104804 ], [ 460406.31642901909072, 6417554.53479599300772 ], [ 460402.099899425113108, 6417575.975771550089121 ], [ 460432.735789276717696, 6417656.416245036758482 ], [ 460457.620656169659924, 6417697.811454302631319 ], [ 460458.734843561134767, 6417716.416324302554131 ], [ 460451.37934451532783, 6417726.732058036141098 ], [ 460440.386051763372961, 6417746.84812250174582 ], [ 460427.853168581088539, 6417799.546044325456023 ], [ 460414.346541992737912, 6417847.844608407467604 ], [ 460420.872626126918476, 6417895.243948782794178 ], [ 460446.448764792876318, 6417935.941957938484848 ], [ 460481.058874634443782, 6417970.728027180768549 ], [ 460488.157174484280404, 6418005.317855764180422 ], [ 460485.76160278491443, 6418020.862114242278039 ], [ 460483.995833579450846, 6418032.347429404966533 ], [ 460460.877267503354233, 6418098.877736370079219 ], [ 460427.997819453186821, 6418145.040446350350976 ], [ 460413.663508873723913, 6418156.816909420304 ], [ 460401.572319020750001, 6418159.252192463725805 ], [ 460385.661114021553658, 6418153.597518933936954 ], [ 460326.550115336722229, 6418126.180398290976882 ], [ 460376.105583578289952, 6418245.847246984019876 ], [ 460413.066051179019269, 6418326.770626391284168 ], [ 460439.155480574409012, 6418380.10048356000334 ], [ 460455.082544230564963, 6418439.721209891140461 ], [ 460477.160247586900368, 6418493.84799615573138 ], [ 460506.755957067769486, 6418532.101805922575295 ], [ 460513.960365257400554, 6418546.29334310349077 ], [ 460523.694115129124839, 6418566.37207811884582 ], [ 460540.201720852346625, 6418588.844726236537099 ], [ 460596.411117152310908, 6418657.733795885927975 ], [ 460604.483241713547613, 6418663.789214237593114 ], [ 460620.041296813462395, 6418690.435594766400754 ], [ 460627.929372439510189, 6418700.6903469953686 ], [ 460635.237921357445884, 6418709.870818851515651 ], [ 460640.8581911639194, 6418717.31986275408417 ], [ 460643.604818083171267, 6418723.02684491686523 ], [ 460649.016478713136166, 6418741.222159129567444 ], [ 460669.219708752003498, 6418814.919499152339995 ], [ 460678.922210144344717, 6418864.570538180880249 ], [ 460701.21159280417487, 6419106.981814426369965 ], [ 460710.122778958873823, 6419203.547824415378273 ], [ 460724.311623459972907, 6419283.628483155742288 ], [ 460723.646260567416903, 6419300.380395645275712 ], [ 460715.398191471642349, 6419313.098238116130233 ], [ 460712.256026475632098, 6419321.390404368750751 ], [ 460714.014449494308792, 6419331.516148878261447 ], [ 460721.030286906170659, 6419342.403124692849815 ], [ 460732.15608543343842, 6419351.245726926252246 ], [ 460742.459754085575696, 6419355.409041468985379 ], [ 460749.166718085529283, 6419360.787809604778886 ], [ 460758.680037822749, 6419377.428879513405263 ], [ 460774.506631743744947, 6419449.432727770879865 ], [ 460777.396912818832789, 6419503.170054064132273 ], [ 460765.470740532327909, 6419541.420454204082489 ], [ 460777.869361127493903, 6419533.271507138386369 ], [ 460817.265658328891732, 6419517.498958203010261 ], [ 460830.073363684758078, 6419513.599325343966484 ], [ 460837.389398351486307, 6419516.467154371552169 ], [ 460847.90841503883712, 6419511.79944446310401 ], [ 460924.409403472789563, 6419514.904905159957707 ], [ 460969.636609831708483, 6419516.74649384431541 ], [ 461079.075410667690448, 6419525.334916941821575 ], [ 461152.692444729676936, 6419523.161882213316858 ], [ 461194.717128842079546, 6419527.174769602715969 ], [ 461284.854160636255983, 6419533.03872655518353 ], [ 461363.691591266717296, 6419536.441735388711095 ], [ 461459.304033269931097, 6419536.879146891646087 ], [ 461649.455681598628871, 6419533.362073292024434 ], [ 461701.739789240062237, 6419527.228190764784813 ], [ 461765.202996271778829, 6419516.557010034099221 ], [ 461811.534280022082385, 6419506.86287397891283 ], [ 461837.217771958676167, 6419499.793085232377052 ], [ 461859.648585725692101, 6419491.496299339458346 ], [ 461870.495838910574093, 6419478.856319902464747 ], [ 461877.880979031848256, 6419462.909153237938881 ], [ 461889.643575806636363, 6419431.867378308437765 ], [ 461903.837718932656571, 6419373.613632897846401 ], [ 461910.845728953019716, 6419333.543045588769019 ], [ 461910.485944156942423, 6419276.374099453911185 ], [ 461914.587463889911305, 6419245.316181783564389 ], [ 461932.84084388584597, 6419162.640842037275434 ], [ 461973.625268065894488, 6418967.600428724661469 ], [ 461985.222167856933083, 6418880.746568326838315 ], [ 461990.07860950846225, 6418863.565506977029145 ], [ 462022.259762730740476, 6418760.62859012093395 ], [ 462079.045852453738917, 6418611.621045968495309 ], [ 462125.76270369096892, 6418483.057392932474613 ], [ 462709.624789125868119, 6418411.394553566351533 ], [ 462733.29754103498999, 6418265.441816415637732 ], [ 462936.234379815228749, 6418105.330304726958275 ], [ 462947.267384570324793, 6417944.910206666216254 ], [ 462770.365623201651033, 6417891.861630583181977 ], [ 462771.951273409707937, 6417887.839948819950223 ], [ 462800.973973202810157, 6417813.898145820014179 ], [ 462830.620914502884261, 6417740.674483776092529 ], [ 462848.555121075129136, 6417694.915332519449294 ], [ 462865.085711548803374, 6417643.491034324280918 ], [ 462878.784847069066018, 6417614.015475241467357 ], [ 462881.605658605054487, 6417591.510222310200334 ], [ 462792.087771426187828, 6417535.357250848785043 ], [ 462663.443528968375176, 6417435.491708676330745 ], [ 462581.791964384843595, 6417409.843539280816913 ], [ 462521.445339671801776, 6417385.434070379473269 ], [ 462556.958374129608274, 6417368.56855998467654 ] ], [ [ 461197.865319167962298, 6417177.708427526988089 ], [ 461213.373694885813165, 6417170.254574039019644 ], [ 461236.281862485629972, 6417159.199806330725551 ], [ 461246.571041444840375, 6417171.158306716009974 ], [ 461246.325739882478956, 6417189.943481189198792 ], [ 461233.552580470975954, 6417206.199904724024236 ], [ 461222.65227477037115, 6417208.899495192803442 ], [ 461208.899273071088828, 6417200.459460498765111 ], [ 461197.865319167962298, 6417177.708427526988089 ] ], [ [ 460962.119415936234873, 6417289.843388876877725 ], [ 460969.256920478539541, 6417291.020894290879369 ], [ 460968.276026626990642, 6417311.449945131316781 ], [ 460961.362376414879691, 6417328.997418415732682 ], [ 460948.595083657302894, 6417337.171532800421119 ], [ 460913.00038820237387, 6417339.555876997299492 ], [ 460887.638257538434118, 6417347.418771229684353 ], [ 460856.555520602269098, 6417343.15722306445241 ], [ 460843.053093975409865, 6417339.770766457542777 ], [ 460842.696641394926701, 6417330.588807534426451 ], [ 460863.833617516735103, 6417306.511425068601966 ], [ 460873.306530734174885, 6417295.496650001034141 ], [ 460886.47926022275351, 6417289.990468443371356 ], [ 460894.137753559800331, 6417293.523137324489653 ], [ 460917.980946981231682, 6417300.093447959981859 ], [ 460943.148613071069121, 6417296.574851665645838 ], [ 460962.119415936234873, 6417289.843388876877725 ] ], [ [ 460645.362851824087556, 6418695.052365854382515 ], [ 460633.572044265340082, 6418692.317893380299211 ], [ 460629.8939201424364, 6418676.855641358532012 ], [ 460628.596003149519674, 6418671.423916802741587 ], [ 460627.52316598611651, 6418662.360331085510552 ], [ 460660.953583941736724, 6418667.109089259058237 ], [ 460655.378726135881152, 6418678.776470107957721 ], [ 460645.362851824087556, 6418695.052365854382515 ] ], [ [ 462560.430610578099731, 6418176.995528114959598 ], [ 462559.504091209208127, 6418181.869660646654665 ], [ 462558.996179291163571, 6418187.14070064201951 ], [ 462554.572559322579764, 6418190.099084433168173 ], [ 462549.495687141141389, 6418197.361230459995568 ], [ 462543.274885066435672, 6418201.449801078997552 ], [ 462530.760573141626082, 6418201.845112226903439 ], [ 462520.040326131158508, 6418200.14166197925806 ], [ 462517.234841263270937, 6418197.395575485192239 ], [ 462516.959493905596901, 6418186.965761980041862 ], [ 462516.803043463500217, 6418181.010631924495101 ], [ 462520.799403345852625, 6418177.365904591046274 ], [ 462527.051445023040287, 6418176.617152881808579 ], [ 462535.536268147872761, 6418176.949788873083889 ], [ 462546.135862110648304, 6418180.324481288902462 ], [ 462547.818813963152934, 6418181.555743372999132 ], [ 462550.725651100394316, 6418180.559941407293081 ], [ 462551.534050392510835, 6418177.635328360833228 ], [ 462553.59816564747598, 6418175.255674866959453 ], [ 462557.358234855986666, 6418175.498894250951707 ], [ 462560.430610578099731, 6418176.995528114959598 ] ] ] ] } }
]
}
