{
"type": "FeatureCollection",
"name": "Коммуникационные сети",
"crs": { "type": "name", "properties": { "name": "urn:ogc:def:crs:OGC:1.3:CRS84" } },
"features": [
{ "type": "Feature", "properties": { "full_id": "w27058688", "osm_id": "27058688", "osm_type": "way", "power": "line", "ref": null, "frequency": null, "circuits:design": null, "layer": null, "name": null, "wires": null, "voltage": "110000", "circuits": "2", "cables": "6", "POI_CODE": 1 }, "geometry": { "type": "LineString", "coordinates": [ [ 56.1637879, 57.887927 ], [ 56.1652257, 57.8884487 ], [ 56.1685937, 57.8896012 ], [ 56.1718627, 57.8907793 ], [ 56.1738727, 57.8895836 ] ] } },
{ "type": "Feature", "properties": { "full_id": "w51716543", "osm_id": "51716543", "osm_type": "way", "power": "line", "ref": null, "frequency": null, "circuits:design": null, "layer": null, "name": null, "wires": null, "voltage": "35000", "circuits": "2", "cables": "6", "POI_CODE": 1 }, "geometry": { "type": "LineString", "coordinates": [ [ 56.3075488, 58.0145571 ], [ 56.3055691, 58.0138634 ], [ 56.3041538, 58.0133674 ], [ 56.3022366, 58.0126956 ], [ 56.3007223, 58.012165 ], [ 56.2984525, 58.0111014 ], [ 56.2978946, 58.0104137 ], [ 56.2959335, 58.0094205 ], [ 56.2944185, 58.0086803 ] ] } },
{ "type": "Feature", "properties": { "full_id": "w52016392", "osm_id": "52016392", "osm_type": "way", "power": "line", "ref": null, "frequency": null, "circuits:design": null, "layer": null, "name": null, "wires": null, "voltage": "110000", "circuits": "1", "cables": "3", "POI_CODE": 1 }, "geometry": { "type": "LineString", "coordinates": [ [ 56.3155302, 58.000298 ], [ 56.3163163, 57.9998653 ], [ 56.3162388, 57.9997527 ] ] } },
{ "type": "Feature", "properties": { "full_id": "w52673258", "osm_id": "52673258", "osm_type": "way", "power": "line", "ref": null, "frequency": null, "circuits:design": null, "layer": null, "name": null, "wires": null, "voltage": "110000", "circuits": "2", "cables": "6", "POI_CODE": 1 }, "geometry": { "type": "LineString", "coordinates": [ [ 56.2589695, 57.9762341 ], [ 56.2608063, 57.9773023 ], [ 56.2625313, 57.9782067 ], [ 56.2654763, 57.9789974 ], [ 56.2682176, 57.9796772 ], [ 56.2711894, 57.980485 ], [ 56.2744993, 57.981014 ], [ 56.2751871, 57.9819619 ], [ 56.2750008, 57.9830447 ], [ 56.2754083, 57.9833988 ], [ 56.2744734, 57.9846875 ], [ 56.2736156, 57.9857759 ], [ 56.2733915, 57.9857993 ], [ 56.2722572, 57.9856538 ], [ 56.2710856, 57.9852778 ], [ 56.2702892, 57.9853286 ], [ 56.2705321, 57.9864597 ], [ 56.2725906, 57.9868715 ], [ 56.2751755, 57.9869811 ], [ 56.279703, 57.9871538 ], [ 56.2819884, 57.9872804 ], [ 56.2843649, 57.9873657 ], [ 56.2863605, 57.9874537 ], [ 56.2881357, 57.9875304 ], [ 56.2901499, 57.987621 ], [ 56.2912899, 57.9877024 ], [ 56.2924819, 57.987253 ], [ 56.2941549, 57.9877878 ], [ 56.2963981, 57.9890875 ], [ 56.2983476, 57.9902226 ], [ 56.3003609, 57.9914353 ], [ 56.3023062, 57.9925624 ], [ 56.3042508, 57.9936876 ], [ 56.3063066, 57.9948936 ], [ 56.3082264, 57.9960174 ], [ 56.3102764, 57.9972118 ], [ 56.3122424, 57.99835 ], [ 56.3142642, 57.9995238 ], [ 56.3155302, 58.000298 ], [ 56.3168619, 58.0010381 ], [ 56.3178514, 58.0016275 ], [ 56.3192831, 58.0024802 ], [ 56.3193111, 58.0039745 ], [ 56.3187468, 58.0052115 ], [ 56.3191941, 58.0057525 ], [ 56.3192382, 58.0059523 ], [ 56.3192097, 58.006537 ], [ 56.3191623, 58.0075083 ], [ 56.3191144, 58.009269 ], [ 56.3190645, 58.0112574 ], [ 56.3136276, 58.0129741 ], [ 56.3112132, 58.0137831 ], [ 56.3087658, 58.0148432 ], [ 56.306899, 58.0156104 ], [ 56.3033745, 58.0170769 ], [ 56.2992166, 58.0187325 ], [ 56.2983082, 58.0194002 ] ] } },
{ "type": "Feature", "properties": { "full_id": "w52673259", "osm_id": "52673259", "osm_type": "way", "power": "line", "ref": null, "frequency": null, "circuits:design": null, "layer": null, "name": null, "wires": null, "voltage": "35000", "circuits": "1", "cables": "3", "POI_CODE": 1 }, "geometry": { "type": "LineString", "coordinates": [ [ 56.3150705, 58.0003133 ], [ 56.3159718, 58.0010932 ], [ 56.3190367, 58.0026136 ], [ 56.319004, 58.0040089 ], [ 56.3184559, 58.0052347 ], [ 56.3189377, 58.0060375 ], [ 56.3189275, 58.0062913 ], [ 56.3188943, 58.0071128 ], [ 56.3188783, 58.0075096 ], [ 56.3187841, 58.0088498 ], [ 56.3187976, 58.0091587 ], [ 56.3187389, 58.0109768 ], [ 56.3138383, 58.0124654 ], [ 56.3115592, 58.0131883 ], [ 56.3083379, 58.0141317 ], [ 56.3075488, 58.0145571 ] ] } },
{ "type": "Feature", "properties": { "full_id": "w52735571", "osm_id": "52735571", "osm_type": "way", "power": "line", "ref": null, "frequency": null, "circuits:design": null, "layer": null, "name": null, "wires": "single", "voltage": "110000", "circuits": "2", "cables": "6", "POI_CODE": 1 }, "geometry": { "type": "LineString", "coordinates": [ [ 56.2615159, 58.0200649 ], [ 56.2603286, 58.0199914 ], [ 56.2598822, 58.0204907 ], [ 56.2621844, 58.0212763 ], [ 56.2637776, 58.0217834 ], [ 56.2663358, 58.0225801 ], [ 56.2688874, 58.0234111 ], [ 56.2714324, 58.0242198 ], [ 56.2759778, 58.0252926 ], [ 56.2748411, 58.0270417 ], [ 56.2726314, 58.0285696 ], [ 56.2761208, 58.0298257 ], [ 56.2786502, 58.0307429 ], [ 56.2819878, 58.0319585 ], [ 56.2843199, 58.0327912 ] ] } },
{ "type": "Feature", "properties": { "full_id": "w52739380", "osm_id": "52739380", "osm_type": "way", "power": "line", "ref": null, "frequency": null, "circuits:design": null, "layer": null, "name": null, "wires": null, "voltage": "110000", "circuits": "2", "cables": "6", "POI_CODE": 1 }, "geometry": { "type": "LineString", "coordinates": [ [ 56.2843199, 58.0327912 ], [ 56.2855227, 58.0318125 ] ] } },
{ "type": "Feature", "properties": { "full_id": "w54356030", "osm_id": "54356030", "osm_type": "way", "power": "line", "ref": null, "frequency": null, "circuits:design": null, "layer": null, "name": null, "wires": null, "voltage": "110000", "circuits": "2", "cables": "6", "POI_CODE": 1 }, "geometry": { "type": "LineString", "coordinates": [ [ 56.3513679, 57.9900143 ], [ 56.3520231, 57.9917044 ], [ 56.3527235, 57.9934715 ], [ 56.3530779, 57.9944518 ], [ 56.3531904, 57.9947631 ], [ 56.3539698, 57.9966638 ], [ 56.3540728, 57.9969238 ], [ 56.3541812, 57.9971989 ], [ 56.3544002, 57.9977547 ], [ 56.3547807, 57.9987202 ], [ 56.3552846, 58.0000511 ], [ 56.3563146, 58.002637 ], [ 56.3570929, 58.0045289 ], [ 56.3575817, 58.0057523 ], [ 56.3580689, 58.00708 ], [ 56.3583947, 58.0079168 ], [ 56.3577042, 58.0085139 ], [ 56.3566396, 58.0094293 ], [ 56.3557491, 58.010208 ], [ 56.3534102, 58.0122086 ], [ 56.3517849, 58.0136409 ], [ 56.3498859, 58.0152463 ], [ 56.3481103, 58.0167694 ], [ 56.3464526, 58.0182156 ], [ 56.344618, 58.019784 ], [ 56.3442907, 58.0201448 ], [ 56.3406751, 58.0189433 ], [ 56.3378343, 58.0179992 ], [ 56.3347949, 58.0169891 ], [ 56.3318338, 58.016005 ], [ 56.3293441, 58.0151775 ], [ 56.3267985, 58.0143327 ], [ 56.323561, 58.0132583 ], [ 56.3206439, 58.0122902 ], [ 56.3185732, 58.0128586 ], [ 56.3153116, 58.0136941 ], [ 56.3129835, 58.0143192 ], [ 56.3112347, 58.0147682 ], [ 56.308401, 58.0155308 ], [ 56.3020324, 58.0184329 ], [ 56.2988953, 58.0196658 ] ] } },
{ "type": "Feature", "properties": { "full_id": "w54356035", "osm_id": "54356035", "osm_type": "way", "power": "line", "ref": null, "frequency": null, "circuits:design": null, "layer": null, "name": null, "wires": null, "voltage": "110000", "circuits": "2", "cables": "6", "POI_CODE": 1 }, "geometry": { "type": "LineString", "coordinates": [ [ 56.2991779, 58.0198704 ], [ 56.3012642, 58.0190461 ], [ 56.3039323, 58.0180042 ], [ 56.3046781, 58.017713 ], [ 56.3091306, 58.0156161 ], [ 56.3114814, 58.0150395 ], [ 56.313359, 58.0144897 ], [ 56.3154404, 58.0139328 ], [ 56.3184874, 58.0131598 ], [ 56.3205902, 58.0125744 ], [ 56.3232922, 58.013465 ], [ 56.3267311, 58.0145984 ], [ 56.329069, 58.015369 ], [ 56.33146, 58.016157 ], [ 56.3339471, 58.0169767 ], [ 56.3365206, 58.0178248 ], [ 56.3390459, 58.0186571 ], [ 56.3412888, 58.0193962 ], [ 56.3448174, 58.0205553 ], [ 56.3480453, 58.0216156 ], [ 56.3536458, 58.0234452 ], [ 56.3572729, 58.0246513 ], [ 56.3596365, 58.0254373 ], [ 56.3620075, 58.0262257 ], [ 56.3643575, 58.0270071 ], [ 56.3668, 58.0278192 ], [ 56.3691597, 58.0286038 ], [ 56.3727109, 58.0298024 ], [ 56.3750355, 58.0305676 ], [ 56.3773983, 58.0313454 ], [ 56.379762, 58.0321235 ], [ 56.3821548, 58.0329112 ], [ 56.3846997, 58.0337488 ], [ 56.3877098, 58.0348976 ], [ 56.3893191, 58.0369196 ], [ 56.3904564, 58.0383849 ], [ 56.3929085, 58.0389792 ], [ 56.3966099, 58.0398424 ], [ 56.3991527, 58.0403933 ], [ 56.4009164, 58.0406624 ], [ 56.4047263, 58.0410213 ], [ 56.4075641, 58.0412905 ], [ 56.4094738, 58.0418044 ], [ 56.4122848, 58.0423525 ], [ 56.4148638, 58.0428647 ], [ 56.4153149, 58.0442112 ], [ 56.4180677, 58.0446344 ], [ 56.4205752, 58.0450372 ], [ 56.4231917, 58.0454409 ], [ 56.4257585, 58.0458448 ], [ 56.4272901, 58.0468116 ], [ 56.4285566, 58.0484586 ], [ 56.4302095, 58.0492309 ], [ 56.4295122, 58.0514636 ], [ 56.4291993, 58.0528833 ], [ 56.4289064, 58.0543421 ], [ 56.4286854, 58.0556061 ], [ 56.4283206, 58.0573261 ], [ 56.4279987, 58.058643 ], [ 56.4265718, 58.0591652 ], [ 56.4262929, 58.0605047 ], [ 56.4259924, 58.0618385 ], [ 56.425692, 58.0631495 ], [ 56.4266147, 58.0636376 ], [ 56.4262714, 58.0653061 ], [ 56.4258744, 58.0669972 ], [ 56.4254989, 58.0687734 ], [ 56.4251234, 58.0702884 ], [ 56.4245119, 58.0721155 ], [ 56.4240934, 58.073846 ], [ 56.423675, 58.0757126 ], [ 56.4232458, 58.0778401 ], [ 56.4229133, 58.0793491 ], [ 56.4224197, 58.0814763 ], [ 56.4222052, 58.0825597 ], [ 56.4218511, 58.0840912 ], [ 56.4214541, 58.0860253 ], [ 56.4210571, 58.0877949 ], [ 56.4181067, 58.0889462 ], [ 56.4154674, 58.089967 ], [ 56.4132895, 58.090829 ], [ 56.4112081, 58.0916626 ], [ 56.4086546, 58.0926493 ], [ 56.4060475, 58.0936474 ], [ 56.4034833, 58.094668 ], [ 56.4014556, 58.0954789 ], [ 56.3996853, 58.096165 ], [ 56.3975503, 58.0970155 ], [ 56.3943853, 58.0979737 ], [ 56.3916065, 58.0988072 ], [ 56.3887312, 58.0996803 ], [ 56.3859202, 58.1005364 ], [ 56.3830556, 58.1014151 ], [ 56.3803412, 58.1022599 ], [ 56.3775839, 58.1030989 ], [ 56.3755025, 58.1037281 ], [ 56.3737618, 58.1042285 ], [ 56.3706209, 58.105185 ], [ 56.3670697, 58.1059333 ], [ 56.3638939, 58.1066135 ], [ 56.3614478, 58.1070897 ], [ 56.3586904, 58.1084387 ], [ 56.355343, 58.1100995 ], [ 56.3525573, 58.1114817 ], [ 56.3499357, 58.1117488 ], [ 56.3493134, 58.1118281 ] ] } },
{ "type": "Feature", "properties": { "full_id": "w54359280", "osm_id": "54359280", "osm_type": "way", "power": "line", "ref": null, "frequency": null, "circuits:design": null, "layer": null, "name": null, "wires": null, "voltage": "35000", "circuits": "2", "cables": "6", "POI_CODE": 1 }, "geometry": { "type": "LineString", "coordinates": [ [ 56.3588364, 58.0680245 ], [ 56.3574354, 58.0690148 ], [ 56.3567302, 58.0694705 ], [ 56.3544992, 58.069526 ], [ 56.3521389, 58.0713588 ], [ 56.3477508, 58.0714042 ], [ 56.346309, 58.0718855 ] ] } },
{ "type": "Feature", "properties": { "full_id": "w54359687", "osm_id": "54359687", "osm_type": "way", "power": "line", "ref": null, "frequency": null, "circuits:design": null, "layer": null, "name": null, "wires": "single", "voltage": "220000", "circuits": "1", "cables": "3", "POI_CODE": 1 }, "geometry": { "type": "LineString", "coordinates": [ [ 56.4308498, 58.0523002 ], [ 56.431765, 58.0482938 ], [ 56.4323213, 58.0455067 ], [ 56.4304095, 58.0427815 ], [ 56.4288103, 58.0405587 ], [ 56.4275868, 58.0388354 ], [ 56.4264591, 58.037247 ], [ 56.4242903, 58.0341345 ], [ 56.4219407, 58.030874 ], [ 56.4196447, 58.0275905 ], [ 56.4172522, 58.0242329 ], [ 56.4156965, 58.0220341 ], [ 56.4143232, 58.0200283 ], [ 56.412789, 58.017994 ], [ 56.41105, 58.0155314 ], [ 56.4100746, 58.0141296 ], [ 56.4076928, 58.0107422 ], [ 56.4053432, 58.0075024 ], [ 56.4027897, 58.0037847 ], [ 56.4009015, 58.0012435 ], [ 56.3983265, 58.0005328 ], [ 56.3949255, 57.9996232 ], [ 56.3881074, 57.9977753 ], [ 56.3851887, 57.9969622 ], [ 56.3810102, 57.9958449 ], [ 56.3755707, 57.9943466 ], [ 56.369305, 57.9926976 ], [ 56.3635115, 57.991111 ], [ 56.3576535, 57.9895357 ], [ 56.35186, 57.9879376 ], [ 56.3516389, 57.987388 ], [ 56.3506154, 57.9848436 ], [ 56.3493709, 57.9816526 ], [ 56.3480941, 57.9783987 ], [ 56.346871, 57.9752811 ], [ 56.345648, 57.972112 ], [ 56.3482336, 57.9691133 ], [ 56.3512591, 57.9657217 ], [ 56.3536409, 57.9630412 ], [ 56.3563446, 57.9599621 ], [ 56.3591019, 57.9568713 ], [ 56.36187, 57.9537689 ], [ 56.3646809, 57.9505637 ], [ 56.3678459, 57.9469825 ], [ 56.3667408, 57.9429055 ], [ 56.3658472, 57.9397552 ], [ 56.365153, 57.9370169 ], [ 56.3648418, 57.9357753 ], [ 56.3639406, 57.9325002 ], [ 56.3630716, 57.9293956 ], [ 56.362106, 57.9257496 ], [ 56.3610653, 57.9219038 ], [ 56.3599602, 57.9178353 ], [ 56.3558461, 57.915835 ] ] } },
{ "type": "Feature", "properties": { "full_id": "w54362132", "osm_id": "54362132", "osm_type": "way", "power": "line", "ref": null, "frequency": null, "circuits:design": null, "layer": null, "name": null, "wires": null, "voltage": "220000", "circuits": "2", "cables": "6", "POI_CODE": 1 }, "geometry": { "type": "LineString", "coordinates": [ [ 56.3563316, 57.915672 ], [ 56.3586247, 57.9167788 ], [ 56.3605718, 57.9176758 ], [ 56.3609044, 57.918901 ], [ 56.3614301, 57.9208896 ], [ 56.3618378, 57.9223311 ], [ 56.3623206, 57.9241145 ], [ 56.3626961, 57.9255617 ], [ 56.3631038, 57.9269688 ], [ 56.363603, 57.9288601 ], [ 56.3642089, 57.9310648 ], [ 56.3646488, 57.932654 ], [ 56.3652496, 57.9348128 ], [ 56.3655822, 57.9362652 ], [ 56.3665641, 57.9398295 ], [ 56.3670521, 57.9415218 ], [ 56.3674919, 57.9430594 ], [ 56.3679425, 57.9446252 ], [ 56.3684683, 57.946658 ], [ 56.3687794, 57.9476659 ], [ 56.3668589, 57.9498123 ], [ 56.3662223, 57.9505263 ], [ 56.3634579, 57.9536266 ], [ 56.362031, 57.9552547 ], [ 56.3604002, 57.9571901 ], [ 56.3589625, 57.9587441 ], [ 56.3575356, 57.9604175 ], [ 56.3559906, 57.9620795 ], [ 56.3545744, 57.9636047 ], [ 56.3528578, 57.9656306 ], [ 56.351506, 57.9671387 ], [ 56.3504653, 57.9682939 ], [ 56.3488319, 57.9701572 ], [ 56.3477616, 57.9713781 ], [ 56.3465707, 57.9727209 ], [ 56.3469891, 57.9738587 ], [ 56.3476114, 57.9754575 ], [ 56.3485341, 57.9776592 ], [ 56.3491564, 57.9793374 ], [ 56.3499396, 57.9813966 ], [ 56.3508193, 57.9835753 ], [ 56.3512378, 57.9847127 ], [ 56.352021, 57.9866409 ], [ 56.3524501, 57.987693 ], [ 56.3545315, 57.9883073 ], [ 56.3570099, 57.9889613 ], [ 56.3602822, 57.9898257 ], [ 56.3641767, 57.9908892 ], [ 56.3673095, 57.9917479 ], [ 56.3698308, 57.9924872 ], [ 56.3730066, 57.993289 ], [ 56.3756566, 57.9939828 ], [ 56.3778775, 57.9945798 ], [ 56.3803505, 57.9952508 ], [ 56.384937, 57.9965415 ], [ 56.3872115, 57.9970931 ], [ 56.3898294, 57.9978265 ], [ 56.3929515, 57.9986566 ], [ 56.3953011, 57.9993106 ], [ 56.3979618, 57.9999927 ], [ 56.4003757, 58.002318 ], [ 56.4017919, 58.0043418 ], [ 56.4029399, 58.0059733 ], [ 56.4042703, 58.0078719 ], [ 56.4054719, 58.0095828 ], [ 56.40618, 58.010549 ], [ 56.4074138, 58.0123507 ], [ 56.4087013, 58.0141979 ], [ 56.4106272, 58.0168915 ], [ 56.4117912, 58.0184997 ], [ 56.4130465, 58.0202783 ] ] } },
{ "type": "Feature", "properties": { "full_id": "w54362248", "osm_id": "54362248", "osm_type": "way", "power": "line", "ref": null, "frequency": null, "circuits:design": null, "layer": null, "name": null, "wires": "single", "voltage": "110000", "circuits": "2", "cables": "6", "POI_CODE": 1 }, "geometry": { "type": "LineString", "coordinates": [ [ 56.362189, 57.9308221 ], [ 56.3626961, 57.9322667 ], [ 56.3632219, 57.9343515 ], [ 56.3636939, 57.9360487 ], [ 56.3641104, 57.9376358 ], [ 56.3641767, 57.9378883 ], [ 56.3649063, 57.9404683 ], [ 56.3653676, 57.9422791 ], [ 56.3660221, 57.9445967 ], [ 56.3666444, 57.9469085 ], [ 56.3654213, 57.948275 ], [ 56.3636403, 57.9502791 ], [ 56.3621382, 57.9519529 ], [ 56.3601212, 57.9542528 ], [ 56.3587694, 57.955807 ], [ 56.3569777, 57.9578163 ], [ 56.3554756, 57.9595922 ], [ 56.3536571, 57.9616327 ], [ 56.3520531, 57.9633656 ], [ 56.3503794, 57.9653064 ], [ 56.3486736, 57.9671899 ], [ 56.3472574, 57.968789 ], [ 56.3460986, 57.9700977 ], [ 56.3443713, 57.972021 ], [ 56.3451223, 57.9739725 ], [ 56.3459806, 57.9760605 ], [ 56.3467102, 57.9780006 ], [ 56.3474505, 57.9797981 ], [ 56.3484053, 57.9822784 ], [ 56.3491134, 57.9840644 ], [ 56.3498537, 57.9859242 ] ] } },
{ "type": "Feature", "properties": { "full_id": "w54363346", "osm_id": "54363346", "osm_type": "way", "power": "line", "ref": null, "frequency": null, "circuits:design": null, "layer": null, "name": null, "wires": "single", "voltage": "110000", "circuits": "1", "cables": "3", "POI_CODE": 1 }, "geometry": { "type": "LineString", "coordinates": [ [ 56.4398314, 57.9406902 ], [ 56.4367308, 57.9412938 ], [ 56.4337589, 57.9418633 ], [ 56.4304222, 57.9424555 ], [ 56.4273216, 57.9430534 ], [ 56.4242102, 57.94364 ], [ 56.4212705, 57.9441866 ], [ 56.4183415, 57.9447561 ], [ 56.4167362, 57.945054 ], [ 56.4165558, 57.9450875 ], [ 56.4150585, 57.9453653 ], [ 56.4117004, 57.9459917 ], [ 56.4086319, 57.9465781 ], [ 56.4053274, 57.9471988 ], [ 56.4024843, 57.9477568 ], [ 56.3992871, 57.9483945 ], [ 56.3961436, 57.9490037 ], [ 56.3933863, 57.9494876 ], [ 56.3905109, 57.9500513 ], [ 56.3875069, 57.9501139 ], [ 56.3843418, 57.9501993 ], [ 56.3820995, 57.9497324 ], [ 56.3790633, 57.9490834 ], [ 56.3764776, 57.948588 ], [ 56.3734092, 57.9479503 ], [ 56.3708986, 57.9474322 ], [ 56.3690798, 57.9470964 ], [ 56.3680928, 57.9468629 ], [ 56.3674919, 57.9468402 ], [ 56.3663224, 57.9467662 ], [ 56.3666444, 57.9469085 ] ] } },
{ "type": "Feature", "properties": { "full_id": "w54363497", "osm_id": "54363497", "osm_type": "way", "power": "line", "ref": null, "frequency": null, "circuits:design": null, "layer": null, "name": null, "wires": "single", "voltage": "110000", "circuits": "1", "cables": "3", "POI_CODE": 1 }, "geometry": { "type": "LineString", "coordinates": [ [ 56.4406039, 57.9415842 ], [ 56.4378144, 57.9421082 ], [ 56.4349605, 57.9426264 ], [ 56.4323319, 57.9431275 ], [ 56.4292528, 57.9436969 ], [ 56.4266135, 57.9442151 ], [ 56.4236523, 57.9447731 ], [ 56.4207662, 57.9452913 ], [ 56.4178587, 57.9458322 ], [ 56.4148332, 57.9464073 ], [ 56.4120437, 57.9469141 ], [ 56.4115516, 57.9464069 ], [ 56.4113432, 57.946192 ], [ 56.4110334, 57.9458727 ], [ 56.41037, 57.9451888 ], [ 56.4076985, 57.9456614 ], [ 56.4049734, 57.9461796 ], [ 56.4032031, 57.946544 ], [ 56.4006497, 57.9470906 ], [ 56.3978816, 57.9456785 ], [ 56.3951029, 57.9443518 ], [ 56.3928391, 57.9432698 ], [ 56.3897599, 57.9417836 ], [ 56.386906, 57.9403826 ], [ 56.3843633, 57.9391298 ], [ 56.3811876, 57.9376205 ], [ 56.3777758, 57.9359632 ], [ 56.3749648, 57.9346759 ], [ 56.3725294, 57.9334627 ], [ 56.3696592, 57.9320788 ], [ 56.3663332, 57.9304495 ], [ 56.3634957, 57.9291164 ], [ 56.362664, 57.9291507 ], [ 56.3620417, 57.9291849 ], [ 56.3614758, 57.9292149 ], [ 56.3610117, 57.9274644 ], [ 56.3605289, 57.9258066 ], [ 56.3600032, 57.9239322 ], [ 56.359499, 57.922109 ], [ 56.3590054, 57.9203826 ], [ 56.3584746, 57.9186515 ], [ 56.3565132, 57.918237 ], [ 56.3515417, 57.917207 ], [ 56.3490701, 57.9166984 ], [ 56.3446578, 57.9165054 ], [ 56.3357288, 57.9161927 ], [ 56.3314238, 57.9160232 ], [ 56.3243401, 57.9157525 ], [ 56.3180342, 57.9155245 ], [ 56.3168487, 57.915751 ], [ 56.3155317, 57.9159249 ], [ 56.3142174, 57.9174264 ], [ 56.3129461, 57.9188995 ], [ 56.3116264, 57.9204095 ], [ 56.3087661, 57.9199909 ], [ 56.3090783, 57.9194992 ] ] } },
{ "type": "Feature", "properties": { "full_id": "w54364396", "osm_id": "54364396", "osm_type": "way", "power": "line", "ref": null, "frequency": null, "circuits:design": null, "layer": null, "name": "Владимирская - Красноуфимская 220кВ", "wires": null, "voltage": "220000", "circuits": "1", "cables": "3", "POI_CODE": 1 }, "geometry": { "type": "LineString", "coordinates": [ [ 56.3846423, 57.8735138 ], [ 56.3822175, 57.8767886 ], [ 56.379589, 57.8802856 ], [ 56.3770999, 57.8836225 ], [ 56.3745357, 57.8870333 ], [ 56.3721753, 57.8901643 ], [ 56.3696648, 57.8935288 ], [ 56.3671972, 57.8968588 ], [ 56.364751, 57.9000858 ], [ 56.3622404, 57.9034266 ], [ 56.3614613, 57.9044651 ], [ 56.3597514, 57.9067443 ], [ 56.3571979, 57.910113 ], [ 56.3572984, 57.9135427 ] ] } },
{ "type": "Feature", "properties": { "full_id": "w54364527", "osm_id": "54364527", "osm_type": "way", "power": "line", "ref": null, "frequency": null, "circuits:design": null, "layer": null, "name": "Владимирская - Ирень 220кВ", "wires": null, "voltage": "220000", "circuits": "1", "cables": "3", "POI_CODE": 1 }, "geometry": { "type": "LineString", "coordinates": [ [ 56.3572984, 57.9135427 ], [ 56.3578738, 57.9101814 ], [ 56.36032, 57.9069381 ], [ 56.3618719, 57.9048732 ], [ 56.3627662, 57.9036832 ], [ 56.3651909, 57.9004507 ], [ 56.3676478, 57.8971781 ], [ 56.3700725, 57.8939679 ], [ 56.3725079, 57.8906547 ], [ 56.3749756, 57.8873755 ], [ 56.3775612, 57.8839305 ], [ 56.380104, 57.8805194 ], [ 56.3827003, 57.8770795 ], [ 56.3851787, 57.8737534 ] ] } },
{ "type": "Feature", "properties": { "full_id": "w54367781", "osm_id": "54367781", "osm_type": "way", "power": "line", "ref": null, "frequency": null, "circuits:design": null, "layer": null, "name": null, "wires": null, "voltage": "220000", "circuits": "2", "cables": "6", "POI_CODE": 1 }, "geometry": { "type": "LineString", "coordinates": [ [ 56.307433, 57.9169452 ], [ 56.3067089, 57.9166174 ], [ 56.3025605, 57.9176148 ], [ 56.2985916, 57.9185934 ], [ 56.2948365, 57.919413 ], [ 56.2944577, 57.9227419 ], [ 56.2942108, 57.9252945 ], [ 56.293964, 57.9276303 ], [ 56.2937925, 57.9298234 ], [ 56.2924083, 57.9305583 ], [ 56.2869095, 57.9307192 ], [ 56.2825461, 57.9307984 ], [ 56.2777208, 57.9295044 ], [ 56.273397, 57.9284164 ], [ 56.2714872, 57.928707 ], [ 56.2689768, 57.9292652 ], [ 56.2629472, 57.9294702 ], [ 56.2572393, 57.9296924 ], [ 56.2517569, 57.9299658 ], [ 56.2468003, 57.930188 ], [ 56.2448153, 57.9321703 ], [ 56.243373, 57.9336059 ], [ 56.2382258, 57.9335674 ], [ 56.2364179, 57.9331544 ], [ 56.2304742, 57.9318229 ], [ 56.2262899, 57.9299302 ], [ 56.2211186, 57.9286827 ], [ 56.2140805, 57.9269052 ], [ 56.2076003, 57.9253157 ], [ 56.2012381, 57.9237091 ], [ 56.194715, 57.9221366 ], [ 56.1907238, 57.9210996 ], [ 56.1856169, 57.9198459 ] ] } },
{ "type": "Feature", "properties": { "full_id": "w54369010", "osm_id": "54369010", "osm_type": "way", "power": "line", "ref": null, "frequency": null, "circuits:design": null, "layer": null, "name": "Владимирская - Красноуфимская 220кВ", "wires": null, "voltage": "220000", "circuits": "2", "cables": "3", "POI_CODE": 1 }, "geometry": { "type": "LineString", "coordinates": [ [ 56.3514802, 57.9146941 ], [ 56.345166, 57.9144422 ], [ 56.3408051, 57.914301 ], [ 56.3359878, 57.9141185 ], [ 56.3313828, 57.913955 ], [ 56.3266108, 57.9137539 ], [ 56.3207636, 57.91356 ] ] } },
{ "type": "Feature", "properties": { "full_id": "w54369259", "osm_id": "54369259", "osm_type": "way", "power": "line", "ref": null, "frequency": null, "circuits:design": null, "layer": null, "name": null, "wires": null, "voltage": "220000", "circuits": "2", "cables": "6", "POI_CODE": 1 }, "geometry": { "type": "LineString", "coordinates": [ [ 56.3563316, 57.915672 ], [ 56.3525576, 57.9154115 ], [ 56.3477037, 57.9152013 ], [ 56.3406334, 57.9149506 ], [ 56.3337562, 57.914677 ], [ 56.3268499, 57.9144318 ], [ 56.3203022, 57.9141869 ], [ 56.3162575, 57.9140559 ], [ 56.3126311, 57.9155718 ], [ 56.3089726, 57.917139 ] ] } },
{ "type": "Feature", "properties": { "full_id": "w54369297", "osm_id": "54369297", "osm_type": "way", "power": "line", "ref": null, "frequency": null, "circuits:design": null, "layer": null, "name": null, "wires": null, "voltage": "220000", "circuits": "2", "cables": "6", "POI_CODE": 1 }, "geometry": { "type": "LineString", "coordinates": [ [ 56.3558461, 57.915835 ], [ 56.3506143, 57.9156741 ], [ 56.3430367, 57.9153838 ], [ 56.3357089, 57.9151159 ], [ 56.3287351, 57.9148481 ], [ 56.3212387, 57.9145856 ], [ 56.3164935, 57.9144035 ] ] } },
{ "type": "Feature", "properties": { "full_id": "w54370074", "osm_id": "54370074", "osm_type": "way", "power": "line", "ref": null, "frequency": null, "circuits:design": null, "layer": null, "name": null, "wires": null, "voltage": "110000", "circuits": "2", "cables": "6", "POI_CODE": 1 }, "geometry": { "type": "LineString", "coordinates": [ [ 56.306387, 57.919555 ], [ 56.3057568, 57.9211684 ], [ 56.3051785, 57.9227289 ], [ 56.3025711, 57.9229458 ], [ 56.2997668, 57.923182 ], [ 56.2992054, 57.9251057 ], [ 56.2986732, 57.9269072 ], [ 56.2985509, 57.9273212 ], [ 56.2980441, 57.929031 ], [ 56.3003072, 57.9292731 ], [ 56.3026688, 57.9295174 ], [ 56.3020344, 57.9313688 ], [ 56.3014014, 57.9331346 ], [ 56.3005967, 57.935225 ], [ 56.3001461, 57.9364381 ], [ 56.2992664, 57.9387105 ], [ 56.2982149, 57.9388245 ], [ 56.2947924, 57.9375373 ], [ 56.2931188, 57.9368767 ], [ 56.2902649, 57.9357774 ], [ 56.2876792, 57.9348156 ], [ 56.2846249, 57.9336086 ], [ 56.2818715, 57.932548 ], [ 56.2789067, 57.9314125 ], [ 56.276487, 57.93045 ], [ 56.2757053, 57.9301413 ], [ 56.272088, 57.9287126 ], [ 56.2714655, 57.9284682 ], [ 56.2698171, 57.9278465 ], [ 56.2674102, 57.9279679 ], [ 56.2652001, 57.9280517 ], [ 56.2629146, 57.9281636 ], [ 56.2587306, 57.9283366 ], [ 56.2554268, 57.9284277 ], [ 56.2518105, 57.92861 ], [ 56.2483772, 57.9287695 ], [ 56.2456843, 57.9282966 ], [ 56.2427553, 57.927784 ], [ 56.2396762, 57.9272656 ], [ 56.2350312, 57.9279776 ], [ 56.2320593, 57.9283935 ], [ 56.2292806, 57.9288093 ], [ 56.2264374, 57.9292024 ], [ 56.2237123, 57.9285131 ], [ 56.2203113, 57.9277042 ], [ 56.2170819, 57.9268838 ], [ 56.213874, 57.9260919 ], [ 56.2109772, 57.9253798 ], [ 56.2077693, 57.9245935 ], [ 56.2046472, 57.9237845 ], [ 56.2015573, 57.9230438 ], [ 56.1983628, 57.922279 ], [ 56.1953158, 57.921487 ], [ 56.1922688, 57.9207177 ], [ 56.1888999, 57.9198973 ], [ 56.1861748, 57.9192305 ], [ 56.1853916, 57.9190312 ], [ 56.1845547, 57.918826 ], [ 56.1838359, 57.9186438 ], [ 56.1799843, 57.917675 ], [ 56.1807246, 57.9160224 ], [ 56.1813708, 57.9144993 ], [ 56.1821944, 57.9127853 ], [ 56.1829454, 57.9111326 ], [ 56.1837179, 57.9094854 ], [ 56.1844582, 57.9078209 ], [ 56.185177, 57.9062591 ], [ 56.1859388, 57.9045718 ], [ 56.1868293, 57.9026791 ], [ 56.1876353, 57.9007804 ], [ 56.1885037, 57.8988742 ], [ 56.1895249, 57.896699 ], [ 56.1871706, 57.8956052 ], [ 56.1861048, 57.895072 ] ] } },
{ "type": "Feature", "properties": { "full_id": "w54370701", "osm_id": "54370701", "osm_type": "way", "power": "line", "ref": null, "frequency": null, "circuits:design": null, "layer": null, "name": null, "wires": null, "voltage": "110000", "circuits": "2", "cables": "6", "POI_CODE": 1 }, "geometry": { "type": "LineString", "coordinates": [ [ 56.1589282, 57.9130265 ], [ 56.1610407, 57.9135589 ], [ 56.1635772, 57.9141088 ], [ 56.1658302, 57.9146901 ], [ 56.1684141, 57.9153649 ], [ 56.1705471, 57.9159066 ], [ 56.1726844, 57.9164719 ], [ 56.1746629, 57.9169403 ], [ 56.1761112, 57.9172248 ], [ 56.1796195, 57.918108 ], [ 56.1815614, 57.9185868 ], [ 56.1832351, 57.9190198 ], [ 56.1842973, 57.9192591 ], [ 56.1849946, 57.919561 ], [ 56.1858422, 57.9196637 ], [ 56.1877305, 57.9201308 ], [ 56.1913461, 57.921014 ], [ 56.1946506, 57.9218288 ], [ 56.1982018, 57.9227292 ], [ 56.201922, 57.9236421 ], [ 56.2054196, 57.9245024 ], [ 56.2090782, 57.9254196 ], [ 56.2127689, 57.9263255 ], [ 56.2162021, 57.9271857 ], [ 56.2195603, 57.9280346 ], [ 56.223369, 57.9289632 ], [ 56.2237548, 57.9290529 ], [ 56.2255255, 57.9294645 ], [ 56.2275264, 57.9300612 ], [ 56.2294522, 57.9299743 ], [ 56.2323222, 57.929859 ], [ 56.2347496, 57.929755 ], [ 56.237051, 57.929661 ], [ 56.2388232, 57.9296027 ], [ 56.2404321, 57.9295128 ], [ 56.2425274, 57.9294261 ], [ 56.2463817, 57.9292652 ], [ 56.2499329, 57.9291455 ], [ 56.2535271, 57.929003 ], [ 56.2574538, 57.9288264 ], [ 56.2614664, 57.9286441 ], [ 56.2650177, 57.9285018 ], [ 56.2680647, 57.9283936 ], [ 56.2694272, 57.9289461 ], [ 56.2700388, 57.9292139 ], [ 56.2732467, 57.9305127 ], [ 56.2745985, 57.9311051 ], [ 56.2760284, 57.9320149 ], [ 56.279043, 57.932736 ], [ 56.2816529, 57.9340319 ], [ 56.2834413, 57.9347482 ], [ 56.2864025, 57.9359369 ], [ 56.2894817, 57.9372469 ], [ 56.2935372, 57.9390636 ], [ 56.296552, 57.94014 ], [ 56.2994058, 57.9396218 ], [ 56.3001354, 57.9376285 ], [ 56.3008435, 57.9357148 ], [ 56.3013156, 57.9344959 ], [ 56.301734, 57.9333054 ], [ 56.302249, 57.931927 ], [ 56.3029116, 57.9300469 ], [ 56.3031706, 57.9293431 ], [ 56.3008765, 57.9291027 ], [ 56.2985343, 57.9288463 ], [ 56.2989975, 57.9272715 ], [ 56.2997147, 57.9248737 ], [ 56.3001461, 57.923364 ], [ 56.3029015, 57.9231285 ], [ 56.3055553, 57.9229071 ], [ 56.3059886, 57.9217153 ], [ 56.3067947, 57.9196064 ] ] } },
{ "type": "Feature", "properties": { "full_id": "w54371479", "osm_id": "54371479", "osm_type": "way", "power": "line", "ref": null, "frequency": null, "circuits:design": null, "layer": null, "name": null, "wires": null, "voltage": "110000", "circuits": "2", "cables": "6", "POI_CODE": 1 }, "geometry": { "type": "LineString", "coordinates": [ [ 56.2819183, 57.993051 ], [ 56.2913382, 57.9897612 ] ] } },
{ "type": "Feature", "properties": { "full_id": "w54372277", "osm_id": "54372277", "osm_type": "way", "power": "line", "ref": null, "frequency": null, "circuits:design": null, "layer": null, "name": null, "wires": null, "voltage": "110000", "circuits": "2", "cables": "6", "POI_CODE": 1 }, "geometry": { "type": "LineString", "coordinates": [ [ 56.2806112, 57.9604857 ], [ 56.281638, 57.9603583 ], [ 56.2840677, 57.9611523 ], [ 56.2860324, 57.9617734 ], [ 56.2876762, 57.9622765 ], [ 56.2895252, 57.9606685 ], [ 56.2907584, 57.9590591 ], [ 56.2936779, 57.9574273 ], [ 56.295699, 57.9562587 ], [ 56.2975497, 57.95516 ], [ 56.2985529, 57.9545936 ], [ 56.300232, 57.9536401 ], [ 56.3018306, 57.9527179 ], [ 56.303397, 57.9518354 ], [ 56.3067336, 57.9512946 ], [ 56.3102634, 57.950674 ], [ 56.3118298, 57.9491767 ], [ 56.3112934, 57.947833 ], [ 56.3107033, 57.9462786 ], [ 56.3071413, 57.9448038 ], [ 56.3047166, 57.9438301 ], [ 56.302882, 57.9430671 ], [ 56.302485, 57.942361 ], [ 56.3014872, 57.9407038 ], [ 56.3008542, 57.9397357 ], [ 56.300468, 57.9390238 ], [ 56.3009508, 57.9377025 ], [ 56.301498, 57.9361647 ], [ 56.3020237, 57.9348718 ], [ 56.3025387, 57.933482 ], [ 56.3032253, 57.9316308 ], [ 56.3037727, 57.9301157 ], [ 56.3040838, 57.9291419 ] ] } },
{ "type": "Feature", "properties": { "full_id": "w54372686", "osm_id": "54372686", "osm_type": "way", "power": "line", "ref": null, "frequency": null, "circuits:design": null, "layer": null, "name": null, "wires": null, "voltage": "110000", "circuits": "2", "cables": "6", "POI_CODE": 1 }, "geometry": { "type": "LineString", "coordinates": [ [ 56.2642033, 57.9739757 ], [ 56.2662302, 57.9736863 ], [ 56.2678524, 57.9738944 ], [ 56.2695904, 57.9732259 ], [ 56.2704058, 57.9724612 ], [ 56.2711568, 57.9717215 ], [ 56.2740402, 57.9714355 ], [ 56.2757488, 57.9712492 ], [ 56.2781735, 57.9709932 ], [ 56.2815719, 57.9706304 ], [ 56.2846108, 57.9703445 ], [ 56.2878509, 57.9693601 ], [ 56.2907691, 57.9685236 ], [ 56.2927057, 57.9683501 ], [ 56.2952001, 57.9680399 ], [ 56.2974961, 57.9677952 ], [ 56.3010259, 57.9674424 ], [ 56.3041587, 57.9670896 ], [ 56.3079889, 57.9666571 ], [ 56.3115938, 57.9662758 ], [ 56.3150485, 57.9659002 ], [ 56.3185032, 57.9655246 ], [ 56.3178487, 57.9638686 ], [ 56.3171943, 57.962127 ], [ 56.3165398, 57.9604366 ], [ 56.3159068, 57.9587348 ], [ 56.3152309, 57.9569987 ], [ 56.3147803, 57.9558033 ], [ 56.3140614, 57.9538906 ], [ 56.3132245, 57.951807 ], [ 56.3125965, 57.9501152 ], [ 56.3125165, 57.9498997 ], [ 56.3118513, 57.9480835 ], [ 56.311111, 57.9461476 ], [ 56.3078494, 57.9448095 ], [ 56.304781, 57.943591 ], [ 56.3032575, 57.942919 ], [ 56.3029356, 57.9423553 ], [ 56.3019486, 57.9405899 ], [ 56.3009401, 57.9388245 ], [ 56.3017877, 57.9366432 ], [ 56.3023348, 57.9352136 ], [ 56.3030537, 57.9332599 ], [ 56.3037296, 57.9313688 ], [ 56.3042665, 57.9298922 ], [ 56.3044686, 57.9287482 ], [ 56.3032324, 57.928619 ] ] } },
{ "type": "Feature", "properties": { "full_id": "w54453843", "osm_id": "54453843", "osm_type": "way", "power": "line", "ref": null, "frequency": null, "circuits:design": null, "layer": null, "name": null, "wires": null, "voltage": "110000", "circuits": "1", "cables": "3", "POI_CODE": 1 }, "geometry": { "type": "LineString", "coordinates": [ [ 56.4272901, 58.0468116 ], [ 56.4270976, 58.0469918 ], [ 56.4276753, 58.046892 ], [ 56.428986, 58.0463821 ], [ 56.430929, 58.0461912 ], [ 56.4329513, 58.0459656 ], [ 56.4344367, 58.0464089 ], [ 56.4376472, 58.0473153 ] ] } },
{ "type": "Feature", "properties": { "full_id": "w54454724", "osm_id": "54454724", "osm_type": "way", "power": "line", "ref": null, "frequency": null, "circuits:design": null, "layer": null, "name": null, "wires": null, "voltage": "220000", "circuits": "1", "cables": "3", "POI_CODE": 1 }, "geometry": { "type": "LineString", "coordinates": [ [ 56.3498713, 58.113483 ], [ 56.3509228, 58.113483 ], [ 56.3547851, 58.1119245 ], [ 56.3586583, 58.1104055 ], [ 56.3623972, 58.1089857 ], [ 56.3653988, 58.1080645 ], [ 56.3689901, 58.1069196 ], [ 56.3740971, 58.1053664 ], [ 56.379955, 58.1036034 ], [ 56.383356, 58.1025547 ], [ 56.3885595, 58.1009446 ], [ 56.3936021, 58.0994592 ], [ 56.3987734, 58.0978717 ], [ 56.4025499, 58.0963634 ], [ 56.4064659, 58.0948495 ], [ 56.4124526, 58.0925132 ], [ 56.4174201, 58.0905511 ], [ 56.4229776, 58.0883734 ], [ 56.4239218, 58.0841706 ], [ 56.4246835, 58.0806595 ], [ 56.4254989, 58.0769324 ], [ 56.4261641, 58.0738233 ], [ 56.4267542, 58.0711963 ], [ 56.4272906, 58.068728 ], [ 56.42787, 58.0660268 ], [ 56.4285888, 58.0628203 ], [ 56.4288141, 58.0617023 ], [ 56.429608, 58.0581321 ], [ 56.4303906, 58.0545427 ], [ 56.4308498, 58.0523002 ] ] } },
{ "type": "Feature", "properties": { "full_id": "w54455334", "osm_id": "54455334", "osm_type": "way", "power": "line", "ref": null, "frequency": null, "circuits:design": null, "layer": null, "name": null, "wires": null, "voltage": "220000", "circuits": "1", "cables": "3", "POI_CODE": 1 }, "geometry": { "type": "LineString", "coordinates": [ [ 56.4302061, 58.0521696 ], [ 56.4297432, 58.0543914 ], [ 56.4288785, 58.0583705 ], [ 56.4282991, 58.0611006 ], [ 56.4273657, 58.0653118 ], [ 56.426958, 58.0671902 ], [ 56.4264001, 58.0697097 ], [ 56.4254989, 58.073846 ], [ 56.424705, 58.07746 ], [ 56.4238896, 58.0812891 ], [ 56.4232244, 58.0842784 ], [ 56.4223768, 58.0881635 ], [ 56.4167227, 58.0904037 ], [ 56.4120879, 58.0922524 ], [ 56.4062621, 58.0944866 ], [ 56.4021637, 58.0960913 ], [ 56.3984515, 58.0975485 ], [ 56.3931729, 58.0991814 ], [ 56.3882269, 58.1006328 ], [ 56.3830127, 58.1022372 ], [ 56.378174, 58.1036941 ], [ 56.3740219, 58.1049866 ], [ 56.3686039, 58.1066475 ], [ 56.3649998, 58.1077463 ], [ 56.3621799, 58.1086568 ], [ 56.3588406, 58.1099238 ], [ 56.35471, 58.1115164 ], [ 56.3505473, 58.11316 ], [ 56.3498392, 58.1132223 ] ] } },
{ "type": "Feature", "properties": { "full_id": "w54455464", "osm_id": "54455464", "osm_type": "way", "power": "line", "ref": null, "frequency": null, "circuits:design": null, "layer": null, "name": null, "wires": null, "voltage": "110000", "circuits": "1", "cables": "3", "POI_CODE": 1 }, "geometry": { "type": "LineString", "coordinates": [ [ 56.3752967, 58.1068339 ], [ 56.3750339, 58.1067234 ], [ 56.3739234, 58.1060758 ], [ 56.3734594, 58.105815 ], [ 56.373623, 58.1049349 ], [ 56.3738027, 58.1044127 ], [ 56.3737618, 58.1042285 ] ] } },
{ "type": "Feature", "properties": { "full_id": "w54458461", "osm_id": "54458461", "osm_type": "way", "power": "line", "ref": null, "frequency": null, "circuits:design": null, "layer": "2", "name": null, "wires": null, "voltage": "110000", "circuits": "1", "cables": "3", "POI_CODE": 1 }, "geometry": { "type": "LineString", "coordinates": [ [ 56.3238539, 58.1137829 ], [ 56.3254754, 58.1139919 ] ] } },
{ "type": "Feature", "properties": { "full_id": "w54458463", "osm_id": "54458463", "osm_type": "way", "power": "line", "ref": null, "frequency": null, "circuits:design": null, "layer": null, "name": null, "wires": null, "voltage": "110000", "circuits": "1", "cables": "3", "POI_CODE": 1 }, "geometry": { "type": "LineString", "coordinates": [ [ 56.3238178, 58.1135897 ], [ 56.3254754, 58.1139919 ] ] } },
{ "type": "Feature", "properties": { "full_id": "w54458465", "osm_id": "54458465", "osm_type": "way", "power": "line", "ref": null, "frequency": null, "circuits:design": "4", "layer": null, "name": null, "wires": null, "voltage": "110000", "circuits": "2", "cables": "6", "POI_CODE": 1 }, "geometry": { "type": "LineString", "coordinates": [ [ 56.3254754, 58.1139919 ], [ 56.327092, 58.114054 ], [ 56.3287664, 58.1141291 ], [ 56.3304273, 58.1142084 ], [ 56.3320792, 58.1142735 ], [ 56.3346098, 58.1142618 ], [ 56.3371147, 58.1142411 ], [ 56.3377807, 58.1142429 ], [ 56.3397352, 58.1142482 ], [ 56.3412853, 58.1133327 ], [ 56.3427882, 58.1123772 ], [ 56.3451267, 58.1122912 ] ] } },
{ "type": "Feature", "properties": { "full_id": "w54458466", "osm_id": "54458466", "osm_type": "way", "power": "line", "ref": null, "frequency": null, "circuits:design": null, "layer": null, "name": null, "wires": null, "voltage": "220000", "circuits": "2", "cables": "6", "POI_CODE": 1 }, "geometry": { "type": "LineString", "coordinates": [ [ 56.3304075, 58.1143111 ], [ 56.3320524, 58.1143869 ], [ 56.3346164, 58.1144115 ], [ 56.337096, 58.1144055 ], [ 56.3397004, 58.1143912 ], [ 56.3428908, 58.1143087 ], [ 56.3454403, 58.1142028 ] ] } },
{ "type": "Feature", "properties": { "full_id": "w54460184", "osm_id": "54460184", "osm_type": "way", "power": "line", "ref": null, "frequency": null, "circuits:design": null, "layer": null, "name": null, "wires": null, "voltage": "220000", "circuits": "2", "cables": "6", "POI_CODE": 1 }, "geometry": { "type": "LineString", "coordinates": [ [ 56.5280223, 58.0746904 ], [ 56.5251684, 58.0738792 ], [ 56.5191764, 58.0721969 ], [ 56.5137368, 58.0714195 ], [ 56.5127928, 58.0698449 ], [ 56.5087641, 58.0686703 ], [ 56.5064089, 58.0679752 ], [ 56.5034533, 58.0671126 ], [ 56.5019606, 58.0666852 ], [ 56.5007282, 58.0663324 ], [ 56.4971125, 58.0652484 ], [ 56.494727, 58.0645492 ], [ 56.4903106, 58.0632479 ], [ 56.4873977, 58.0623768 ] ] } },
{ "type": "Feature", "properties": { "full_id": "w54460200", "osm_id": "54460200", "osm_type": "way", "power": "line", "ref": null, "frequency": null, "circuits:design": null, "layer": null, "name": null, "wires": null, "voltage": "220000", "circuits": "2", "cables": "6", "POI_CODE": 1 }, "geometry": { "type": "LineString", "coordinates": [ [ 56.4873977, 58.0623768 ], [ 56.4801127, 58.060254 ], [ 56.4760197, 58.0590621 ], [ 56.473713, 58.0584066 ], [ 56.4712132, 58.0576742 ], [ 56.4684504, 58.0568596 ], [ 56.4649851, 58.0558322 ], [ 56.463027, 58.0552419 ], [ 56.4601624, 58.054413 ], [ 56.4570832, 58.0534907 ], [ 56.452105, 58.0520344 ] ] } },
{ "type": "Feature", "properties": { "full_id": "w54460489", "osm_id": "54460489", "osm_type": "way", "power": "line", "ref": null, "frequency": null, "circuits:design": null, "layer": null, "name": null, "wires": "single", "voltage": "110000", "circuits": "1", "cables": "3", "POI_CODE": 1 }, "geometry": { "type": "LineString", "coordinates": [ [ 56.3666444, 57.9469085 ], [ 56.3667516, 57.9470622 ], [ 56.3673309, 57.9471989 ], [ 56.3678781, 57.9473412 ], [ 56.3682966, 57.9472672 ], [ 56.3718749, 57.9479333 ], [ 56.3732482, 57.9481952 ], [ 56.3762952, 57.9488044 ], [ 56.3789667, 57.949351 ], [ 56.38196, 57.9499715 ], [ 56.3841702, 57.9504327 ], [ 56.3873888, 57.9503359 ], [ 56.3904573, 57.9502733 ], [ 56.3934077, 57.9497267 ], [ 56.396326, 57.9491802 ], [ 56.3993408, 57.948588 ], [ 56.4025272, 57.9479845 ], [ 56.4054991, 57.9474607 ], [ 56.4087285, 57.9468344 ], [ 56.4117218, 57.9462707 ], [ 56.4151336, 57.9456216 ], [ 56.4185239, 57.9449838 ], [ 56.4214636, 57.9444258 ], [ 56.4243497, 57.9438677 ], [ 56.4274932, 57.943304 ], [ 56.4307333, 57.9427004 ], [ 56.4340164, 57.9420683 ], [ 56.4369239, 57.9415216 ], [ 56.4400567, 57.9409464 ] ] } },
{ "type": "Feature", "properties": { "full_id": "w54460490", "osm_id": "54460490", "osm_type": "way", "power": "line", "ref": null, "frequency": null, "circuits:design": null, "layer": null, "name": null, "wires": "single", "voltage": "110000", "circuits": "1", "cables": "3", "POI_CODE": 1 }, "geometry": null },
{ "type": "Feature", "properties": { "full_id": "w54679039", "osm_id": "54679039", "osm_type": "way", "power": "line", "ref": null, "frequency": null, "circuits:design": null, "layer": null, "name": null, "wires": "single", "voltage": "110000", "circuits": "2", "cables": "6", "POI_CODE": 1 }, "geometry": { "type": "LineString", "coordinates": [ [ 56.2819183, 57.993051 ], [ 56.2806241, 57.9961031 ], [ 56.280549, 57.9977918 ], [ 56.2813215, 58.0000604 ], [ 56.2815253, 58.0012543 ], [ 56.2825338, 58.003011 ], [ 56.2825545, 58.0034571 ], [ 56.2825767, 58.0039376 ], [ 56.2826304, 58.005228 ], [ 56.2813246, 58.007122 ], [ 56.2806345, 58.007399 ], [ 56.2774089, 58.0086763 ], [ 56.2770691, 58.0090284 ], [ 56.2763818, 58.0097187 ], [ 56.2747244, 58.0123327 ], [ 56.272629, 58.0156371 ], [ 56.2703432, 58.0177923 ], [ 56.2697677, 58.0183061 ], [ 56.2677387, 58.0202087 ], [ 56.2641921, 58.0201398 ], [ 56.2615159, 58.0200649 ] ] } },
{ "type": "Feature", "properties": { "full_id": "w54681196", "osm_id": "54681196", "osm_type": "way", "power": "line", "ref": null, "frequency": null, "circuits:design": null, "layer": null, "name": null, "wires": null, "voltage": "35000", "circuits": "1", "cables": "3", "POI_CODE": 1 }, "geometry": { "type": "LineString", "coordinates": [ [ 56.2923135, 57.9887033 ], [ 56.2929768, 57.9885374 ], [ 56.294356, 57.9881603 ] ] } },
{ "type": "Feature", "properties": { "full_id": "w54683305", "osm_id": "54683305", "osm_type": "way", "power": "line", "ref": null, "frequency": null, "circuits:design": null, "layer": null, "name": null, "wires": null, "voltage": "110000", "circuits": "2", "cables": "6", "POI_CODE": 1 }, "geometry": { "type": "LineString", "coordinates": [ [ 56.2130679, 57.9797762 ], [ 56.212618, 57.9801831 ], [ 56.2108073, 57.9819091 ], [ 56.2089727, 57.9836838 ], [ 56.2072668, 57.9853389 ], [ 56.2093257, 57.9866479 ], [ 56.2102154, 57.9875193 ] ] } },
{ "type": "Feature", "properties": { "full_id": "w54683306", "osm_id": "54683306", "osm_type": "way", "power": "line", "ref": null, "frequency": null, "circuits:design": null, "layer": null, "name": null, "wires": null, "voltage": "110000", "circuits": "2", "cables": "6", "POI_CODE": 1 }, "geometry": { "type": "LineString", "coordinates": [ [ 56.2606884, 57.9698535 ], [ 56.2596557, 57.9696316 ], [ 56.2591713, 57.9684698 ], [ 56.258626, 57.9674019 ], [ 56.2581764, 57.9669956 ], [ 56.2549753, 57.967216 ], [ 56.2548728, 57.9658474 ], [ 56.2535697, 57.965767 ], [ 56.2515769, 57.9659385 ], [ 56.249871, 57.9660694 ], [ 56.2475857, 57.966223 ], [ 56.2456653, 57.9663368 ], [ 56.2461266, 57.9681521 ], [ 56.244807, 57.9683627 ], [ 56.2431011, 57.9685334 ], [ 56.2412921, 57.968743 ], [ 56.2390241, 57.9690057 ], [ 56.2365887, 57.9692959 ], [ 56.2338743, 57.9697568 ], [ 56.2333059, 57.9707848 ], [ 56.2311706, 57.97102 ] ] } },
{ "type": "Feature", "properties": { "full_id": "w54683729", "osm_id": "54683729", "osm_type": "way", "power": "line", "ref": null, "frequency": null, "circuits:design": null, "layer": null, "name": null, "wires": null, "voltage": "110000", "circuits": "2", "cables": "6", "POI_CODE": 1 }, "geometry": { "type": "LineString", "coordinates": [ [ 56.1859593, 57.9729375 ], [ 56.1849561, 57.9742433 ] ] } },
{ "type": "Feature", "properties": { "full_id": "w54684949", "osm_id": "54684949", "osm_type": "way", "power": "line", "ref": null, "frequency": null, "circuits:design": null, "layer": null, "name": null, "wires": null, "voltage": "110000", "circuits": "2", "cables": "6", "POI_CODE": 1 }, "geometry": { "type": "LineString", "coordinates": [ [ 56.2343274, 57.9838014 ], [ 56.2358463, 57.9835891 ], [ 56.237166, 57.983429 ], [ 56.2409019, 57.9824702 ], [ 56.243104, 57.981937 ] ] } },
{ "type": "Feature", "properties": { "full_id": "w54685015", "osm_id": "54685015", "osm_type": "way", "power": "line", "ref": null, "frequency": null, "circuits:design": null, "layer": null, "name": null, "wires": null, "voltage": "110000", "circuits": "2", "cables": "6", "POI_CODE": 1 }, "geometry": { "type": "LineString", "coordinates": [ [ 56.3031648, 57.9287933 ], [ 56.3038328, 57.9288618 ], [ 56.3033931, 57.9299967 ], [ 56.3028927, 57.9314257 ], [ 56.3022383, 57.9331915 ], [ 56.3015731, 57.9349914 ], [ 56.3011225, 57.9362786 ], [ 56.3004895, 57.9379588 ], [ 56.2998457, 57.9397072 ], [ 56.296037, 57.9404077 ], [ 56.2934705, 57.9397967 ], [ 56.2916704, 57.9393085 ], [ 56.2889774, 57.939206 ], [ 56.2861128, 57.9390978 ], [ 56.2831494, 57.9389709 ], [ 56.2802848, 57.9388683 ], [ 56.2774095, 57.9387601 ], [ 56.2754011, 57.938916 ], [ 56.2729355, 57.9391075 ], [ 56.2698084, 57.9396535 ], [ 56.2663834, 57.9402228 ], [ 56.2629335, 57.9408302 ], [ 56.2604264, 57.941209 ], [ 56.257925, 57.9416368 ], [ 56.2555719, 57.9420241 ], [ 56.2533027, 57.9424306 ], [ 56.2517146, 57.9434469 ], [ 56.2506524, 57.9441644 ], [ 56.2492148, 57.9451153 ], [ 56.2469939, 57.9466015 ], [ 56.244537, 57.9482356 ], [ 56.2451385, 57.9514631 ], [ 56.2463042, 57.9527344 ], [ 56.246758, 57.9535527 ], [ 56.2473701, 57.955357 ], [ 56.2452988, 57.9552774 ], [ 56.2432185, 57.9553649 ], [ 56.2404674, 57.9562102 ], [ 56.2363568, 57.9566458 ], [ 56.2322854, 57.9566378 ], [ 56.2289916, 57.956985 ], [ 56.2261377, 57.9578616 ], [ 56.2224363, 57.9589203 ], [ 56.2196897, 57.9596204 ], [ 56.2167715, 57.9603774 ], [ 56.2124907, 57.960958 ], [ 56.2116324, 57.9621646 ], [ 56.2106346, 57.9635362 ], [ 56.2108429, 57.9647324 ], [ 56.2115573, 57.9688343 ], [ 56.2123619, 57.9697163 ], [ 56.2149798, 57.9708998 ], [ 56.219561, 57.9732042 ], [ 56.2217282, 57.9744332 ], [ 56.2230693, 57.9753321 ] ] } },
{ "type": "Feature", "properties": { "full_id": "w54841575", "osm_id": "54841575", "osm_type": "way", "power": "line", "ref": null, "frequency": null, "circuits:design": null, "layer": null, "name": null, "wires": null, "voltage": "110000", "circuits": "2", "cables": "6", "POI_CODE": 1 }, "geometry": { "type": "LineString", "coordinates": [ [ 56.1740966, 57.8882677 ], [ 56.1769749, 57.8882787 ], [ 56.1780424, 57.8883158 ], [ 56.1794801, 57.8873804 ], [ 56.1818619, 57.8859033 ], [ 56.1849932, 57.8839253 ], [ 56.1853825, 57.8834146 ], [ 56.1881727, 57.8819482 ], [ 56.1902315, 57.8806465 ], [ 56.192369, 57.8792956 ], [ 56.1943429, 57.8785075 ] ] } },
{ "type": "Feature", "properties": { "full_id": "w55220158", "osm_id": "55220158", "osm_type": "way", "power": "line", "ref": null, "frequency": null, "circuits:design": null, "layer": "2", "name": null, "wires": null, "voltage": "110000", "circuits": "1", "cables": "3", "POI_CODE": 1 }, "geometry": { "type": "LineString", "coordinates": [ [ 56.1896431, 57.8780624 ], [ 56.1911801, 57.8797222 ], [ 56.1889755, 57.8811111 ], [ 56.187442, 57.8820632 ], [ 56.1860141, 57.8829487 ], [ 56.1844298, 57.8839343 ], [ 56.1827737, 57.8849736 ], [ 56.1810621, 57.8860453 ], [ 56.1792118, 57.8871979 ], [ 56.1776574, 57.8881536 ], [ 56.1777111, 57.8885557 ], [ 56.1800607, 57.8896906 ], [ 56.1822467, 57.8907682 ], [ 56.1848139, 57.8919819 ], [ 56.1845738, 57.8938259 ], [ 56.1844656, 57.8943443 ], [ 56.1846836, 57.8944404 ], [ 56.1861048, 57.895072 ] ] } },
{ "type": "Feature", "properties": { "full_id": "w55221124", "osm_id": "55221124", "osm_type": "way", "power": "line", "ref": null, "frequency": null, "circuits:design": null, "layer": "2", "name": null, "wires": null, "voltage": "110000", "circuits": "2", "cables": "6", "POI_CODE": 1 }, "geometry": { "type": "LineString", "coordinates": [ [ 56.178137, 57.8789988 ], [ 56.1754568, 57.880651 ], [ 56.1732519, 57.8820018 ], [ 56.1709412, 57.883429 ], [ 56.1686621, 57.8848293 ], [ 56.1670996, 57.8857642 ], [ 56.1673571, 57.8874479 ], [ 56.1715514, 57.8893779 ], [ 56.1731731, 57.8892857 ] ] } },
{ "type": "Feature", "properties": { "full_id": "w55221151", "osm_id": "55221151", "osm_type": "way", "power": "line", "ref": null, "frequency": null, "circuits:design": null, "layer": null, "name": null, "wires": null, "voltage": "110000", "circuits": "1", "cables": "3", "POI_CODE": 1 }, "geometry": { "type": "LineString", "coordinates": [ [ 56.1770319, 57.8780492 ], [ 56.1776322, 57.8788744 ], [ 56.1749267, 57.8805678 ] ] } },
{ "type": "Feature", "properties": { "full_id": "w55221466", "osm_id": "55221466", "osm_type": "way", "power": "line", "ref": null, "frequency": null, "circuits:design": null, "layer": null, "name": null, "wires": null, "voltage": "110000", "circuits": "2", "cables": "6", "POI_CODE": 1 }, "geometry": { "type": "LineString", "coordinates": [ [ 56.1741627, 57.8897318 ], [ 56.1720397, 57.8912384 ], [ 56.1694967, 57.8902995 ], [ 56.1673412, 57.8895043 ], [ 56.1649668, 57.8886487 ], [ 56.1553284, 57.8930209 ], [ 56.1529144, 57.8945149 ], [ 56.1503717, 57.8960601 ], [ 56.1480328, 57.8974856 ] ] } },
{ "type": "Feature", "properties": { "full_id": "w55333310", "osm_id": "55333310", "osm_type": "way", "power": "line", "ref": null, "frequency": null, "circuits:design": null, "layer": null, "name": null, "wires": null, "voltage": "35000", "circuits": "1", "cables": "3", "POI_CODE": 1 }, "geometry": { "type": "LineString", "coordinates": [ [ 56.1259164, 57.9316723 ], [ 56.1236902, 57.9306318 ], [ 56.1213714, 57.9295889 ], [ 56.1189287, 57.9284744 ], [ 56.116487, 57.927288 ], [ 56.1136869, 57.925997 ], [ 56.1108947, 57.9247738 ], [ 56.1082657, 57.9235031 ], [ 56.1054614, 57.9222929 ] ] } },
{ "type": "Feature", "properties": { "full_id": "w55333578", "osm_id": "55333578", "osm_type": "way", "power": "line", "ref": null, "frequency": null, "circuits:design": null, "layer": null, "name": null, "wires": null, "voltage": "35000", "circuits": "1", "cables": "3", "POI_CODE": 1 }, "geometry": { "type": "LineString", "coordinates": [ [ 56.1133993, 57.9244146 ], [ 56.1125337, 57.9248693 ] ] } },
{ "type": "Feature", "properties": { "full_id": "w55334709", "osm_id": "55334709", "osm_type": "way", "power": "line", "ref": null, "frequency": null, "circuits:design": null, "layer": null, "name": null, "wires": null, "voltage": "110000", "circuits": "1", "cables": "3", "POI_CODE": 1 }, "geometry": { "type": "LineString", "coordinates": [ [ 56.1860342, 57.8958808 ], [ 56.1855493, 57.8957143 ] ] } },
{ "type": "Feature", "properties": { "full_id": "w55334717", "osm_id": "55334717", "osm_type": "way", "power": "line", "ref": null, "frequency": null, "circuits:design": null, "layer": null, "name": null, "wires": null, "voltage": "220000", "circuits": "2", "cables": "6", "POI_CODE": 1 }, "geometry": { "type": "LineString", "coordinates": [ [ 56.178139, 57.8913954 ], [ 56.1818009, 57.8930987 ], [ 56.1842045, 57.8938871 ], [ 56.1863593, 57.8949032 ], [ 56.1901657, 57.8966908 ], [ 56.1889581, 57.8994584 ], [ 56.1873121, 57.9031695 ], [ 56.1857027, 57.9068804 ], [ 56.1839789, 57.9106557 ], [ 56.1824802, 57.9140103 ], [ 56.1813146, 57.9167177 ], [ 56.1843938, 57.9181707 ] ] } },
{ "type": "Feature", "properties": { "full_id": "w55334955", "osm_id": "55334955", "osm_type": "way", "power": "line", "ref": null, "frequency": null, "circuits:design": null, "layer": null, "name": null, "wires": null, "voltage": "110000", "circuits": "1", "cables": "3", "POI_CODE": 1 }, "geometry": { "type": "LineString", "coordinates": [ [ 56.2729355, 57.9391075 ], [ 56.2752986, 57.9386671 ], [ 56.2736329, 57.9398991 ], [ 56.2705822, 57.9421404 ] ] } },
{ "type": "Feature", "properties": { "full_id": "w55334978", "osm_id": "55334978", "osm_type": "way", "power": "line", "ref": null, "frequency": null, "circuits:design": null, "layer": null, "name": null, "wires": null, "voltage": "110000", "circuits": "2", "cables": "6", "POI_CODE": 1 }, "geometry": { "type": "LineString", "coordinates": [ [ 56.3008542, 57.9397357 ], [ 56.3001468, 57.9398691 ], [ 56.2974103, 57.9405273 ], [ 56.2936207, 57.9414481 ], [ 56.291477, 57.9419236 ], [ 56.2909845, 57.9420183 ], [ 56.2904847, 57.9421898 ], [ 56.2905746, 57.9421764 ], [ 56.2896189, 57.942422 ], [ 56.2866792, 57.9430598 ], [ 56.2840735, 57.9436812 ], [ 56.2835034, 57.9438171 ], [ 56.2794479, 57.9448763 ], [ 56.2754354, 57.9444777 ], [ 56.2721309, 57.9440848 ], [ 56.2696954, 57.9438114 ] ] } },
{ "type": "Feature", "properties": { "full_id": "w55335232", "osm_id": "55335232", "osm_type": "way", "power": "line", "ref": null, "frequency": null, "circuits:design": null, "layer": null, "name": null, "wires": null, "voltage": "110000", "circuits": "2", "cables": "6", "POI_CODE": 1 }, "geometry": { "type": "LineString", "coordinates": [ [ 56.1730961, 57.8817017 ], [ 56.1704396, 57.8833405 ], [ 56.1668558, 57.8857231 ], [ 56.1670815, 57.8875089 ], [ 56.1696786, 57.8886712 ], [ 56.1716616, 57.8896083 ], [ 56.1735433, 57.8894296 ] ] } },
{ "type": "Feature", "properties": { "full_id": "w55335245", "osm_id": "55335245", "osm_type": "way", "power": "line", "ref": null, "frequency": null, "circuits:design": null, "layer": null, "name": null, "wires": null, "voltage": "110000", "circuits": "1", "cables": "3", "POI_CODE": 1 }, "geometry": { "type": "LineString", "coordinates": [ [ 56.1717275, 57.8811153 ], [ 56.1720117, 57.8811413 ], [ 56.1726172, 57.881625 ], [ 56.1701394, 57.8831842 ], [ 56.1666036, 57.885681 ], [ 56.1668553, 57.8875671 ], [ 56.1703228, 57.8891579 ], [ 56.172308, 57.8900899 ], [ 56.1730739, 57.8903806 ], [ 56.1746855, 57.8911448 ], [ 56.1763474, 57.8918744 ], [ 56.1793622, 57.8932487 ], [ 56.1814222, 57.8942666 ], [ 56.1807771, 57.896254 ], [ 56.1802644, 57.8978733 ], [ 56.1775925, 57.8996116 ], [ 56.1750176, 57.9010483 ], [ 56.1725392, 57.9025819 ], [ 56.1700077, 57.9041219 ], [ 56.1686665, 57.9049541 ], [ 56.166177, 57.9064982 ], [ 56.1637201, 57.9080144 ], [ 56.1611988, 57.9095135 ], [ 56.1594646, 57.9105643 ] ] } },
{ "type": "Feature", "properties": { "full_id": "w55336525", "osm_id": "55336525", "osm_type": "way", "power": "line", "ref": null, "frequency": null, "circuits:design": null, "layer": null, "name": null, "wires": null, "voltage": "110000", "circuits": "2", "cables": "6", "POI_CODE": 1 }, "geometry": { "type": "LineString", "coordinates": [ [ 56.1743746, 57.8898346 ], [ 56.1739321, 57.8904262 ], [ 56.1764874, 57.8915319 ], [ 56.1792876, 57.8928149 ], [ 56.1819851, 57.8941667 ], [ 56.1812277, 57.8965334 ], [ 56.1807795, 57.8978733 ], [ 56.1781611, 57.8996515 ], [ 56.175672, 57.9009856 ], [ 56.1732473, 57.9025363 ], [ 56.1710699, 57.9038595 ], [ 56.1688168, 57.9052164 ], [ 56.1664345, 57.9066635 ], [ 56.1640849, 57.9081341 ], [ 56.1617675, 57.9095477 ], [ 56.1602149, 57.9105791 ], [ 56.1587351, 57.9123197 ] ] } },
{ "type": "Feature", "properties": { "full_id": "w55337553", "osm_id": "55337553", "osm_type": "way", "power": "line", "ref": null, "frequency": null, "circuits:design": null, "layer": null, "name": null, "wires": null, "voltage": "110000", "circuits": "2", "cables": "6", "POI_CODE": 1 }, "geometry": { "type": "LineString", "coordinates": [ [ 56.2664112, 57.9462075 ], [ 56.2647533, 57.9484032 ], [ 56.2631186, 57.9505207 ], [ 56.2619747, 57.952054 ], [ 56.2588408, 57.9521055 ], [ 56.2571594, 57.9521168 ], [ 56.2559831, 57.9521394 ], [ 56.253062, 57.9522059 ], [ 56.2528144, 57.9524618 ] ] } },
{ "type": "Feature", "properties": { "full_id": "w55338095", "osm_id": "55338095", "osm_type": "way", "power": "line", "ref": null, "frequency": "50", "circuits:design": null, "layer": null, "name": null, "wires": "single", "voltage": "110000", "circuits": "2", "cables": "6", "POI_CODE": 1 }, "geometry": { "type": "LineString", "coordinates": [ [ 56.2273671, 57.9762569 ], [ 56.2285293, 57.9780302 ], [ 56.22952, 57.9793211 ], [ 56.2302853, 57.9805178 ], [ 56.2297687, 57.9821667 ], [ 56.2308248, 57.983132 ], [ 56.2334401, 57.9838111 ], [ 56.2339711, 57.9846374 ], [ 56.2347971, 57.9855736 ], [ 56.2353673, 57.9863656 ], [ 56.2336294, 57.9875046 ], [ 56.2345429, 57.988912 ], [ 56.2356294, 57.990568 ], [ 56.2345392, 57.9920485 ], [ 56.2333923, 57.9935846 ], [ 56.2326618, 57.9945771 ], [ 56.2314321, 57.996122 ], [ 56.2305204, 57.9973125 ], [ 56.2316996, 57.9984831 ], [ 56.2314195, 57.9996381 ] ] } },
{ "type": "Feature", "properties": { "full_id": "w55343284", "osm_id": "55343284", "osm_type": "way", "power": "line", "ref": null, "frequency": null, "circuits:design": null, "layer": "2", "name": null, "wires": null, "voltage": null, "circuits": null, "cables": null, "POI_CODE": 1 }, "geometry": { "type": "LineString", "coordinates": [ [ 56.2970823, 58.0338912 ], [ 56.296386, 58.0344909 ], [ 56.2963631, 58.0349119 ], [ 56.2961346, 58.035259 ] ] } },
{ "type": "Feature", "properties": { "full_id": "w55343327", "osm_id": "55343327", "osm_type": "way", "power": "line", "ref": null, "frequency": null, "circuits:design": null, "layer": null, "name": null, "wires": null, "voltage": "110000", "circuits": "2", "cables": "6", "POI_CODE": 1 }, "geometry": { "type": "LineString", "coordinates": [ [ 56.2843199, 58.0327912 ], [ 56.2868568, 58.0337171 ], [ 56.2891341, 58.0345672 ], [ 56.2910797, 58.0352843 ], [ 56.2933033, 58.0360927 ], [ 56.2954201, 58.0368518 ], [ 56.2960235, 58.0364287 ] ] } },
{ "type": "Feature", "properties": { "full_id": "w57357307", "osm_id": "57357307", "osm_type": "way", "power": "line", "ref": null, "frequency": null, "circuits:design": null, "layer": null, "name": null, "wires": null, "voltage": "110000", "circuits": "2", "cables": "6", "POI_CODE": 1 }, "geometry": { "type": "LineString", "coordinates": [ [ 56.2247387, 58.0584295 ], [ 56.2256077, 58.0581528 ] ] } },
{ "type": "Feature", "properties": { "full_id": "w57358862", "osm_id": "57358862", "osm_type": "way", "power": "line", "ref": null, "frequency": null, "circuits:design": null, "layer": null, "name": null, "wires": null, "voltage": "35000", "circuits": "2", "cables": "6", "POI_CODE": 1 }, "geometry": null },
{ "type": "Feature", "properties": { "full_id": "w57358864", "osm_id": "57358864", "osm_type": "way", "power": "line", "ref": null, "frequency": null, "circuits:design": null, "layer": "1", "name": null, "wires": null, "voltage": "110000", "circuits": "2", "cables": "6", "POI_CODE": 1 }, "geometry": { "type": "LineString", "coordinates": [ [ 56.319636, 58.1154715 ], [ 56.3189962, 58.1156358 ], [ 56.3155336, 58.1165245 ], [ 56.3128569, 58.1171371 ], [ 56.3115655, 58.1174417 ], [ 56.3112633, 58.1175129 ], [ 56.3102046, 58.1177626 ], [ 56.3068463, 58.1185896 ], [ 56.3037124, 58.1193468 ], [ 56.3002763, 58.1201572 ], [ 56.2979243, 58.1207266 ], [ 56.2968419, 58.1209263 ], [ 56.2956241, 58.121151 ], [ 56.2955785, 58.1232007 ], [ 56.2956321, 58.1250887 ], [ 56.2933978, 58.126583 ], [ 56.2908658, 58.126583 ], [ 56.288307, 58.1266312 ] ] } },
{ "type": "Feature", "properties": { "full_id": "w57358869", "osm_id": "57358869", "osm_type": "way", "power": "line", "ref": null, "frequency": null, "circuits:design": null, "layer": null, "name": null, "wires": null, "voltage": "220000;110000", "circuits": "1;1", "cables": "3;3", "POI_CODE": 1 }, "geometry": { "type": "LineString", "coordinates": [ [ 56.2949884, 58.135509 ], [ 56.2883445, 58.1362184 ], [ 56.2818, 58.1370113 ], [ 56.2736782, 58.1380137 ], [ 56.2677881, 58.1388349 ], [ 56.2655887, 58.1412644 ], [ 56.2634536, 58.1437674 ], [ 56.2617048, 58.1458398 ], [ 56.2573489, 58.1462305 ], [ 56.2516652, 58.14675 ], [ 56.2458153, 58.1471931 ], [ 56.2393995, 58.1477311 ], [ 56.2337454, 58.1482179 ] ] } },
{ "type": "Feature", "properties": { "full_id": "w57358880", "osm_id": "57358880", "osm_type": "way", "power": "line", "ref": null, "frequency": null, "circuits:design": null, "layer": null, "name": null, "wires": null, "voltage": "110000", "circuits": "2", "cables": "6", "POI_CODE": 1 }, "geometry": { "type": "LineString", "coordinates": [ [ 56.2777659, 58.1274724 ], [ 56.2797722, 58.1274555 ], [ 56.2827977, 58.1274526 ], [ 56.2857911, 58.1275093 ] ] } },
{ "type": "Feature", "properties": { "full_id": "w57358882", "osm_id": "57358882", "osm_type": "way", "power": "line", "ref": null, "frequency": null, "circuits:design": null, "layer": null, "name": null, "wires": null, "voltage": "110000", "circuits": "2", "cables": "6", "POI_CODE": 1 }, "geometry": { "type": "LineString", "coordinates": [ [ 56.2325066, 58.1478196 ], [ 56.2337348, 58.1477196 ], [ 56.2374148, 58.1473912 ], [ 56.2410195, 58.1470969 ], [ 56.2444742, 58.1468194 ], [ 56.2479396, 58.1465646 ], [ 56.2519683, 58.1462447 ], [ 56.2559809, 58.1459163 ], [ 56.2578291, 58.1442218 ], [ 56.259661, 58.1425402 ], [ 56.2613589, 58.1409969 ], [ 56.2630512, 58.1394566 ], [ 56.265602, 58.137146 ], [ 56.2672329, 58.1356649 ], [ 56.2690553, 58.1339981 ], [ 56.2710175, 58.1322168 ], [ 56.2726966, 58.1307114 ], [ 56.2745042, 58.1289963 ], [ 56.2766338, 58.1271347 ], [ 56.2796866, 58.1271525 ], [ 56.2830874, 58.1271018 ], [ 56.2857401, 58.127105 ] ] } },
{ "type": "Feature", "properties": { "full_id": "w57358885", "osm_id": "57358885", "osm_type": "way", "power": "line", "ref": null, "frequency": null, "circuits:design": null, "layer": null, "name": null, "wires": null, "voltage": "110000", "circuits": "1", "cables": "3", "POI_CODE": 1 }, "geometry": { "type": "LineString", "coordinates": [ [ 56.2680727, 58.119893 ], [ 56.2686008, 58.1200092 ], [ 56.2680618, 58.1197061 ], [ 56.2667742, 58.1189836 ], [ 56.2659378, 58.1185423 ], [ 56.2646746, 58.1179088 ], [ 56.2628563, 58.1175273 ], [ 56.2625624, 58.1174134 ] ] } },
{ "type": "Feature", "properties": { "full_id": "w57358886", "osm_id": "57358886", "osm_type": "way", "power": "line", "ref": null, "frequency": null, "circuits:design": null, "layer": null, "name": null, "wires": null, "voltage": "110000", "circuits": "1", "cables": "3", "POI_CODE": 1 }, "geometry": { "type": "LineString", "coordinates": [ [ 56.2684959, 58.1197004 ], [ 56.2683021, 58.1195891 ], [ 56.2669513, 58.1189043 ], [ 56.2660654, 58.1184511 ], [ 56.2646336, 58.1177648 ], [ 56.2629624, 58.1174374 ], [ 56.2626795, 58.1173301 ] ] } },
{ "type": "Feature", "properties": { "full_id": "w57361795", "osm_id": "57361795", "osm_type": "way", "power": "line", "ref": null, "frequency": null, "circuits:design": null, "layer": "2", "name": null, "wires": null, "voltage": "110000", "circuits": "2", "cables": "6", "POI_CODE": 1 }, "geometry": { "type": "LineString", "coordinates": [ [ 56.1797024, 58.040511 ], [ 56.1770651, 58.0417065 ], [ 56.1745811, 58.0427979 ], [ 56.1753327, 58.0449794 ], [ 56.175842, 58.0471237 ], [ 56.1764964, 58.0493891 ], [ 56.1770758, 58.0512683 ], [ 56.1778053, 58.0536413 ], [ 56.1785242, 58.0560653 ], [ 56.1791143, 58.0580634 ], [ 56.1795005, 58.0592383 ], [ 56.1813147, 58.0590761 ], [ 56.1833736, 58.0588921 ], [ 56.1868927, 58.0585742 ], [ 56.1910125, 58.0585686 ], [ 56.1948857, 58.0585515 ], [ 56.1993596, 58.0585118 ], [ 56.2031898, 58.0585118 ], [ 56.2070951, 58.0584664 ], [ 56.2117514, 58.0584607 ], [ 56.2159785, 58.0584721 ], [ 56.2197229, 58.0584721 ], [ 56.2247387, 58.0584295 ], [ 56.2253019, 58.0599251 ], [ 56.2258598, 58.0612249 ], [ 56.2295505, 58.0619287 ], [ 56.2343892, 58.0627913 ], [ 56.2385842, 58.0635518 ], [ 56.2434551, 58.0644201 ], [ 56.2472853, 58.0651068 ], [ 56.2515339, 58.0658786 ], [ 56.2554928, 58.0665653 ], [ 56.2561795, 58.0686139 ], [ 56.2568447, 58.070583 ], [ 56.2575206, 58.0726199 ], [ 56.2582245, 58.0746428 ], [ 56.2589218, 58.0766795 ], [ 56.2595226, 58.0786651 ], [ 56.2616577, 58.0800095 ], [ 56.2645008, 58.0817567 ], [ 56.2665393, 58.083033 ], [ 56.267065, 58.0845758 ], [ 56.2676873, 58.086334 ], [ 56.2682988, 58.0880809 ], [ 56.2676015, 58.0902303 ], [ 56.2668826, 58.0923455 ], [ 56.2661362, 58.0946192 ], [ 56.2675371, 58.0958045 ], [ 56.2678632, 58.0968674 ], [ 56.2685284, 58.0989766 ], [ 56.2691292, 58.1008816 ], [ 56.2697622, 58.1029735 ], [ 56.2703684, 58.104952 ], [ 56.2712294, 58.1076232 ], [ 56.2715298, 58.1085854 ], [ 56.2723264, 58.1110369 ], [ 56.2728414, 58.1124849 ], [ 56.2735441, 58.114579 ], [ 56.2741825, 58.1163585 ], [ 56.2744024, 58.1170357 ], [ 56.2709531, 58.118594 ], [ 56.2684959, 58.1197004 ], [ 56.2680727, 58.119893 ], [ 56.2676486, 58.1200843 ], [ 56.2642103, 58.1216651 ], [ 56.2643766, 58.1236935 ], [ 56.2644786, 58.1248408 ], [ 56.2647629, 58.1276169 ], [ 56.2685823, 58.1276367 ], [ 56.2729865, 58.1276962 ], [ 56.2745717, 58.1281664 ], [ 56.2759267, 58.1270802 ] ] } },
{ "type": "Feature", "properties": { "full_id": "w58061651", "osm_id": "58061651", "osm_type": "way", "power": "line", "ref": null, "frequency": null, "circuits:design": null, "layer": null, "name": null, "wires": null, "voltage": "110000", "circuits": "2", "cables": "6", "POI_CODE": 1 }, "geometry": { "type": "LineString", "coordinates": [ [ 56.3499357, 58.1119982 ], [ 56.352752, 58.1118508 ], [ 56.355976, 58.1106436 ], [ 56.3588782, 58.1094816 ], [ 56.3619445, 58.1083598 ], [ 56.3641161, 58.1076402 ], [ 56.3674881, 58.1066305 ], [ 56.3711037, 58.1055081 ], [ 56.3740971, 58.1046011 ], [ 56.3773264, 58.1036374 ], [ 56.3811137, 58.1024696 ], [ 56.3842036, 58.1015399 ], [ 56.3876261, 58.1005137 ], [ 56.3911988, 58.0994082 ], [ 56.3945999, 58.0983763 ], [ 56.3980653, 58.097299 ], [ 56.4006509, 58.096267 ], [ 56.4019277, 58.0957454 ], [ 56.4042558, 58.097333 ], [ 56.4065411, 58.0987618 ], [ 56.4092233, 58.100474 ], [ 56.4120235, 58.1022882 ], [ 56.4145211, 58.1038678 ], [ 56.4154223, 58.1061293 ], [ 56.4163182, 58.1083771 ], [ 56.4169886, 58.1099274 ], [ 56.4179113, 58.1122256 ], [ 56.4187527, 58.1143112 ], [ 56.41967, 58.1164978 ], [ 56.4205452, 58.118689 ], [ 56.4215324, 58.1210944 ], [ 56.4224258, 58.1231622 ], [ 56.420454, 58.1249753 ], [ 56.419808, 58.1255268 ], [ 56.4179972, 58.1271141 ], [ 56.4156797, 58.1291875 ], [ 56.4133624, 58.1312665 ], [ 56.4112078, 58.1331823 ], [ 56.4097299, 58.1345302 ], [ 56.4079167, 58.1361615 ], [ 56.4062089, 58.1376878 ], [ 56.4046658, 58.1390669 ], [ 56.405052, 58.1408734 ], [ 56.4054597, 58.1427648 ], [ 56.4058889, 58.1448147 ], [ 56.4062786, 58.146909 ], [ 56.4032406, 58.1472549 ], [ 56.398682, 58.1477309 ], [ 56.3940121, 58.148229 ], [ 56.3940434, 58.1494914 ], [ 56.3934539, 58.1506464 ], [ 56.3926021, 58.1514025 ] ] } },
{ "type": "Feature", "properties": { "full_id": "w58071850", "osm_id": "58071850", "osm_type": "way", "power": "line", "ref": null, "frequency": null, "circuits:design": null, "layer": "2", "name": null, "wires": null, "voltage": "110000", "circuits": "2", "cables": "6", "POI_CODE": 1 }, "geometry": null },
{ "type": "Feature", "properties": { "full_id": "w58071903", "osm_id": "58071903", "osm_type": "way", "power": "line", "ref": null, "frequency": null, "circuits:design": null, "layer": null, "name": null, "wires": null, "voltage": "35000", "circuits": "1", "cables": "3", "POI_CODE": 1 }, "geometry": { "type": "LineString", "coordinates": [ [ 56.4261319, 58.0891844 ], [ 56.4227738, 58.0892014 ], [ 56.4200594, 58.0902392 ], [ 56.4174308, 58.09126 ], [ 56.414695, 58.0923091 ], [ 56.4126565, 58.0931427 ], [ 56.4110472, 58.0937778 ], [ 56.4083328, 58.0948325 ], [ 56.4061334, 58.0957 ], [ 56.4041271, 58.0964995 ], [ 56.4039339, 58.0974634 ], [ 56.4060797, 58.0987902 ], [ 56.4089765, 58.1006668 ], [ 56.4119997, 58.1025924 ], [ 56.4141563, 58.1039755 ], [ 56.4158997, 58.1083886 ], [ 56.416715, 58.1103809 ], [ 56.4174929, 58.112271 ], [ 56.418319, 58.1142234 ], [ 56.4191826, 58.1163429 ], [ 56.4199606, 58.1182102 ], [ 56.420674, 58.1200122 ], [ 56.4213071, 58.1215476 ], [ 56.4219667, 58.1231283 ], [ 56.4201536, 58.1247177 ], [ 56.4182547, 58.1264344 ], [ 56.4161786, 58.1282811 ], [ 56.414521, 58.1297851 ], [ 56.4126675, 58.1314177 ], [ 56.4108865, 58.1330152 ], [ 56.4096418, 58.1341366 ], [ 56.4086764, 58.1350032 ], [ 56.4077215, 58.1358585 ], [ 56.4052785, 58.1380942 ], [ 56.4036719, 58.1384144 ], [ 56.3995959, 58.1392363 ] ] } },
{ "type": "Feature", "properties": { "full_id": "w58071916", "osm_id": "58071916", "osm_type": "way", "power": "line", "ref": null, "frequency": null, "circuits:design": null, "layer": "2", "name": null, "wires": null, "voltage": "35000", "circuits": "2", "cables": "6", "POI_CODE": 1 }, "geometry": { "type": "LineString", "coordinates": [ [ 56.4127546, 58.1269194 ], [ 56.4131383, 58.1283632 ], [ 56.4135997, 58.1297908 ], [ 56.4121096, 58.1311402 ], [ 56.4106505, 58.1324373 ], [ 56.4092021, 58.1337571 ], [ 56.407861, 58.1349239 ], [ 56.4048569, 58.1376313 ], [ 56.4037013, 58.1387547 ], [ 56.4009757, 58.139397 ], [ 56.3974509, 58.1401875 ], [ 56.3939497, 58.140982 ], [ 56.3905401, 58.1417661 ], [ 56.3881735, 58.1423068 ], [ 56.3856455, 58.1427498 ], [ 56.3827665, 58.1437009 ], [ 56.380936, 58.1445207 ], [ 56.3804879, 58.1446809 ] ] } },
{ "type": "Feature", "properties": { "full_id": "w59460262", "osm_id": "59460262", "osm_type": "way", "power": "line", "ref": null, "frequency": null, "circuits:design": null, "layer": null, "name": null, "wires": null, "voltage": "110000", "circuits": "1", "cables": "3", "POI_CODE": 1 }, "geometry": { "type": "LineString", "coordinates": [ [ 56.3161688, 57.9997866 ], [ 56.3163163, 57.9998653 ], [ 56.315557, 58.0001875 ], [ 56.3150705, 58.0003133 ] ] } },
{ "type": "Feature", "properties": { "full_id": "w59585411", "osm_id": "59585411", "osm_type": "way", "power": "line", "ref": null, "frequency": null, "circuits:design": null, "layer": null, "name": null, "wires": null, "voltage": "35000", "circuits": "2", "cables": "6", "POI_CODE": 1 }, "geometry": { "type": "LineString", "coordinates": [ [ 56.3075488, 58.0145571 ], [ 56.3055402, 58.0155539 ], [ 56.3031362, 58.0166268 ], [ 56.3013146, 58.0174474 ], [ 56.2992154, 58.0184464 ], [ 56.2967351, 58.0184636 ], [ 56.2954478, 58.0187016 ], [ 56.294309, 58.0195456 ], [ 56.2950708, 58.02029 ], [ 56.2957252, 58.0208298 ] ] } },
{ "type": "Feature", "properties": { "full_id": "w59585686", "osm_id": "59585686", "osm_type": "way", "power": "line", "ref": null, "frequency": null, "circuits:design": null, "layer": null, "name": null, "wires": null, "voltage": "110000", "circuits": "2", "cables": "6", "POI_CODE": 1 }, "geometry": { "type": "LineString", "coordinates": [ [ 56.1662823, 58.0004012 ], [ 56.1634008, 58.0001966 ], [ 56.1594598, 57.9999271 ], [ 56.1566473, 58.0009269 ], [ 56.1560787, 58.0015079 ], [ 56.1548632, 58.0024916 ], [ 56.1533361, 58.0037465 ], [ 56.15195, 58.004863 ] ] } },
{ "type": "Feature", "properties": { "full_id": "w66644065", "osm_id": "66644065", "osm_type": "way", "power": "line", "ref": null, "frequency": null, "circuits:design": null, "layer": null, "name": null, "wires": null, "voltage": "110000", "circuits": "2", "cables": "6", "POI_CODE": 1 }, "geometry": { "type": "LineString", "coordinates": [ [ 56.3418474, 58.0729405 ], [ 56.343531, 58.0748451 ], [ 56.3452433, 58.0757514 ], [ 56.34863, 58.0749372 ], [ 56.3518805, 58.0767394 ], [ 56.3522966, 58.0791754 ], [ 56.3534645, 58.0799305 ], [ 56.3541133, 58.0826661 ], [ 56.3552435, 58.08386 ], [ 56.3559327, 58.0862821 ], [ 56.3568977, 58.0868964 ], [ 56.3574672, 58.0884368 ], [ 56.3577569, 58.0897356 ], [ 56.3583577, 58.0925087 ], [ 56.3589908, 58.0953088 ], [ 56.3596775, 58.0964031 ], [ 56.3605894, 58.097951 ], [ 56.3611581, 58.1009106 ], [ 56.3592085, 58.1026227 ], [ 56.3596721, 58.1054316 ] ] } },
{ "type": "Feature", "properties": { "full_id": "w66644932", "osm_id": "66644932", "osm_type": "way", "power": "line", "ref": null, "frequency": null, "circuits:design": null, "layer": "2", "name": null, "wires": null, "voltage": "110000", "circuits": "2", "cables": "6", "POI_CODE": 1 }, "geometry": { "type": "LineString", "coordinates": [ [ 56.3409105, 58.072674 ], [ 56.3398379, 58.071455 ], [ 56.3391309, 58.0707541 ], [ 56.3378431, 58.0693336 ], [ 56.3386081, 58.0690641 ], [ 56.3383263, 58.0687382 ], [ 56.3374986, 58.0677808 ], [ 56.3373791, 58.0676426 ], [ 56.3361346, 58.0661785 ], [ 56.3348256, 58.0648506 ], [ 56.3332592, 58.0630742 ], [ 56.3320898, 58.0615986 ], [ 56.3307809, 58.0600434 ], [ 56.3284527, 58.0582896 ], [ 56.3267146, 58.0560871 ], [ 56.3253306, 58.0541798 ], [ 56.3241397, 58.0527605 ], [ 56.3229059, 58.0510687 ], [ 56.3224977, 58.0506694 ], [ 56.3213048, 58.049056 ], [ 56.31793, 58.0461093 ], [ 56.3166776, 58.0449584 ], [ 56.3146197, 58.043129 ], [ 56.3120949, 58.0425286 ], [ 56.3084261, 58.0429256 ], [ 56.3070206, 58.0415627 ], [ 56.3054989, 58.0403077 ], [ 56.303287, 58.0389504 ], [ 56.3009011, 58.0377477 ], [ 56.2976812, 58.0364032 ] ] } },
{ "type": "Feature", "properties": { "full_id": "w66644933", "osm_id": "66644933", "osm_type": "way", "power": "line", "ref": null, "frequency": null, "circuits:design": null, "layer": "2", "name": null, "wires": null, "voltage": "110000", "circuits": "2", "cables": "6", "POI_CODE": 1 }, "geometry": { "type": "LineString", "coordinates": [ [ 56.3312226, 58.0705927 ], [ 56.3309518, 58.070841 ], [ 56.3301157, 58.071104 ], [ 56.3306307, 58.0724658 ], [ 56.3313951, 58.0743877 ], [ 56.3321756, 58.0744005 ], [ 56.33489, 58.0736346 ], [ 56.3373362, 58.0729367 ], [ 56.3392374, 58.0734973 ], [ 56.3398272, 58.0734156 ], [ 56.3418474, 58.0729405 ] ] } },
{ "type": "Feature", "properties": { "full_id": "w77878007", "osm_id": "77878007", "osm_type": "way", "power": "line", "ref": null, "frequency": null, "circuits:design": null, "layer": null, "name": null, "wires": null, "voltage": "35000", "circuits": "2", "cables": "6", "POI_CODE": 1 }, "geometry": { "type": "LineString", "coordinates": [ [ 56.0433504, 58.0403442 ], [ 56.0437, 58.0402527 ], [ 56.0467346, 58.0394339 ], [ 56.0479466, 58.0394414 ], [ 56.0494779, 58.0396925 ], [ 56.0515487, 58.039557 ], [ 56.0546182, 58.0396477 ], [ 56.0586578, 58.039767 ], [ 56.0622949, 58.0398744 ], [ 56.066155, 58.0399777 ], [ 56.0690001, 58.0401991 ], [ 56.0695803, 58.0402866 ], [ 56.0730328, 58.0383569 ], [ 56.077271, 58.0371401 ], [ 56.0788253, 58.0373065 ], [ 56.0807389, 58.0367488 ], [ 56.084548, 58.0357298 ], [ 56.0880523, 58.0347922 ], [ 56.091546, 58.0338575 ], [ 56.0947429, 58.0330111 ], [ 56.0984248, 58.0320361 ], [ 56.1019395, 58.0311055 ], [ 56.1056595, 58.0301205 ], [ 56.1086643, 58.0293367 ], [ 56.1121883, 58.0284175 ], [ 56.1163442, 58.0273682 ] ] } },
{ "type": "Feature", "properties": { "full_id": "w77878052", "osm_id": "77878052", "osm_type": "way", "power": "line", "ref": null, "frequency": null, "circuits:design": null, "layer": null, "name": null, "wires": null, "voltage": "110000", "circuits": "2", "cables": "6", "POI_CODE": 1 }, "geometry": { "type": "LineString", "coordinates": [ [ 56.0373599, 58.0426739 ], [ 56.0375703, 58.0422903 ], [ 56.0392608, 58.0421572 ], [ 56.0417277, 58.0418685 ], [ 56.0436911, 58.0425505 ], [ 56.045586, 58.043205 ], [ 56.0481665, 58.0431105 ], [ 56.0508197, 58.0430106 ], [ 56.0530097, 58.0429072 ], [ 56.0581959, 58.0427384 ], [ 56.0608854, 58.0433132 ], [ 56.0636358, 58.043947 ], [ 56.0670459, 58.0447044 ], [ 56.0678578, 58.0448763 ] ] } },
{ "type": "Feature", "properties": { "full_id": "w77878144", "osm_id": "77878144", "osm_type": "way", "power": "line", "ref": null, "frequency": null, "circuits:design": null, "layer": null, "name": null, "wires": null, "voltage": "110000", "circuits": "2", "cables": "6", "POI_CODE": 1 }, "geometry": { "type": "LineString", "coordinates": [ [ 56.0646137, 58.0521015 ], [ 56.0652067, 58.0507792 ], [ 56.0660208, 58.0490067 ], [ 56.0672691, 58.0462299 ], [ 56.0678578, 58.0448763 ], [ 56.0685119, 58.0434379 ], [ 56.0691173, 58.0420438 ], [ 56.0696196, 58.0409561 ], [ 56.0701291, 58.0403829 ], [ 56.0732487, 58.0384983 ], [ 56.0761181, 58.0380924 ], [ 56.0796893, 58.0373862 ], [ 56.0825939, 58.0367434 ], [ 56.0864272, 58.035726 ], [ 56.0908557, 58.0345396 ], [ 56.0938231, 58.0337437 ], [ 56.0971672, 58.0328328 ], [ 56.1000599, 58.0320602 ], [ 56.1030315, 58.0312643 ], [ 56.1063407, 58.030422 ], [ 56.1097422, 58.0295332 ], [ 56.1130142, 58.028656 ], [ 56.1163546, 58.027682 ], [ 56.1176069, 58.0273439 ], [ 56.1193082, 58.0269201 ], [ 56.1216304, 58.0262847 ], [ 56.124177, 58.0255877 ], [ 56.1271416, 58.0247627 ], [ 56.130164, 58.0239312 ], [ 56.1329498, 58.0231983 ], [ 56.1359125, 58.0224067 ], [ 56.1386836, 58.0216511 ], [ 56.1407449, 58.0215063 ], [ 56.1428554, 58.0208944 ], [ 56.1442247, 58.0205349 ], [ 56.1467509, 58.0206047 ], [ 56.1476319, 58.0200465 ], [ 56.149578, 58.0199349 ] ] } },
{ "type": "Feature", "properties": { "full_id": "w77878233", "osm_id": "77878233", "osm_type": "way", "power": "line", "ref": null, "frequency": null, "circuits:design": null, "layer": null, "name": null, "wires": null, "voltage": "110000", "circuits": "1", "cables": "3", "POI_CODE": 1 }, "geometry": { "type": "LineString", "coordinates": [ [ 56.0395246, 58.0422976 ], [ 56.0392608, 58.0421572 ] ] } },
{ "type": "Feature", "properties": { "full_id": "w81540165", "osm_id": "81540165", "osm_type": "way", "power": "line", "ref": null, "frequency": null, "circuits:design": null, "layer": null, "name": null, "wires": null, "voltage": "35000", "circuits": "2", "cables": "6", "POI_CODE": 1 }, "geometry": { "type": "LineString", "coordinates": [ [ 56.2085159, 57.9873743 ], [ 56.2097445, 57.9872711 ], [ 56.2110076, 57.9871357 ], [ 56.2112591, 57.9876094 ], [ 56.2113262, 57.9887154 ], [ 56.2117446, 57.9901201 ], [ 56.2128631, 57.9919357 ], [ 56.2140767, 57.9926259 ], [ 56.2174967, 57.992672 ], [ 56.2188945, 57.9930018 ], [ 56.2215787, 57.9926745 ], [ 56.221937, 57.9936687 ], [ 56.2223369, 57.9945834 ], [ 56.2222968, 57.9950582 ], [ 56.2247988, 57.9957969 ] ] } },
{ "type": "Feature", "properties": { "full_id": "w81540166", "osm_id": "81540166", "osm_type": "way", "power": "line", "ref": null, "frequency": null, "circuits:design": null, "layer": null, "name": null, "wires": null, "voltage": "110000", "circuits": "1", "cables": "3", "POI_CODE": 1 }, "geometry": { "type": "LineString", "coordinates": [ [ 56.2102154, 57.9875193 ], [ 56.2104453, 57.9879365 ], [ 56.2100059, 57.9880965 ] ] } },
{ "type": "Feature", "properties": { "full_id": "w81913193", "osm_id": "81913193", "osm_type": "way", "power": "line", "ref": null, "frequency": null, "circuits:design": null, "layer": null, "name": null, "wires": null, "voltage": "35000", "circuits": "2", "cables": "6", "POI_CODE": 1 }, "geometry": { "type": "LineString", "coordinates": [ [ 56.1519834, 58.0420959 ], [ 56.1544547, 58.0431461 ], [ 56.1564427, 58.0439807 ], [ 56.1582265, 58.0450871 ], [ 56.1597753, 58.0460219 ], [ 56.1617917, 58.0472701 ], [ 56.1588475, 58.051287 ], [ 56.1525787, 58.0519123 ], [ 56.1485502, 58.0522765 ], [ 56.145355, 58.0526115 ], [ 56.141663, 58.052962 ], [ 56.1380781, 58.053328 ], [ 56.1346629, 58.0536449 ], [ 56.1315412, 58.0538967 ], [ 56.1287074, 58.0541486 ], [ 56.1258442, 58.0543315 ], [ 56.1218357, 58.0546144 ], [ 56.1195172, 58.0555941 ], [ 56.1196901, 58.0576004 ] ] } },
{ "type": "Feature", "properties": { "full_id": "w82081794", "osm_id": "82081794", "osm_type": "way", "power": "line", "ref": null, "frequency": null, "circuits:design": null, "layer": null, "name": null, "wires": null, "voltage": "35000", "circuits": "2", "cables": "6", "POI_CODE": 1 }, "geometry": { "type": "LineString", "coordinates": [ [ 56.3129768, 58.1049133 ], [ 56.3125503, 58.104953 ], [ 56.3112002, 58.1048598 ], [ 56.3103105, 58.1036258 ], [ 56.3099929, 58.1028279 ], [ 56.3100249, 58.1023133 ], [ 56.3078234, 58.1009504 ], [ 56.3055221, 58.0995186 ], [ 56.3039253, 58.0985284 ], [ 56.3015229, 58.0970268 ], [ 56.2993905, 58.0957454 ], [ 56.2967399, 58.0954067 ], [ 56.2927454, 58.0948962 ], [ 56.2915689, 58.0938026 ], [ 56.2881616, 58.0937681 ], [ 56.285426, 58.0936852 ], [ 56.2827712, 58.0935914 ], [ 56.2791624, 58.0934625 ], [ 56.276559, 58.0933405 ] ] } },
{ "type": "Feature", "properties": { "full_id": "w82524604", "osm_id": "82524604", "osm_type": "way", "power": "line", "ref": null, "frequency": null, "circuits:design": null, "layer": null, "name": null, "wires": null, "voltage": "110000", "circuits": "2", "cables": "6", "POI_CODE": 1 }, "geometry": { "type": "LineString", "coordinates": [ [ 56.2621212, 57.9839226 ], [ 56.2637822, 57.9841348 ], [ 56.2668255, 57.984144 ], [ 56.2692011, 57.9841619 ], [ 56.2700605, 57.9848267 ], [ 56.2702892, 57.9853286 ] ] } },
{ "type": "Feature", "properties": { "full_id": "w84331931", "osm_id": "84331931", "osm_type": "way", "power": "line", "ref": null, "frequency": null, "circuits:design": null, "layer": null, "name": null, "wires": null, "voltage": "35000", "circuits": "1", "cables": "3", "POI_CODE": 1 }, "geometry": { "type": "LineString", "coordinates": [ [ 55.9820044, 57.9350192 ], [ 55.9820805, 57.9353779 ], [ 55.9820887, 57.9365452 ], [ 55.9815697, 57.9379079 ], [ 55.9825548, 57.9388107 ], [ 55.9845259, 57.939359 ], [ 55.9847349, 57.9403927 ], [ 55.9854804, 57.941366 ], [ 55.9891965, 57.941366 ], [ 55.992301, 57.9413807 ], [ 55.9945992, 57.9420399 ], [ 55.9977129, 57.9429449 ], [ 56.0006598, 57.9438204 ], [ 56.0027722, 57.9444182 ], [ 56.0033089, 57.9452478 ], [ 56.0043354, 57.9468521 ], [ 56.0053571, 57.9485237 ], [ 56.0076265, 57.9493533 ], [ 56.0098206, 57.9502028 ], [ 56.016996, 57.9508637 ], [ 56.019012, 57.9518153 ], [ 56.0215282, 57.9530056 ], [ 56.0240326, 57.9542085 ], [ 56.026537, 57.9554176 ], [ 56.0290578, 57.9566316 ], [ 56.0314965, 57.9578185 ], [ 56.0340058, 57.9590108 ], [ 56.036515, 57.9602083 ], [ 56.0390041, 57.9614005 ], [ 56.0415134, 57.9626354 ], [ 56.0440126, 57.9638168 ], [ 56.046411, 57.9649928 ], [ 56.047343, 57.9659251 ], [ 56.0464188, 57.9666668 ], [ 56.0447421, 57.968035 ], [ 56.0430397, 57.9694076 ], [ 56.0421798, 57.9700962 ], [ 56.0425926, 57.9704565 ], [ 56.0434524, 57.9712864 ], [ 56.0456965, 57.9722577 ], [ 56.048046, 57.9732951 ], [ 56.0500396, 57.9741825 ], [ 56.0507222, 57.9744863 ], [ 56.0533984, 57.9756433 ], [ 56.0561498, 57.9768572 ], [ 56.0588153, 57.9780141 ], [ 56.0615022, 57.9791995 ], [ 56.0642089, 57.9803748 ], [ 56.0668758, 57.9815561 ], [ 56.0695465, 57.9827165 ], [ 56.0707436, 57.9832682 ], [ 56.0726202, 57.984127 ], [ 56.0749234, 57.9850851 ], [ 56.0772114, 57.9860763 ], [ 56.0782859, 57.988018 ], [ 56.0778476, 57.988252 ], [ 56.0777748, 57.9882867 ], [ 56.0770642, 57.9886656 ], [ 56.0746209, 57.9899515 ], [ 56.072195, 57.9912281 ], [ 56.0697778, 57.9924955 ], [ 56.0657375, 57.9945767 ], [ 56.0638134, 57.9955838 ], [ 56.0626681, 57.9971851 ], [ 56.0613715, 57.9989775 ], [ 56.0602192, 58.0005117 ], [ 56.0600008, 58.0008081 ], [ 56.059003, 58.002162 ], [ 56.0579677, 58.0036396 ], [ 56.0566729, 58.0053833 ], [ 56.0555427, 58.0069079 ], [ 56.0546296, 58.0081691 ], [ 56.0542432, 58.0086994 ], [ 56.055477, 58.0090101 ], [ 56.0553682, 58.0099096 ], [ 56.055387, 58.0100161 ] ] } },
{ "type": "Feature", "properties": { "full_id": "w85645511", "osm_id": "85645511", "osm_type": "way", "power": "line", "ref": null, "frequency": null, "circuits:design": null, "layer": null, "name": null, "wires": null, "voltage": "110000", "circuits": "1", "cables": "3", "POI_CODE": 1 }, "geometry": { "type": "LineString", "coordinates": [ [ 56.1664517, 58.0006858 ], [ 56.1662823, 58.0004012 ] ] } },
{ "type": "Feature", "properties": { "full_id": "w85645513", "osm_id": "85645513", "osm_type": "way", "power": "line", "ref": null, "frequency": null, "circuits:design": null, "layer": null, "name": null, "wires": null, "voltage": "110000", "circuits": "1", "cables": "3", "POI_CODE": 1 }, "geometry": { "type": "LineString", "coordinates": [ [ 56.1666206, 58.0006432 ], [ 56.1662823, 58.0004012 ] ] } },
{ "type": "Feature", "properties": { "full_id": "w86298078", "osm_id": "86298078", "osm_type": "way", "power": "line", "ref": null, "frequency": null, "circuits:design": null, "layer": "2", "name": null, "wires": null, "voltage": "220000", "circuits": "2", "cables": "6", "POI_CODE": 1 }, "geometry": { "type": "LineString", "coordinates": [ ] } },
{ "type": "Feature", "properties": { "full_id": "w86298080", "osm_id": "86298080", "osm_type": "way", "power": "line", "ref": null, "frequency": null, "circuits:design": null, "layer": "2", "name": null, "wires": null, "voltage": "110000", "circuits": "2", "cables": "6", "POI_CODE": 1 }, "geometry": { "type": "LineString", "coordinates": [ [ 56.5945396, 58.0538147 ], [ 56.5946905, 58.0540999 ], [ 56.5936074, 58.055148 ], [ 56.5929243, 58.0558131 ], [ 56.5919886, 58.0567493 ], [ 56.5912145, 58.0574919 ], [ 56.5882902, 58.0602286 ] ] } },
{ "type": "Feature", "properties": { "full_id": "w86298090", "osm_id": "86298090", "osm_type": "way", "power": "line", "ref": null, "frequency": null, "circuits:design": null, "layer": null, "name": null, "wires": null, "voltage": "220000", "circuits": "2", "cables": "6", "POI_CODE": 1 }, "geometry": { "type": "LineString", "coordinates": [ ] } },
{ "type": "Feature", "properties": { "full_id": "w86298091", "osm_id": "86298091", "osm_type": "way", "power": "line", "ref": null, "frequency": null, "circuits:design": null, "layer": null, "name": null, "wires": null, "voltage": null, "circuits": null, "cables": null, "POI_CODE": 1 }, "geometry": null },
{ "type": "Feature", "properties": { "full_id": "w86298092", "osm_id": "86298092", "osm_type": "way", "power": "line", "ref": null, "frequency": null, "circuits:design": null, "layer": null, "name": null, "wires": null, "voltage": null, "circuits": null, "cables": null, "POI_CODE": 1 }, "geometry": null },
{ "type": "Feature", "properties": { "full_id": "w86298093", "osm_id": "86298093", "osm_type": "way", "power": "line", "ref": null, "frequency": null, "circuits:design": null, "layer": null, "name": null, "wires": null, "voltage": "220000", "circuits": null, "cables": "2", "POI_CODE": 1 }, "geometry": { "type": "LineString", "coordinates": [ ] } },
{ "type": "Feature", "properties": { "full_id": "w86298094", "osm_id": "86298094", "osm_type": "way", "power": "line", "ref": null, "frequency": null, "circuits:design": null, "layer": null, "name": null, "wires": null, "voltage": "220000", "circuits": null, "cables": "2", "POI_CODE": 1 }, "geometry": { "type": "LineString", "coordinates": [ ] } },
{ "type": "Feature", "properties": { "full_id": "w86298095", "osm_id": "86298095", "osm_type": "way", "power": "line", "ref": null, "frequency": null, "circuits:design": null, "layer": "2", "name": null, "wires": null, "voltage": "35000", "circuits": "2", "cables": "6", "POI_CODE": 1 }, "geometry": { "type": "LineString", "coordinates": [ [ 56.59159, 58.0515124 ], [ 56.5925073, 58.0523231 ], [ 56.5928663, 58.0526121 ] ] } },
{ "type": "Feature", "properties": { "full_id": "w86298100", "osm_id": "86298100", "osm_type": "way", "power": "line", "ref": null, "frequency": null, "circuits:design": null, "layer": null, "name": null, "wires": null, "voltage": "110000", "circuits": "1", "cables": "3", "POI_CODE": 1 }, "geometry": { "type": "LineString", "coordinates": [ [ 56.6490805, 58.0461669 ], [ 56.6453151, 58.048099 ], [ 56.6430896, 58.04923 ], [ 56.6410485, 58.0502928 ], [ 56.6406059, 58.0505252 ], [ 56.6400779, 58.0508072 ], [ 56.6366021, 58.0525884 ], [ 56.632863, 58.0545136 ], [ 56.6316708, 58.0551447 ], [ 56.6286934, 58.0567208 ], [ 56.6255405, 58.058285 ], [ 56.6232067, 58.0584251 ], [ 56.622062, 58.0591542 ], [ 56.6201366, 58.0603764 ], [ 56.617832, 58.0618451 ], [ 56.6169812, 58.0623794 ], [ 56.6158755, 58.0630723 ], [ 56.6145855, 58.0638928 ], [ 56.6106272, 58.0655062 ], [ 56.6072463, 58.0668587 ], [ 56.6011647, 58.0679721 ], [ 56.5962785, 58.0668126 ], [ 56.5951815, 58.0658569 ], [ 56.5935532, 58.0645035 ], [ 56.5921929, 58.0633808 ], [ 56.5908371, 58.0622519 ], [ 56.5882902, 58.0602286 ] ] } },
{ "type": "Feature", "properties": { "full_id": "w86298101", "osm_id": "86298101", "osm_type": "way", "power": "line", "ref": null, "frequency": null, "circuits:design": null, "layer": null, "name": null, "wires": null, "voltage": "220000", "circuits": null, "cables": "2", "POI_CODE": 1 }, "geometry": { "type": "LineString", "coordinates": [ ] } },
{ "type": "Feature", "properties": { "full_id": "w86298104", "osm_id": "86298104", "osm_type": "way", "power": "line", "ref": null, "frequency": null, "circuits:design": null, "layer": null, "name": null, "wires": null, "voltage": "110000", "circuits": "2", "cables": "6", "POI_CODE": 1 }, "geometry": { "type": "LineString", "coordinates": [ [ 56.5879312, 58.0601172 ], [ 56.5858878, 58.0594297 ], [ 56.5849112, 58.0590976 ], [ 56.5835611, 58.0585411 ] ] } },
{ "type": "Feature", "properties": { "full_id": "w86298107", "osm_id": "86298107", "osm_type": "way", "power": "line", "ref": null, "frequency": null, "circuits:design": null, "layer": null, "name": null, "wires": null, "voltage": null, "circuits": null, "cables": null, "POI_CODE": 1 }, "geometry": null },
{ "type": "Feature", "properties": { "full_id": "w86378747", "osm_id": "86378747", "osm_type": "way", "power": "line", "ref": null, "frequency": null, "circuits:design": null, "layer": null, "name": null, "wires": "single", "voltage": "110000", "circuits": "2", "cables": "6", "POI_CODE": 1 }, "geometry": { "type": "LineString", "coordinates": [ [ 56.2770691, 58.0090284 ], [ 56.2760344, 58.008974 ] ] } },
{ "type": "Feature", "properties": { "full_id": "w93779564", "osm_id": "93779564", "osm_type": "way", "power": "line", "ref": null, "frequency": null, "circuits:design": null, "layer": null, "name": null, "wires": null, "voltage": null, "circuits": null, "cables": null, "POI_CODE": 1 }, "geometry": { "type": "LineString", "coordinates": [ [ 56.2349589, 57.9633355 ], [ 56.2344701, 57.963528 ] ] } },
{ "type": "Feature", "properties": { "full_id": "w94874924", "osm_id": "94874924", "osm_type": "way", "power": "line", "ref": "ВЛ-35 КВ МУЛЛЫ – УСТЬ-КАЧКА Ц.№1,2", "frequency": null, "circuits:design": null, "layer": null, "name": null, "wires": null, "voltage": "35000", "circuits": "1", "cables": "3", "POI_CODE": 1 }, "geometry": { "type": "LineString", "coordinates": [ ] } },
{ "type": "Feature", "properties": { "full_id": "w94874935", "osm_id": "94874935", "osm_type": "way", "power": "line", "ref": null, "frequency": null, "circuits:design": null, "layer": null, "name": null, "wires": null, "voltage": "110000;35000", "circuits": "2", "cables": "6", "POI_CODE": 1 }, "geometry": { "type": "LineString", "coordinates": [ [ 56.1406945, 57.9245605 ], [ 56.1394339, 57.9253692 ], [ 56.1379536, 57.9262512 ], [ 56.1360682, 57.9274263 ], [ 56.1344469, 57.9284276 ], [ 56.1328441, 57.929404 ], [ 56.1312383, 57.9303798 ], [ 56.129599, 57.9313618 ], [ 56.1277172, 57.9325086 ], [ 56.1259164, 57.9316723 ] ] } },
{ "type": "Feature", "properties": { "full_id": "w94874939", "osm_id": "94874939", "osm_type": "way", "power": "line", "ref": null, "frequency": null, "circuits:design": null, "layer": null, "name": null, "wires": null, "voltage": "35000", "circuits": "1", "cables": "3", "POI_CODE": 1 }, "geometry": null },
{ "type": "Feature", "properties": { "full_id": "w94874948", "osm_id": "94874948", "osm_type": "way", "power": "line", "ref": null, "frequency": null, "circuits:design": null, "layer": null, "name": null, "wires": null, "voltage": "35000", "circuits": "2", "cables": "6", "POI_CODE": 1 }, "geometry": null },
{ "type": "Feature", "properties": { "full_id": "w94874952", "osm_id": "94874952", "osm_type": "way", "power": "line", "ref": null, "frequency": null, "circuits:design": null, "layer": null, "name": null, "wires": null, "voltage": "35000", "circuits": "2", "cables": "6", "POI_CODE": 1 }, "geometry": { "type": "LineString", "coordinates": [ [ 55.9853338, 57.936211 ], [ 55.9877106, 57.9354433 ], [ 55.9898115, 57.9349744 ], [ 55.9910261, 57.9346848 ], [ 55.9942507, 57.933925 ], [ 55.9982064, 57.9328871 ], [ 55.9996818, 57.9313142 ], [ 56.0013664, 57.9294636 ], [ 56.0025583, 57.9281409 ], [ 56.0035472, 57.9270842 ], [ 56.0040173, 57.9265664 ], [ 56.0050725, 57.925404 ], [ 56.0055479, 57.9248804 ], [ 56.0067721, 57.9240798 ], [ 56.0079727, 57.9232554 ], [ 56.0086076, 57.9228195 ], [ 56.0089389, 57.922592 ], [ 56.0106092, 57.9215012 ], [ 56.0145325, 57.9216998 ] ] } },
{ "type": "Feature", "properties": { "full_id": "w94874957", "osm_id": "94874957", "osm_type": "way", "power": "line", "ref": null, "frequency": null, "circuits:design": null, "layer": null, "name": null, "wires": null, "voltage": "110000;35000", "circuits": "2", "cables": "6", "POI_CODE": 1 }, "geometry": { "type": "LineString", "coordinates": [ [ 56.1594646, 57.9105643 ], [ 56.1562031, 57.9126104 ], [ 56.1553663, 57.9135883 ], [ 56.1562182, 57.914263 ], [ 56.1535669, 57.9158966 ], [ 56.151628, 57.9170668 ], [ 56.1491971, 57.9185258 ], [ 56.1472767, 57.9197167 ], [ 56.144809, 57.921221 ], [ 56.1431567, 57.9222458 ], [ 56.14125, 57.9234559 ] ] } },
{ "type": "Feature", "properties": { "full_id": "w94874961", "osm_id": "94874961", "osm_type": "way", "power": "line", "ref": null, "frequency": null, "circuits:design": null, "layer": null, "name": null, "wires": null, "voltage": "35000", "circuits": "1", "cables": "3", "POI_CODE": 1 }, "geometry": null },
{ "type": "Feature", "properties": { "full_id": "w94874964", "osm_id": "94874964", "osm_type": "way", "power": "line", "ref": null, "frequency": null, "circuits:design": null, "layer": null, "name": null, "wires": null, "voltage": "110000", "circuits": "2", "cables": "6", "POI_CODE": 1 }, "geometry": { "type": "LineString", "coordinates": [ [ 56.1575227, 57.9138927 ], [ 56.1564135, 57.9146013 ], [ 56.153391, 57.9164715 ], [ 56.151673, 57.9175344 ], [ 56.1501413, 57.918446 ], [ 56.1485212, 57.9194318 ], [ 56.1468904, 57.920429 ], [ 56.1453026, 57.9213976 ], [ 56.1442511, 57.9220643 ], [ 56.1436289, 57.9224631 ] ] } },
{ "type": "Feature", "properties": { "full_id": "w94874972", "osm_id": "94874972", "osm_type": "way", "power": "line", "ref": null, "frequency": null, "circuits:design": null, "layer": null, "name": null, "wires": null, "voltage": "110000", "circuits": "1", "cables": "3", "POI_CODE": 1 }, "geometry": null },
{ "type": "Feature", "properties": { "full_id": "w94874976", "osm_id": "94874976", "osm_type": "way", "power": "line", "ref": null, "frequency": null, "circuits:design": null, "layer": null, "name": null, "wires": null, "voltage": "110000", "circuits": "2", "cables": "6", "POI_CODE": 1 }, "geometry": { "type": "LineString", "coordinates": [ [ 56.1450311, 57.9227016 ], [ 56.1440296, 57.9224461 ], [ 56.1467319, 57.9208264 ], [ 56.1484209, 57.9198077 ], [ 56.1508386, 57.9208563 ], [ 56.1539814, 57.9223633 ], [ 56.1565104, 57.9234539 ], [ 56.1621019, 57.9266387 ], [ 56.1617948, 57.9281675 ], [ 56.1604475, 57.9293407 ], [ 56.1589098, 57.930705 ], [ 56.1572902, 57.9321638 ], [ 56.1585774, 57.9333412 ], [ 56.1598363, 57.9344839 ], [ 56.1615271, 57.9358905 ], [ 56.1610763, 57.9378133 ], [ 56.1608077, 57.9389767 ], [ 56.1594724, 57.9402995 ], [ 56.1580968, 57.9416199 ], [ 56.1559912, 57.943749 ], [ 56.1542162, 57.9454919 ], [ 56.1532782, 57.946454 ], [ 56.1521037, 57.9475788 ], [ 56.1510786, 57.9486283 ], [ 56.1491472, 57.9505319 ], [ 56.1476576, 57.9520027 ], [ 56.1466169, 57.9530331 ], [ 56.1468825, 57.9552675 ], [ 56.1471748, 57.9574121 ], [ 56.1474857, 57.9594845 ], [ 56.1494384, 57.9605773 ], [ 56.1486605, 57.9612261 ], [ 56.1476252, 57.9620642 ], [ 56.1466703, 57.9628354 ], [ 56.147601, 57.9632967 ], [ 56.1504254, 57.9641269 ], [ 56.1531264, 57.9648828 ], [ 56.1561376, 57.9657717 ], [ 56.1587918, 57.9665566 ], [ 56.1614117, 57.9672701 ], [ 56.1642549, 57.9680952 ], [ 56.1670015, 57.968909 ], [ 56.1696837, 57.969717 ], [ 56.1721298, 57.9704473 ], [ 56.1747924, 57.9712068 ], [ 56.1774192, 57.9719816 ], [ 56.1801121, 57.9727611 ], [ 56.1825227, 57.9734855 ], [ 56.1849561, 57.9742433 ], [ 56.1877403, 57.9751849 ], [ 56.1902938, 57.9760838 ], [ 56.1924932, 57.9757538 ], [ 56.1946282, 57.9754238 ], [ 56.1968491, 57.9750938 ], [ 56.1992952, 57.9757766 ], [ 56.2016663, 57.9764422 ], [ 56.2038657, 57.9770851 ], [ 56.2056467, 57.9776369 ], [ 56.2076316, 57.9782058 ], [ 56.2096915, 57.9788088 ], [ 56.2120733, 57.9794915 ], [ 56.2130679, 57.9797762 ], [ 56.2145465, 57.9801529 ], [ 56.2162871, 57.9799466 ], [ 56.2185911, 57.9796991 ], [ 56.2208254, 57.9794118 ], [ 56.2232098, 57.9790563 ], [ 56.2250874, 57.9788031 ], [ 56.2250043, 57.977351 ], [ 56.2249731, 57.9757478 ], [ 56.2249586, 57.9747659 ], [ 56.2268222, 57.9736869 ], [ 56.2283382, 57.9728294 ], [ 56.228813, 57.9721595 ], [ 56.2300658, 57.9715458 ], [ 56.2311706, 57.97102 ] ] } },
{ "type": "Feature", "properties": { "full_id": "w94874978", "osm_id": "94874978", "osm_type": "way", "power": "line", "ref": null, "frequency": null, "circuits:design": null, "layer": null, "name": null, "wires": null, "voltage": "35000", "circuits": "2", "cables": "6", "POI_CODE": 1 }, "geometry": null },
{ "type": "Feature", "properties": { "full_id": "w94874990", "osm_id": "94874990", "osm_type": "way", "power": "line", "ref": null, "frequency": null, "circuits:design": null, "layer": null, "name": null, "wires": null, "voltage": "35000", "circuits": "1", "cables": "3", "POI_CODE": 1 }, "geometry": { "type": "LineString", "coordinates": [ ] } },
{ "type": "Feature", "properties": { "full_id": "w94874993", "osm_id": "94874993", "osm_type": "way", "power": "line", "ref": null, "frequency": null, "circuits:design": null, "layer": null, "name": null, "wires": null, "voltage": "110000", "circuits": "1", "cables": "3", "POI_CODE": 1 }, "geometry": null },
{ "type": "Feature", "properties": { "full_id": "w94874999", "osm_id": "94874999", "osm_type": "way", "power": "line", "ref": null, "frequency": null, "circuits:design": null, "layer": null, "name": null, "wires": null, "voltage": "110000", "circuits": "1", "cables": "3", "POI_CODE": 1 }, "geometry": null },
{ "type": "Feature", "properties": { "full_id": "w94875000", "osm_id": "94875000", "osm_type": "way", "power": "line", "ref": null, "frequency": null, "circuits:design": null, "layer": null, "name": null, "wires": null, "voltage": "110000", "circuits": "4", "cables": "12", "POI_CODE": 1 }, "geometry": { "type": "LineString", "coordinates": [ [ 56.1484784, 57.9508233 ], [ 56.1506357, 57.9486953 ], [ 56.1520321, 57.9472954 ], [ 56.1532998, 57.9460371 ], [ 56.1541413, 57.9451895 ], [ 56.1555826, 57.943768 ], [ 56.1569609, 57.9424221 ], [ 56.1584937, 57.9408728 ], [ 56.1603174, 57.9390403 ], [ 56.1606211, 57.9377021 ] ] } },
{ "type": "Feature", "properties": { "full_id": "w94875007", "osm_id": "94875007", "osm_type": "way", "power": "line", "ref": null, "frequency": null, "circuits:design": null, "layer": null, "name": null, "wires": null, "voltage": "110000", "circuits": "1", "cables": "3", "POI_CODE": 1 }, "geometry": null },
{ "type": "Feature", "properties": { "full_id": "w94875017", "osm_id": "94875017", "osm_type": "way", "power": "line", "ref": null, "frequency": null, "circuits:design": null, "layer": null, "name": null, "wires": null, "voltage": "110000", "circuits": "2", "cables": "6", "POI_CODE": 1 }, "geometry": { "type": "LineString", "coordinates": [ [ 55.9525724, 57.934438 ], [ 55.9567183, 57.9356311 ], [ 55.9599473, 57.936559 ], [ 55.9633143, 57.9375406 ], [ 55.9656545, 57.9372468 ], [ 55.9671286, 57.9371127 ], [ 55.9694838, 57.9368475 ], [ 55.972288, 57.9365481 ], [ 55.9764587, 57.9360721 ], [ 55.9797138, 57.9357169 ], [ 55.9815648, 57.9355066 ] ] } },
{ "type": "Feature", "properties": { "full_id": "w94875021", "osm_id": "94875021", "osm_type": "way", "power": "line", "ref": "ВЛ-35 КВ МУЛЛЫ – УСТЬ-КАЧКА Ц.№1,2", "frequency": null, "circuits:design": null, "layer": null, "name": null, "wires": null, "voltage": "35000", "circuits": "1", "cables": "3", "POI_CODE": 1 }, "geometry": null },
{ "type": "Feature", "properties": { "full_id": "w94875027", "osm_id": "94875027", "osm_type": "way", "power": "line", "ref": null, "frequency": null, "circuits:design": null, "layer": null, "name": null, "wires": null, "voltage": "110000", "circuits": "2", "cables": "6", "POI_CODE": 1 }, "geometry": null },
{ "type": "Feature", "properties": { "full_id": "w97945161", "osm_id": "97945161", "osm_type": "way", "power": "line", "ref": null, "frequency": null, "circuits:design": null, "layer": null, "name": null, "wires": null, "voltage": "110000", "circuits": "2", "cables": "6", "POI_CODE": 1 }, "geometry": { "type": "LineString", "coordinates": [ [ 55.8875802, 58.0182298 ], [ 55.889181, 58.0185193 ], [ 55.889647, 58.0196856 ], [ 55.8901756, 58.0210071 ], [ 55.8908059, 58.0225498 ], [ 55.8914684, 58.0241036 ], [ 55.8921214, 58.0256447 ], [ 55.8949882, 58.0273907 ], [ 55.8972065, 58.0287038 ], [ 55.9004011, 58.0306677 ], [ 55.9036744, 58.0310495 ], [ 55.9072488, 58.0315027 ] ] } },
{ "type": "Feature", "properties": { "full_id": "w97945163", "osm_id": "97945163", "osm_type": "way", "power": "line", "ref": null, "frequency": null, "circuits:design": null, "layer": null, "name": null, "wires": null, "voltage": "110000", "circuits": "2", "cables": "6", "POI_CODE": 1 }, "geometry": { "type": "LineString", "coordinates": [ [ 55.8872213, 58.0176806 ], [ 55.8915496, 58.0177557 ], [ 55.8931354, 58.015755 ], [ 55.8946565, 58.0139113 ], [ 55.893641, 58.0115099 ], [ 55.8925361, 58.0087504 ], [ 55.8890672, 57.9999643 ], [ 55.8883234, 57.9981353 ], [ 55.8878458, 57.9969608 ], [ 55.8878128, 57.996877 ], [ 55.8869832, 57.9947704 ], [ 55.8869566, 57.9947029 ], [ 55.8862335, 57.9928799 ], [ 55.8849959, 57.989862 ], [ 55.8841155, 57.9881226 ], [ 55.8838646, 57.9872 ], [ 55.8881454, 57.9859703 ], [ 55.8911073, 57.9849579 ], [ 55.8945175, 57.9838473 ], [ 55.8992274, 57.9823134 ], [ 55.9040722, 57.9806642 ], [ 55.9087156, 57.9791277 ], [ 55.9111563, 57.978181 ] ] } },
{ "type": "Feature", "properties": { "full_id": "w97945168", "osm_id": "97945168", "osm_type": "way", "power": "line", "ref": null, "frequency": null, "circuits:design": null, "layer": null, "name": null, "wires": "single", "voltage": "110000", "circuits": "2", "cables": "6", "POI_CODE": 1 }, "geometry": { "type": "LineString", "coordinates": [ [ 55.9129448, 58.0565534 ], [ 55.9122642, 58.0546163 ], [ 55.9115836, 58.0527039 ], [ 55.910914, 58.0507395 ], [ 55.9100336, 58.0486343 ], [ 55.9092202, 58.0467236 ], [ 55.9085516, 58.0447952 ], [ 55.9076576, 58.0428803 ], [ 55.9066963, 58.0406004 ], [ 55.9062275, 58.0395401 ], [ 55.9097223, 58.0388924 ], [ 55.9127978, 58.0383207 ] ] } },
{ "type": "Feature", "properties": { "full_id": "w97945170", "osm_id": "97945170", "osm_type": "way", "power": "line", "ref": null, "frequency": null, "circuits:design": null, "layer": null, "name": null, "wires": null, "voltage": "220000;110000", "circuits": "1;1", "cables": "3;3", "POI_CODE": 1 }, "geometry": null },
{ "type": "Feature", "properties": { "full_id": "w97945174", "osm_id": "97945174", "osm_type": "way", "power": "line", "ref": null, "frequency": null, "circuits:design": null, "layer": "2", "name": null, "wires": null, "voltage": "35000", "circuits": "2", "cables": "6", "POI_CODE": 1 }, "geometry": { "type": "LineString", "coordinates": [ [ 56.276559, 58.0933405 ], [ 56.2757167, 58.0923028 ], [ 56.274043, 58.0912707 ], [ 56.2722084, 58.0900854 ], [ 56.2706527, 58.0891667 ], [ 56.2690112, 58.0880551 ], [ 56.2689421, 58.0878591 ], [ 56.2686571, 58.0870513 ], [ 56.26811, 58.0854632 ], [ 56.2676593, 58.084221 ], [ 56.2672087, 58.0828767 ], [ 56.265299, 58.0816856 ], [ 56.2633678, 58.0805 ], [ 56.2616834, 58.0794505 ], [ 56.2601492, 58.0784408 ], [ 56.2596986, 58.0771019 ], [ 56.2592694, 58.0757744 ], [ 56.2588081, 58.0744468 ], [ 56.2583896, 58.0732042 ], [ 56.257939, 58.0718652 ], [ 56.2575421, 58.0706339 ], [ 56.2570163, 58.0690394 ], [ 56.2565443, 58.0677343 ], [ 56.2560186, 58.066134 ], [ 56.2578317, 58.0650785 ], [ 56.2594732, 58.0640626 ], [ 56.2611255, 58.0630921 ], [ 56.2625838, 58.062227 ], [ 56.2637424, 58.0618844 ], [ 56.2645719, 58.0614269 ], [ 56.2661895, 58.0603962 ], [ 56.2681207, 58.0593008 ], [ 56.2697193, 58.0583756 ], [ 56.2716076, 58.0573084 ], [ 56.2732813, 58.0563681 ], [ 56.2754163, 58.0551175 ], [ 56.2770897, 58.0541626 ], [ 56.2762317, 58.0520291 ], [ 56.2758973, 58.0505824 ], [ 56.2780002, 58.0495491 ], [ 56.2800172, 58.0485896 ], [ 56.282002, 58.0476244 ] ] } },
{ "type": "Feature", "properties": { "full_id": "w97945180", "osm_id": "97945180", "osm_type": "way", "power": "line", "ref": null, "frequency": null, "circuits:design": null, "layer": null, "name": null, "wires": "single", "voltage": "35000", "circuits": "2", "cables": "6", "POI_CODE": 1 }, "geometry": { "type": "LineString", "coordinates": [ [ 55.951663, 58.0258342 ], [ 55.948462, 58.0265199 ], [ 55.9475945, 58.0265689 ], [ 55.9462466, 58.0271396 ], [ 55.9446067, 58.0279272 ], [ 55.9443855, 58.0294943 ], [ 55.9441871, 58.0313319 ], [ 55.9440041, 58.033137 ], [ 55.943699, 58.0357699 ], [ 55.9444592, 58.0361965 ], [ 55.9465029, 58.0362961 ], [ 55.9494929, 58.0363932 ], [ 55.9527031, 58.0364863 ], [ 55.9564903, 58.0366049 ], [ 55.9604214, 58.0367205 ], [ 55.9641909, 58.0368195 ], [ 55.9674537, 58.0369108 ], [ 55.9708989, 58.0370163 ], [ 55.9751549, 58.0371488 ], [ 55.9791318, 58.0372345 ], [ 55.9828257, 58.037334 ], [ 55.9860214, 58.0374405 ], [ 55.9862932, 58.0376007 ], [ 56.0163718, 58.0384834 ], [ 56.019499, 58.0385909 ], [ 56.0220401, 58.0386648 ], [ 56.0253324, 58.0387613 ], [ 56.0278263, 58.0388477 ] ] } },
{ "type": "Feature", "properties": { "full_id": "w97945196", "osm_id": "97945196", "osm_type": "way", "power": "line", "ref": null, "frequency": null, "circuits:design": null, "layer": null, "name": null, "wires": "single", "voltage": "110000", "circuits": "2", "cables": "6", "POI_CODE": 1 }, "geometry": { "type": "LineString", "coordinates": [ [ 55.7747474, 58.0754467 ], [ 55.7757739, 58.0751625 ], [ 55.776195, 58.0754433 ], [ 55.777563, 58.0761326 ], [ 55.7802398, 58.0775864 ], [ 55.7800681, 58.0785863 ], [ 55.7815434, 58.0786146 ], [ 55.7843578, 58.0777217 ], [ 55.7860811, 58.078272 ], [ 55.7883596, 58.0780479 ], [ 55.7908326, 58.078401 ], [ 55.7917137, 58.0795547 ], [ 55.7927343, 58.0808595 ], [ 55.7943429, 58.0829371 ], [ 55.7960071, 58.0854271 ], [ 55.7963527, 58.0860991 ], [ 55.7970152, 58.0871414 ], [ 55.7963779, 58.0887938 ], [ 55.7956833, 58.0906799 ], [ 55.7948004, 58.0926182 ], [ 55.7936278, 58.0938902 ], [ 55.7920887, 58.0953166 ], [ 55.7748264, 58.0952094 ], [ 55.7711627, 58.0969215 ], [ 55.7667991, 58.0981178 ], [ 55.7618081, 58.0995086 ], [ 55.7565853, 58.1009426 ], [ 55.7546046, 58.1014812 ], [ 55.7485364, 58.0992113 ], [ 55.7449227, 58.0980853 ], [ 55.740167, 58.096626 ], [ 55.7362124, 58.0954008 ] ] } },
{ "type": "Feature", "properties": { "full_id": "w97945204", "osm_id": "97945204", "osm_type": "way", "power": "line", "ref": null, "frequency": null, "circuits:design": null, "layer": null, "name": null, "wires": "single", "voltage": "110000", "circuits": "2", "cables": "6", "POI_CODE": 1 }, "geometry": { "type": "LineString", "coordinates": [ [ 55.8442192, 58.0737774 ], [ 55.8408879, 58.0738143 ], [ 55.8376419, 58.0738621 ], [ 55.8344452, 58.0738937 ], [ 55.831226, 58.0739301 ], [ 55.8280186, 58.0739561 ], [ 55.825197, 58.0739958 ], [ 55.8224021, 58.0740213 ], [ 55.8195965, 58.0739873 ], [ 55.8167641, 58.0739674 ], [ 55.8153794, 58.0738973 ], [ 55.8142958, 58.0737568 ], [ 55.8115787, 58.0738349 ], [ 55.8084888, 58.0739398 ], [ 55.8058549, 58.0740193 ], [ 55.803507, 58.0740336 ], [ 55.8003259, 58.0740409 ], [ 55.7973964, 58.0740829 ] ] } },
{ "type": "Feature", "properties": { "full_id": "w97945206", "osm_id": "97945206", "osm_type": "way", "power": "line", "ref": null, "frequency": null, "circuits:design": null, "layer": "2", "name": null, "wires": null, "voltage": "110000", "circuits": "2", "cables": "6", "POI_CODE": 1 }, "geometry": { "type": "LineString", "coordinates": [ [ 55.9855898, 58.0727169 ], [ 55.9896075, 58.0723099 ], [ 55.9928948, 58.0719719 ], [ 55.9966255, 58.0715994 ], [ 56.0010476, 58.0711647 ], [ 56.004393, 58.0708152 ], [ 56.0085868, 58.070377 ], [ 56.0116216, 58.07006 ], [ 56.0145675, 58.0697522 ], [ 56.0180143, 58.0693958 ], [ 56.0203504, 58.0691408 ], [ 56.0233679, 58.0688329 ], [ 56.0261061, 58.0685332 ], [ 56.0294325, 58.0682089 ], [ 56.0324066, 58.0674569 ], [ 56.0355765, 58.0666634 ], [ 56.0394115, 58.065725 ], [ 56.0426466, 58.0649039 ], [ 56.0447598, 58.0644002 ], [ 56.0472122, 58.0637723 ], [ 56.0508218, 58.0628396 ], [ 56.0534224, 58.0621935 ], [ 56.056336, 58.0614598 ], [ 56.0590577, 58.0608027 ], [ 56.0617031, 58.0595075 ], [ 56.062586, 58.0574716 ], [ 56.0634883, 58.055519 ], [ 56.0643214, 58.0535235 ], [ 56.0646137, 58.0521015 ] ] } },
{ "type": "Feature", "properties": { "full_id": "w97945208", "osm_id": "97945208", "osm_type": "way", "power": "line", "ref": null, "frequency": null, "circuits:design": null, "layer": null, "name": null, "wires": null, "voltage": "35000", "circuits": "1", "cables": "3", "POI_CODE": 1 }, "geometry": null },
{ "type": "Feature", "properties": { "full_id": "w97945213", "osm_id": "97945213", "osm_type": "way", "power": "line", "ref": null, "frequency": null, "circuits:design": null, "layer": null, "name": null, "wires": null, "voltage": "110000", "circuits": "2", "cables": "6", "POI_CODE": 1 }, "geometry": { "type": "LineString", "coordinates": [ [ 55.8877798, 58.0191515 ], [ 55.8888004, 58.0194876 ], [ 55.8894507, 58.0211311 ], [ 55.8900207, 58.0225877 ], [ 55.8908726, 58.0247407 ], [ 55.8902095, 58.0258582 ], [ 55.8882946, 58.0261108 ], [ 55.8850737, 58.0265015 ], [ 55.8816202, 58.0269396 ], [ 55.8796429, 58.0271609 ], [ 55.8749783, 58.0277335 ], [ 55.8695377, 58.0283849 ], [ 55.8634847, 58.0291323 ], [ 55.8586127, 58.0297163 ], [ 55.8597509, 58.0323969 ], [ 55.860853, 58.0349924 ], [ 55.8615406, 58.0366116 ], [ 55.8622248, 58.0382227 ], [ 55.862568, 58.0390308 ], [ 55.8631905, 58.0404966 ], [ 55.8638853, 58.0421324 ], [ 55.860495, 58.0481116 ], [ 55.8488488, 58.0498433 ], [ 55.8421671, 58.0478433 ], [ 55.8421366, 58.0462272 ], [ 55.8421299, 58.0446969 ], [ 55.8420722, 58.0429061 ], [ 55.8420896, 58.0418343 ] ] } },
{ "type": "Feature", "properties": { "full_id": "w97945216", "osm_id": "97945216", "osm_type": "way", "power": "line", "ref": null, "frequency": null, "circuits:design": null, "layer": null, "name": null, "wires": null, "voltage": "110000", "circuits": "2", "cables": "6", "POI_CODE": 1 }, "geometry": { "type": "LineString", "coordinates": [ [ 55.9195998, 58.0301005 ], [ 55.9210485, 58.0303954 ], [ 55.9214616, 58.0305402 ], [ 55.9243557, 58.0292408 ], [ 55.9268153, 58.02816 ], [ 55.9296031, 58.0276392 ], [ 55.9377058, 58.0261053 ], [ 55.9403841, 58.0256084 ], [ 55.9432856, 58.0251345 ], [ 55.9465746, 58.0260111 ], [ 55.9487019, 58.0262871 ], [ 55.9511913, 58.0255087 ] ] } },
{ "type": "Feature", "properties": { "full_id": "w97945218", "osm_id": "97945218", "osm_type": "way", "power": "line", "ref": null, "frequency": null, "circuits:design": null, "layer": null, "name": null, "wires": "single", "voltage": "110000", "circuits": "2", "cables": "6", "POI_CODE": 1 }, "geometry": { "type": "LineString", "coordinates": [ [ 55.9117134, 58.0178404 ], [ 55.9133359, 58.0167955 ], [ 55.9098248, 58.0147916 ], [ 55.9069127, 58.0150805 ], [ 55.9031069, 58.015474 ], [ 55.8995498, 58.0158743 ], [ 55.8958483, 58.016202 ], [ 55.8931987, 58.0177735 ], [ 55.8901028, 58.0180848 ], [ 55.8871977, 58.0178435 ] ] } },
{ "type": "Feature", "properties": { "full_id": "w97945221", "osm_id": "97945221", "osm_type": "way", "power": "line", "ref": null, "frequency": null, "circuits:design": null, "layer": null, "name": null, "wires": null, "voltage": "110000", "circuits": "1", "cables": "3", "POI_CODE": 1 }, "geometry": { "type": "LineString", "coordinates": [ [ 55.9116772, 57.9782137 ], [ 55.9114699, 57.9783172 ], [ 55.9053813, 57.9806642 ], [ 55.9017113, 57.9818091 ], [ 55.8980835, 57.9829898 ], [ 55.8946246, 57.9841417 ], [ 55.8918186, 57.9850715 ], [ 55.8900258, 57.9856862 ], [ 55.8875218, 57.9864868 ], [ 55.8848424, 57.9874061 ], [ 55.885617, 57.9893972 ], [ 55.8864553, 57.991526 ], [ 55.8872204, 57.9932891 ], [ 55.8878165, 57.9948169 ], [ 55.8886354, 57.996988 ], [ 55.8894386, 57.999027 ], [ 55.89023, 58.0008963 ], [ 55.891002, 58.0027707 ], [ 55.8917739, 58.0047588 ], [ 55.8923309, 58.0061515 ], [ 55.893062, 58.0080809 ], [ 55.8939434, 58.0102912 ], [ 55.8946762, 58.0121466 ], [ 55.8962195, 58.0160053 ], [ 55.8958483, 58.016202 ] ] } },
{ "type": "Feature", "properties": { "full_id": "w97945230", "osm_id": "97945230", "osm_type": "way", "power": "line", "ref": null, "frequency": null, "circuits:design": null, "layer": null, "name": null, "wires": null, "voltage": "35000", "circuits": "1", "cables": "3", "POI_CODE": 1 }, "geometry": null },
{ "type": "Feature", "properties": { "full_id": "w98722604", "osm_id": "98722604", "osm_type": "way", "power": "line", "ref": null, "frequency": null, "circuits:design": null, "layer": null, "name": null, "wires": null, "voltage": "110000", "circuits": "2", "cables": "6", "POI_CODE": 1 }, "geometry": { "type": "LineString", "coordinates": [ [ 56.2901499, 57.987621 ], [ 56.2904749, 57.9881027 ], [ 56.2910254, 57.9890249 ] ] } },
{ "type": "Feature", "properties": { "full_id": "w98722613", "osm_id": "98722613", "osm_type": "way", "power": "line", "ref": null, "frequency": null, "circuits:design": null, "layer": null, "name": null, "wires": "single", "voltage": "110000", "circuits": "1", "cables": "3", "POI_CODE": 1 }, "geometry": null },
{ "type": "Feature", "properties": { "full_id": "w109887319", "osm_id": "109887319", "osm_type": "way", "power": "line", "ref": null, "frequency": null, "circuits:design": null, "layer": null, "name": null, "wires": null, "voltage": "35000", "circuits": "1", "cables": "3", "POI_CODE": 1 }, "geometry": { "type": "LineString", "coordinates": [ [ 56.1290327, 57.9447499 ], [ 56.1292507, 57.9451141 ] ] } },
{ "type": "Feature", "properties": { "full_id": "w109887322", "osm_id": "109887322", "osm_type": "way", "power": "line", "ref": null, "frequency": null, "circuits:design": null, "layer": null, "name": null, "wires": null, "voltage": "35000", "circuits": "1", "cables": "3", "POI_CODE": 1 }, "geometry": { "type": "LineString", "coordinates": [ [ 56.1290327, 57.9447499 ], [ 56.129079, 57.9451511 ] ] } },
{ "type": "Feature", "properties": { "full_id": "w112649085", "osm_id": "112649085", "osm_type": "way", "power": "line", "ref": null, "frequency": null, "circuits:design": null, "layer": null, "name": null, "wires": null, "voltage": null, "circuits": null, "cables": null, "POI_CODE": 1 }, "geometry": { "type": "LineString", "coordinates": [ [ 56.2802199, 58.0098044 ], [ 56.2799726, 58.0097357 ], [ 56.2778303, 58.0088076 ] ] } },
{ "type": "Feature", "properties": { "full_id": "w145399603", "osm_id": "145399603", "osm_type": "way", "power": "line", "ref": null, "frequency": null, "circuits:design": null, "layer": null, "name": null, "wires": null, "voltage": "35000", "circuits": "1", "cables": "3", "POI_CODE": 1 }, "geometry": { "type": "LineString", "coordinates": [ ] } },
{ "type": "Feature", "properties": { "full_id": "w145796554", "osm_id": "145796554", "osm_type": "way", "power": "line", "ref": null, "frequency": null, "circuits:design": null, "layer": null, "name": null, "wires": null, "voltage": "35000", "circuits": "1", "cables": "3", "POI_CODE": 1 }, "geometry": { "type": "LineString", "coordinates": [ ] } },
{ "type": "Feature", "properties": { "full_id": "w177678816", "osm_id": "177678816", "osm_type": "way", "power": "line", "ref": null, "frequency": null, "circuits:design": null, "layer": null, "name": null, "wires": null, "voltage": "110000", "circuits": "2", "cables": "6", "POI_CODE": 1 }, "geometry": null },
{ "type": "Feature", "properties": { "full_id": "w204363867", "osm_id": "204363867", "osm_type": "way", "power": "line", "ref": null, "frequency": null, "circuits:design": null, "layer": "2", "name": null, "wires": null, "voltage": "220000", "circuits": "1", "cables": "3", "POI_CODE": 1 }, "geometry": { "type": "LineString", "coordinates": [ [ 56.6486537, 58.0467184 ], [ 56.6432996, 58.0494797 ], [ 56.6386958, 58.0518411 ], [ 56.6335803, 58.0544702 ], [ 56.62914, 58.0567772 ], [ 56.6240948, 58.0593828 ], [ 56.6181165, 58.062417 ], [ 56.6148162, 58.0641057 ], [ 56.6091042, 58.0664006 ], [ 56.5269669, 58.0739708 ], [ 56.5217044, 58.0725354 ], [ 56.5163024, 58.0709892 ], [ 56.5095486, 58.0714176 ], [ 56.5026392, 58.0718431 ], [ 56.4952471, 58.0723198 ], [ 56.4883049, 58.0727396 ], [ 56.4836346, 58.0730269 ], [ 56.4769115, 58.0734346 ], [ 56.4703562, 58.073863 ], [ 56.4634683, 58.0742602 ], [ 56.4575567, 58.0746403 ], [ 56.4504113, 58.0751169 ], [ 56.4433517, 58.0755481 ], [ 56.4365496, 58.0759622 ], [ 56.4300908, 58.0763821 ], [ 56.4258851, 58.077494 ], [ 56.4252629, 58.080251 ], [ 56.4246621, 58.0831099 ], [ 56.4240612, 58.0858268 ], [ 56.4234926, 58.0886059 ], [ 56.4184608, 58.0906192 ], [ 56.413429, 58.0925586 ], [ 56.4084722, 58.0944923 ], [ 56.4035155, 58.0964428 ], [ 56.3992776, 58.0981155 ], [ 56.3933446, 58.0999524 ], [ 56.3874437, 58.1017156 ], [ 56.3814678, 58.1035808 ], [ 56.3768436, 58.1049583 ], [ 56.3743116, 58.1057519 ], [ 56.3705351, 58.1068969 ], [ 56.3653852, 58.1084501 ], [ 56.3634862, 58.1090962 ], [ 56.3574781, 58.1113067 ], [ 56.3510837, 58.1137551 ], [ 56.349925, 58.1137551 ] ] } },
{ "type": "Feature", "properties": { "full_id": "w205196217", "osm_id": "205196217", "osm_type": "way", "power": "line", "ref": null, "frequency": null, "circuits:design": null, "layer": null, "name": null, "wires": null, "voltage": "220000", "circuits": "2", "cables": "6", "POI_CODE": 1 }, "geometry": { "type": "LineString", "coordinates": [ [ 56.3042865, 57.9273029 ], [ 56.304981, 57.9273357 ], [ 56.3062944, 57.9273756 ], [ 56.3099557, 57.9273413 ], [ 56.3140544, 57.9273599 ], [ 56.3187593, 57.9278332 ], [ 56.3233181, 57.9282917 ], [ 56.3279496, 57.9287846 ], [ 56.3319645, 57.9291981 ], [ 56.3367405, 57.9296392 ], [ 56.3363995, 57.930753 ], [ 56.3358459, 57.9326152 ], [ 56.3376161, 57.9345974 ], [ 56.3395752, 57.9367025 ], [ 56.3415214, 57.9388348 ], [ 56.3433668, 57.9409021 ], [ 56.3462528, 57.9424339 ], [ 56.348699, 57.9437209 ], [ 56.3512203, 57.9450875 ], [ 56.3536128, 57.9463857 ], [ 56.3572499, 57.948333 ], [ 56.3599214, 57.9497735 ], [ 56.3620886, 57.9509406 ], [ 56.3604685, 57.9528022 ], [ 56.358275, 57.9552706 ], [ 56.356059, 57.9577889 ], [ 56.3539347, 57.9601852 ], [ 56.3517846, 57.9626018 ], [ 56.3494457, 57.965214 ], [ 56.3474545, 57.9674528 ], [ 56.3459481, 57.9691747 ], [ 56.344253, 57.9710923 ], [ 56.3426437, 57.9729017 ], [ 56.3438067, 57.9753675 ], [ 56.3452186, 57.9783236 ], [ 56.3465962, 57.9812555 ], [ 56.3478836, 57.9839687 ], [ 56.3488921, 57.9861642 ], [ 56.3498685, 57.9883596 ], [ 56.352246, 57.9889712 ], [ 56.356574, 57.990134 ], [ 56.361123, 57.9913737 ], [ 56.3634463, 57.9920137 ], [ 56.3680061, 57.9932363 ], [ 56.3724097, 57.9944217 ], [ 56.3747331, 57.9950503 ], [ 56.3765784, 57.9963297 ], [ 56.3798507, 57.9986836 ], [ 56.3822481, 58.0003975 ], [ 56.3860568, 58.0006306 ], [ 56.387981, 58.0021733 ], [ 56.3908639, 58.0046002 ], [ 56.3934961, 58.0068159 ], [ 56.3963392, 58.009209 ], [ 56.3992888, 58.0116916 ], [ 56.4013131, 58.0133416 ], [ 56.4041895, 58.0146084 ], [ 56.4071528, 58.0158885 ], [ 56.4098264, 58.0170584 ], [ 56.4110014, 58.0188134 ], [ 56.4123376, 58.0204644 ], [ 56.4140484, 58.0220579 ], [ 56.4150199, 58.0234133 ], [ 56.4166876, 58.0257396 ], [ 56.418732, 58.0285605 ], [ 56.4206954, 58.0313895 ], [ 56.4223262, 58.03369 ], [ 56.424348, 58.0364927 ], [ 56.4254704, 58.0380598 ] ] } },
{ "type": "Feature", "properties": { "full_id": "w207434613", "osm_id": "207434613", "osm_type": "way", "power": "line", "ref": null, "frequency": null, "circuits:design": null, "layer": null, "name": null, "wires": null, "voltage": "220000", "circuits": "2", "cables": "6", "POI_CODE": 1 }, "geometry": { "type": "LineString", "coordinates": [ [ 56.3045894, 57.9264904 ], [ 56.3052737, 57.9265603 ], [ 56.3069478, 57.926719 ], [ 56.3087518, 57.9246823 ], [ 56.3106115, 57.9224609 ], [ 56.3125385, 57.9202049 ], [ 56.3142284, 57.9182543 ], [ 56.3158447, 57.9163816 ], [ 56.3167889, 57.9153208 ], [ 56.3166566, 57.9149331 ], [ 56.3164935, 57.9144035 ] ] } },
{ "type": "Feature", "properties": { "full_id": "w207442209", "osm_id": "207442209", "osm_type": "way", "power": "line", "ref": null, "frequency": null, "circuits:design": null, "layer": null, "name": null, "wires": null, "voltage": null, "circuits": null, "cables": null, "POI_CODE": 1 }, "geometry": { "type": "LineString", "coordinates": [ ] } },
{ "type": "Feature", "properties": { "full_id": "w207442212", "osm_id": "207442212", "osm_type": "way", "power": "line", "ref": null, "frequency": null, "circuits:design": null, "layer": null, "name": null, "wires": null, "voltage": null, "circuits": null, "cables": null, "POI_CODE": 1 }, "geometry": null },
{ "type": "Feature", "properties": { "full_id": "w207442213", "osm_id": "207442213", "osm_type": "way", "power": "line", "ref": null, "frequency": null, "circuits:design": null, "layer": null, "name": null, "wires": null, "voltage": null, "circuits": null, "cables": null, "POI_CODE": 1 }, "geometry": { "type": "LineString", "coordinates": [ ] } },
{ "type": "Feature", "properties": { "full_id": "w207442216", "osm_id": "207442216", "osm_type": "way", "power": "line", "ref": null, "frequency": null, "circuits:design": null, "layer": null, "name": null, "wires": null, "voltage": "220000", "circuits": "1", "cables": "3", "POI_CODE": 1 }, "geometry": { "type": "LineString", "coordinates": [ [ 56.4254704, 58.0380598 ], [ 56.4290659, 58.0390126 ], [ 56.4312266, 58.0395541 ] ] } },
{ "type": "Feature", "properties": { "full_id": "w207442230", "osm_id": "207442230", "osm_type": "way", "power": "line", "ref": null, "frequency": null, "circuits:design": null, "layer": null, "name": null, "wires": null, "voltage": null, "circuits": null, "cables": null, "POI_CODE": 1 }, "geometry": null },
{ "type": "Feature", "properties": { "full_id": "w223371205", "osm_id": "223371205", "osm_type": "way", "power": "line", "ref": null, "frequency": null, "circuits:design": null, "layer": null, "name": null, "wires": null, "voltage": "35000", "circuits": "1", "cables": "3", "POI_CODE": 1 }, "geometry": { "type": "LineString", "coordinates": [ [ 56.1594646, 57.9105643 ], [ 56.1607093, 57.909373 ], [ 56.1627652, 57.9081854 ], [ 56.1647608, 57.9069884 ], [ 56.1667349, 57.9057514 ], [ 56.1686987, 57.9045151 ], [ 56.1707373, 57.9033523 ], [ 56.1721422, 57.9024564 ], [ 56.1740734, 57.9012136 ], [ 56.1759939, 57.9000449 ], [ 56.1778285, 57.8987735 ], [ 56.1795349, 57.8975598 ], [ 56.1802943, 57.8958094 ], [ 56.1808962, 57.8942324 ], [ 56.1820021, 57.8939811 ], [ 56.1821455, 57.892866 ], [ 56.1824009, 57.8912054 ], [ 56.1840777, 57.8907809 ], [ 56.1851804, 57.8907707 ], [ 56.1864356, 57.8907901 ], [ 56.1878261, 57.890821 ], [ 56.1893625, 57.8898667 ], [ 56.1911274, 57.8887743 ], [ 56.1928867, 57.8876903 ], [ 56.1944071, 57.8867582 ], [ 56.1954435, 57.8861353 ], [ 56.1971869, 57.8854389 ], [ 56.1993801, 57.884587 ], [ 56.2016041, 57.8837101 ], [ 56.2038739, 57.8828149 ], [ 56.2059362, 57.8820197 ] ] } },
{ "type": "Feature", "properties": { "full_id": "w223372365", "osm_id": "223372365", "osm_type": "way", "power": "line", "ref": null, "frequency": null, "circuits:design": null, "layer": null, "name": null, "wires": null, "voltage": "35000", "circuits": "1", "cables": "3", "POI_CODE": 1 }, "geometry": null },
{ "type": "Feature", "properties": { "full_id": "w242337587", "osm_id": "242337587", "osm_type": "way", "power": "line", "ref": null, "frequency": null, "circuits:design": null, "layer": null, "name": null, "wires": null, "voltage": "110000", "circuits": "2", "cables": "6", "POI_CODE": 1 }, "geometry": { "type": "LineString", "coordinates": [ [ 56.3172718, 57.915018 ], [ 56.3202191, 57.9151165 ], [ 56.3239179, 57.9152469 ], [ 56.3287597, 57.915469 ], [ 56.3330405, 57.9156171 ], [ 56.3341777, 57.9156513 ], [ 56.3377397, 57.9157938 ], [ 56.3412587, 57.9159363 ], [ 56.3447778, 57.9160673 ], [ 56.3484225, 57.9161416 ], [ 56.3511334, 57.9159875 ], [ 56.3517261, 57.9152082 ], [ 56.352917, 57.9135897 ], [ 56.3543869, 57.9116006 ], [ 56.3559533, 57.9094005 ], [ 56.3569404, 57.9081066 ], [ 56.3583673, 57.9061401 ], [ 56.3597621, 57.9042247 ], [ 56.3612212, 57.9022295 ], [ 56.3629056, 57.8999376 ], [ 56.3645042, 57.8977939 ], [ 56.3659955, 57.8958096 ], [ 56.367519, 57.893774 ], [ 56.3691927, 57.8915728 ], [ 56.3704587, 57.8898962 ], [ 56.372111, 57.8877291 ], [ 56.3732804, 57.8861264 ], [ 56.374879, 57.8840275 ], [ 56.3764561, 57.8819455 ], [ 56.3777651, 57.8802114 ], [ 56.3795675, 57.8778497 ], [ 56.3809515, 57.8759899 ], [ 56.3825287, 57.8738675 ] ] } },
{ "type": "Feature", "properties": { "full_id": "w257266611", "osm_id": "257266611", "osm_type": "way", "power": "line", "ref": null, "frequency": null, "circuits:design": null, "layer": null, "name": null, "wires": null, "voltage": "110000", "circuits": "2", "cables": "6", "POI_CODE": 1 }, "geometry": { "type": "LineString", "coordinates": [ [ 56.1159803, 57.996242 ], [ 56.115755, 57.9968049 ], [ 56.115432, 57.9971398 ], [ 56.1151829, 57.9974392 ], [ 56.113164, 57.9983344 ], [ 56.1115511, 57.9990001 ], [ 56.1100275, 57.9996391 ], [ 56.1069864, 58.0009234 ], [ 56.1042755, 58.0020552 ], [ 56.1014459, 58.0032276 ], [ 56.1005634, 58.0043816 ], [ 56.0996836, 58.0056223 ], [ 56.0994901, 58.006543 ], [ 56.0994772, 58.0066132 ], [ 56.099335, 58.0072906 ], [ 56.1001959, 58.0085909 ] ] } },
{ "type": "Feature", "properties": { "full_id": "w257268213", "osm_id": "257268213", "osm_type": "way", "power": "line", "ref": null, "frequency": null, "circuits:design": null, "layer": null, "name": null, "wires": null, "voltage": "110000", "circuits": "4", "cables": "12", "POI_CODE": 1 }, "geometry": { "type": "LineString", "coordinates": [ [ 56.1159803, 57.996242 ], [ 56.1172371, 57.9946073 ] ] } },
{ "type": "Feature", "properties": { "full_id": "w257270992", "osm_id": "257270992", "osm_type": "way", "power": "line", "ref": null, "frequency": null, "circuits:design": null, "layer": null, "name": null, "wires": null, "voltage": "110000", "circuits": "1", "cables": "3", "POI_CODE": 1 }, "geometry": { "type": "LineString", "coordinates": [ [ 56.152124, 58.0105867 ], [ 56.1516507, 58.0093882 ], [ 56.1516416, 58.0081984 ] ] } },
{ "type": "Feature", "properties": { "full_id": "w257270993", "osm_id": "257270993", "osm_type": "way", "power": "line", "ref": null, "frequency": null, "circuits:design": null, "layer": null, "name": null, "wires": null, "voltage": "110000", "circuits": "2", "cables": "6", "POI_CODE": 1 }, "geometry": { "type": "LineString", "coordinates": [ [ 56.151457, 58.0069056 ], [ 56.1515608, 58.0078119 ], [ 56.1523675, 58.0081043 ], [ 56.1544571, 58.008661 ], [ 56.1572774, 58.0092827 ], [ 56.1601388, 58.0095524 ] ] } },
{ "type": "Feature", "properties": { "full_id": "w272553568", "osm_id": "272553568", "osm_type": "way", "power": "line", "ref": null, "frequency": null, "circuits:design": null, "layer": null, "name": null, "wires": null, "voltage": "220000", "circuits": "1", "cables": "3", "POI_CODE": 1 }, "geometry": { "type": "LineString", "coordinates": [ [ 56.3481688, 58.1131452 ], [ 56.3475809, 58.113215 ], [ 56.3455047, 58.1139194 ], [ 56.3418627, 58.1138481 ], [ 56.3355654, 58.1136601 ], [ 56.3211317, 58.1130881 ], [ 56.3210538, 58.1134158 ] ] } },
{ "type": "Feature", "properties": { "full_id": "w272553569", "osm_id": "272553569", "osm_type": "way", "power": "line", "ref": null, "frequency": null, "circuits:design": null, "layer": null, "name": null, "wires": null, "voltage": "110000", "circuits": "1", "cables": "3", "POI_CODE": 1 }, "geometry": { "type": "LineString", "coordinates": [ [ 56.3481179, 58.1115087 ], [ 56.3475594, 58.111638 ], [ 56.3458808, 58.1119957 ], [ 56.3459964, 58.1125015 ], [ 56.346278, 58.1135379 ], [ 56.3462458, 58.1137866 ], [ 56.3455047, 58.1139194 ], [ 56.3418418, 58.1140113 ], [ 56.3355654, 58.1136601 ], [ 56.3211899, 58.1133209 ], [ 56.3210538, 58.1134158 ] ] } },
{ "type": "Feature", "properties": { "full_id": "w297758252", "osm_id": "297758252", "osm_type": "way", "power": "line", "ref": null, "frequency": null, "circuits:design": null, "layer": null, "name": null, "wires": "single", "voltage": "220000", "circuits": "1", "cables": "3", "POI_CODE": 1 }, "geometry": { "type": "LineString", "coordinates": [ [ 56.4302061, 58.0521696 ], [ 56.431107, 58.0481425 ], [ 56.4316829, 58.0454756 ], [ 56.4297728, 58.0427897 ], [ 56.4282417, 58.0406707 ], [ 56.4268193, 58.03869 ], [ 56.4260436, 58.0376097 ], [ 56.4239363, 58.0346059 ], [ 56.4215545, 58.0312262 ], [ 56.418883, 58.0274371 ], [ 56.4164368, 58.0240908 ], [ 56.4148811, 58.0218636 ], [ 56.4136688, 58.0201362 ], [ 56.4119682, 58.0178036 ], [ 56.4099476, 58.0149395 ], [ 56.4093772, 58.0140671 ], [ 56.4069954, 58.0107422 ], [ 56.4046136, 58.0074171 ], [ 56.4020924, 58.0038188 ], [ 56.4003865, 58.0015107 ], [ 56.3981334, 58.0008739 ], [ 56.3940672, 57.9997767 ], [ 56.3876406, 57.9980369 ], [ 56.3858865, 57.9975649 ], [ 56.3825122, 57.996695 ], [ 56.3813321, 57.9963254 ], [ 56.3751308, 57.9946423 ], [ 56.3718817, 57.9938338 ], [ 56.3691441, 57.9931525 ], [ 56.363093, 57.9913953 ], [ 56.3571278, 57.9897916 ], [ 56.3512699, 57.9881765 ], [ 56.3505691, 57.9863831 ], [ 56.3500253, 57.9849914 ], [ 56.3487379, 57.981772 ], [ 56.3474826, 57.9785466 ], [ 56.3461951, 57.9754005 ], [ 56.3449506, 57.9720494 ], [ 56.3473968, 57.969284 ], [ 56.3498644, 57.9664501 ], [ 56.3524286, 57.9636046 ], [ 56.3546065, 57.961146 ], [ 56.3576964, 57.9576398 ], [ 56.3606898, 57.9542357 ], [ 56.3638548, 57.9506605 ], [ 56.3671485, 57.9469426 ], [ 56.3663868, 57.9440501 ], [ 56.3655714, 57.9411345 ], [ 56.3648097, 57.9383097 ], [ 56.3642625, 57.9363505 ], [ 56.3639835, 57.9353082 ], [ 56.3632218, 57.9324546 ], [ 56.3623849, 57.9293273 ], [ 56.3613872, 57.9257211 ], [ 56.3604001, 57.9221032 ], [ 56.3593272, 57.9180405 ], [ 56.3558461, 57.915835 ] ] } },
{ "type": "Feature", "properties": { "full_id": "w297758297", "osm_id": "297758297", "osm_type": "way", "power": "line", "ref": null, "frequency": null, "circuits:design": null, "layer": null, "name": null, "wires": null, "voltage": "220000", "circuits": "2", "cables": "6", "POI_CODE": 1 }, "geometry": { "type": "LineString", "coordinates": [ [ 56.3164935, 57.9144035 ], [ 56.3128886, 57.9159138 ], [ 56.3094769, 57.9173498 ] ] } },
{ "type": "Feature", "properties": { "full_id": "w336346014", "osm_id": "336346014", "osm_type": "way", "power": "line", "ref": null, "frequency": null, "circuits:design": null, "layer": null, "name": null, "wires": null, "voltage": "35000", "circuits": "2", "cables": "6", "POI_CODE": 1 }, "geometry": { "type": "LineString", "coordinates": [ [ 56.140665, 57.9247578 ], [ 56.1390813, 57.925743 ], [ 56.1381219, 57.92636 ], [ 56.1368543, 57.9271335 ], [ 56.1349492, 57.928318 ], [ 56.1325953, 57.9297507 ], [ 56.1300947, 57.9312687 ], [ 56.1276652, 57.9327512 ], [ 56.1254431, 57.934078 ], [ 56.1230506, 57.9355191 ], [ 56.1240269, 57.9370682 ], [ 56.1250676, 57.9385946 ], [ 56.1260761, 57.9400924 ], [ 56.1271168, 57.94163 ], [ 56.1279296, 57.94302 ], [ 56.128624, 57.9440392 ], [ 56.1290327, 57.9447499 ] ] } },
{ "type": "Feature", "properties": { "full_id": "w336346016", "osm_id": "336346016", "osm_type": "way", "power": "line", "ref": null, "frequency": null, "circuits:design": null, "layer": null, "name": null, "wires": null, "voltage": "35000", "circuits": "1", "cables": "3", "POI_CODE": 1 }, "geometry": { "type": "LineString", "coordinates": [ [ 56.1406945, 57.9245605 ], [ 56.141551, 57.9248859 ] ] } },
{ "type": "Feature", "properties": { "full_id": "w336346017", "osm_id": "336346017", "osm_type": "way", "power": "line", "ref": null, "frequency": null, "circuits:design": null, "layer": null, "name": null, "wires": null, "voltage": "110000", "circuits": "1", "cables": "3", "POI_CODE": 1 }, "geometry": { "type": "LineString", "coordinates": [ [ 56.1412379, 57.923918 ], [ 56.1426745, 57.9242256 ] ] } },
{ "type": "Feature", "properties": { "full_id": "w336346026", "osm_id": "336346026", "osm_type": "way", "power": "line", "ref": null, "frequency": null, "circuits:design": null, "layer": null, "name": null, "wires": null, "voltage": "35000", "circuits": "2", "cables": "6", "POI_CODE": 1 }, "geometry": { "type": "LineString", "coordinates": [ [ 56.1410788, 57.9245478 ], [ 56.1402847, 57.9242058 ], [ 56.1378683, 57.9256893 ], [ 56.1369448, 57.9262576 ], [ 56.1347219, 57.9276724 ], [ 56.1325121, 57.9290342 ], [ 56.1301735, 57.9304002 ], [ 56.1276894, 57.9318878 ], [ 56.1254203, 57.9308239 ], [ 56.122718, 57.9295864 ], [ 56.1198991, 57.9282791 ], [ 56.1171364, 57.9269859 ], [ 56.1148315, 57.9259275 ], [ 56.1125337, 57.9248693 ], [ 56.1100393, 57.9237256 ], [ 56.1072843, 57.9224194 ] ] } },
{ "type": "Feature", "properties": { "full_id": "w336346029", "osm_id": "336346029", "osm_type": "way", "power": "line", "ref": null, "frequency": null, "circuits:design": null, "layer": null, "name": null, "wires": null, "voltage": "110000", "circuits": "1", "cables": "3", "POI_CODE": 1 }, "geometry": { "type": "LineString", "coordinates": [ [ 56.1278088, 57.9321785 ], [ 56.1258626, 57.9312321 ], [ 56.1224874, 57.9296734 ], [ 56.1194404, 57.928262 ], [ 56.1172652, 57.9272594 ], [ 56.1143463, 57.925887 ], [ 56.1113965, 57.9245674 ], [ 56.1083088, 57.9231058 ], [ 56.1052401, 57.9217117 ] ] } },
{ "type": "Feature", "properties": { "full_id": "w337155925", "osm_id": "337155925", "osm_type": "way", "power": "line", "ref": null, "frequency": null, "circuits:design": null, "layer": null, "name": null, "wires": null, "voltage": "110000", "circuits": "1", "cables": "3", "POI_CODE": 1 }, "geometry": { "type": "LineString", "coordinates": [ [ 56.1278088, 57.9321785 ], [ 56.1260858, 57.9314794 ], [ 56.1243623, 57.9307619 ] ] } },
{ "type": "Feature", "properties": { "full_id": "w337155926", "osm_id": "337155926", "osm_type": "way", "power": "line", "ref": null, "frequency": null, "circuits:design": null, "layer": null, "name": null, "wires": null, "voltage": "110000;35000", "circuits": "2", "cables": "6", "POI_CODE": 1 }, "geometry": { "type": "LineString", "coordinates": [ [ 56.1436289, 57.9224631 ], [ 56.1424873, 57.9234067 ], [ 56.1431047, 57.9239565 ] ] } },
{ "type": "Feature", "properties": { "full_id": "w337155927", "osm_id": "337155927", "osm_type": "way", "power": "line", "ref": null, "frequency": null, "circuits:design": null, "layer": null, "name": null, "wires": null, "voltage": "110000", "circuits": "1", "cables": "3", "POI_CODE": 1 }, "geometry": { "type": "LineString", "coordinates": [ [ 56.1433866, 57.923774 ], [ 56.1430016, 57.9234812 ], [ 56.1440467, 57.9227455 ], [ 56.1444892, 57.9228913 ] ] } },
{ "type": "Feature", "properties": { "full_id": "w337155929", "osm_id": "337155929", "osm_type": "way", "power": "line", "ref": null, "frequency": null, "circuits:design": null, "layer": null, "name": null, "wires": null, "voltage": "35000", "circuits": "1", "cables": "3", "POI_CODE": 1 }, "geometry": { "type": "LineString", "coordinates": [ [ 56.14125, 57.9234559 ], [ 56.1404784, 57.9240898 ], [ 56.1412583, 57.9244332 ], [ 56.1418292, 57.9247145 ] ] } },
{ "type": "Feature", "properties": { "full_id": "w338314067", "osm_id": "338314067", "osm_type": "way", "power": "line", "ref": null, "frequency": null, "circuits:design": null, "layer": null, "name": null, "wires": null, "voltage": "110000", "circuits": "1", "cables": "3", "POI_CODE": 1 }, "geometry": { "type": "LineString", "coordinates": [ [ 56.1589282, 57.9130265 ], [ 56.1588326, 57.9128889 ] ] } },
{ "type": "Feature", "properties": { "full_id": "w338314069", "osm_id": "338314069", "osm_type": "way", "power": "line", "ref": null, "frequency": null, "circuits:design": null, "layer": null, "name": null, "wires": null, "voltage": "35000", "circuits": "2", "cables": "6", "POI_CODE": 1 }, "geometry": { "type": "LineString", "coordinates": [ [ 56.1549263, 57.9161116 ], [ 56.1546496, 57.91602 ], [ 56.1531816, 57.9162974 ], [ 56.1515404, 57.9173298 ], [ 56.1499052, 57.9183263 ], [ 56.1483174, 57.9193064 ], [ 56.1466544, 57.9202979 ], [ 56.1450129, 57.9213065 ], [ 56.1434689, 57.9222514 ] ] } },
{ "type": "Feature", "properties": { "full_id": "w372451367", "osm_id": "372451367", "osm_type": "way", "power": "line", "ref": null, "frequency": null, "circuits:design": null, "layer": null, "name": null, "wires": null, "voltage": "110000;35000", "circuits": "2", "cables": "6", "POI_CODE": 1 }, "geometry": { "type": "LineString", "coordinates": [ [ 56.294356, 57.9881603 ], [ 56.2955426, 57.9888521 ], [ 56.2980018, 57.9903024 ], [ 56.3001964, 57.9916069 ], [ 56.3025902, 57.9930064 ], [ 56.3049717, 57.9944026 ], [ 56.3072631, 57.9957414 ], [ 56.3097629, 57.99721 ], [ 56.3120606, 57.9985472 ], [ 56.3142479, 57.9998254 ], [ 56.3150705, 58.0003133 ] ] } },
{ "type": "Feature", "properties": { "full_id": "w374182850", "osm_id": "374182850", "osm_type": "way", "power": "line", "ref": null, "frequency": null, "circuits:design": null, "layer": null, "name": null, "wires": null, "voltage": "220000", "circuits": "1", "cables": "3", "POI_CODE": 1 }, "geometry": { "type": "LineString", "coordinates": [ ] } },
{ "type": "Feature", "properties": { "full_id": "w374182862", "osm_id": "374182862", "osm_type": "way", "power": "line", "ref": null, "frequency": null, "circuits:design": null, "layer": "2", "name": null, "wires": null, "voltage": "220000", "circuits": "2", "cables": "6", "POI_CODE": 1 }, "geometry": { "type": "LineString", "coordinates": [ ] } },
{ "type": "Feature", "properties": { "full_id": "w376085558", "osm_id": "376085558", "osm_type": "way", "power": "line", "ref": null, "frequency": null, "circuits:design": null, "layer": null, "name": null, "wires": null, "voltage": "35000", "circuits": "1", "cables": "3", "POI_CODE": 1 }, "geometry": { "type": "LineString", "coordinates": [ [ 56.3847255, 58.1425812 ], [ 56.3854889, 58.1424225 ], [ 56.3866927, 58.142295 ], [ 56.3883857, 58.1421356 ], [ 56.3892542, 58.1426227 ], [ 56.3905404, 58.143536 ], [ 56.3914831, 58.1446308 ], [ 56.3922524, 58.1456274 ], [ 56.3922812, 58.1464377 ], [ 56.3924843, 58.1476943 ], [ 56.3927554, 58.1486048 ], [ 56.3918661, 58.1496226 ], [ 56.3909018, 58.1506766 ], [ 56.3911632, 58.1513898 ] ] } },
{ "type": "Feature", "properties": { "full_id": "w376085559", "osm_id": "376085559", "osm_type": "way", "power": "line", "ref": null, "frequency": null, "circuits:design": null, "layer": null, "name": null, "wires": null, "voltage": "110000", "circuits": "1", "cables": "3", "POI_CODE": 1 }, "geometry": { "type": "LineString", "coordinates": [ [ 56.4097299, 58.1345302 ], [ 56.4095973, 58.134428 ], [ 56.4116285, 58.1342347 ] ] } },
{ "type": "Feature", "properties": { "full_id": "w376085560", "osm_id": "376085560", "osm_type": "way", "power": "line", "ref": null, "frequency": null, "circuits:design": null, "layer": null, "name": null, "wires": null, "voltage": "35000", "circuits": "1", "cables": "3", "POI_CODE": 1 }, "geometry": { "type": "LineString", "coordinates": [ [ 56.3860298, 58.1419732 ], [ 56.3852357, 58.1422998 ], [ 56.3845232, 58.1424342 ] ] } },
{ "type": "Feature", "properties": { "full_id": "w376085561", "osm_id": "376085561", "osm_type": "way", "power": "line", "ref": null, "frequency": null, "circuits:design": null, "layer": "2", "name": null, "wires": null, "voltage": "110000", "circuits": "2", "cables": "6", "POI_CODE": 1 }, "geometry": { "type": "LineString", "coordinates": [ [ 56.4116285, 58.1342347 ], [ 56.412113, 58.1350755 ], [ 56.4156569, 58.1359836 ], [ 56.4192175, 58.1369051 ], [ 56.422835, 58.1378126 ], [ 56.4226838, 58.1387877 ], [ 56.4225197, 58.1398458 ], [ 56.4221924, 58.1419043 ], [ 56.4218599, 58.144025 ], [ 56.4232331, 58.1447696 ], [ 56.4258148, 58.1447573 ], [ 56.4274013, 58.1447498 ], [ 56.4314729, 58.1447314 ], [ 56.4355659, 58.1447413 ], [ 56.4396214, 58.144713 ], [ 56.4436877, 58.1447045 ], [ 56.4468956, 58.1466976 ], [ 56.4488804, 58.1479291 ], [ 56.4516922, 58.1496937 ] ] } },
{ "type": "Feature", "properties": { "full_id": "w376085562", "osm_id": "376085562", "osm_type": "way", "power": "line", "ref": null, "frequency": null, "circuits:design": null, "layer": null, "name": null, "wires": null, "voltage": "35000", "circuits": "1", "cables": "3", "POI_CODE": 1 }, "geometry": { "type": "LineString", "coordinates": [ [ 56.4529063, 58.1502142 ], [ 56.4528608, 58.1496885 ], [ 56.4520602, 58.1489779 ], [ 56.450353, 58.1480126 ], [ 56.4492672, 58.1468884 ], [ 56.4471122, 58.1463483 ], [ 56.445989, 58.1464046 ], [ 56.4448625, 58.1456827 ], [ 56.4435482, 58.144914 ], [ 56.4408445, 58.144914 ], [ 56.4380926, 58.1449168 ], [ 56.4351904, 58.144914 ], [ 56.4323312, 58.1449395 ], [ 56.429708, 58.1449451 ], [ 56.4270043, 58.1449508 ], [ 56.4241451, 58.1449678 ], [ 56.4217652, 58.144972 ], [ 56.4217189, 58.1449721 ], [ 56.4213112, 58.1449728 ], [ 56.4205121, 58.1449742 ], [ 56.4182108, 58.1449854 ], [ 56.4161574, 58.1449859 ], [ 56.4145431, 58.1449932 ], [ 56.4123085, 58.1449987 ], [ 56.4101153, 58.145015 ], [ 56.4080935, 58.1450251 ], [ 56.4060485, 58.1440519 ], [ 56.4057178, 58.1424335 ], [ 56.4053775, 58.1407098 ], [ 56.4044274, 58.139964 ], [ 56.4030379, 58.139738 ], [ 56.4000803, 58.1392568 ], [ 56.3995959, 58.1392363 ] ] } },
{ "type": "Feature", "properties": { "full_id": "w376085563", "osm_id": "376085563", "osm_type": "way", "power": "line", "ref": null, "frequency": null, "circuits:design": null, "layer": null, "name": null, "wires": null, "voltage": "35000", "circuits": "1", "cables": "3", "POI_CODE": 1 }, "geometry": { "type": "LineString", "coordinates": [ [ 56.3848566, 58.1427133 ], [ 56.385521, 58.142643 ], [ 56.3842184, 58.1430483 ], [ 56.3826514, 58.1435926 ], [ 56.3817566, 58.1438761 ], [ 56.3806475, 58.1442887 ], [ 56.3800988, 58.1444127 ] ] } },
{ "type": "Feature", "properties": { "full_id": "w444075130", "osm_id": "444075130", "osm_type": "way", "power": "line", "ref": null, "frequency": null, "circuits:design": null, "layer": null, "name": null, "wires": null, "voltage": "220000;110000", "circuits": "1;1", "cables": "3;3", "POI_CODE": 1 }, "geometry": { "type": "LineString", "coordinates": [ [ 56.3210538, 58.1134158 ], [ 56.3202923, 58.1153483 ], [ 56.3194904, 58.115738 ], [ 56.3132569, 58.1172284 ], [ 56.3085469, 58.1183164 ], [ 56.3037297, 58.119512 ], [ 56.2967294, 58.1212312 ], [ 56.2968981, 58.1235123 ], [ 56.2970376, 58.1260051 ] ] } },
{ "type": "Feature", "properties": { "full_id": "w444075131", "osm_id": "444075131", "osm_type": "way", "power": "line", "ref": null, "frequency": null, "circuits:design": null, "layer": null, "name": null, "wires": null, "voltage": "220000", "circuits": "1", "cables": "3", "POI_CODE": 1 }, "geometry": { "type": "LineString", "coordinates": [ [ 56.3482198, 58.1134215 ], [ 56.3476612, 58.1134646 ], [ 56.3454403, 58.1142028 ] ] } },
{ "type": "Feature", "properties": { "full_id": "w444075132", "osm_id": "444075132", "osm_type": "way", "power": "line", "ref": null, "frequency": null, "circuits:design": null, "layer": null, "name": null, "wires": null, "voltage": "110000", "circuits": "1", "cables": "3", "POI_CODE": 1 }, "geometry": { "type": "LineString", "coordinates": [ [ 56.32084, 58.1153951 ], [ 56.3201316, 58.1151109 ], [ 56.319636, 58.1154715 ] ] } },
{ "type": "Feature", "properties": { "full_id": "w444075133", "osm_id": "444075133", "osm_type": "way", "power": "line", "ref": null, "frequency": null, "circuits:design": null, "layer": null, "name": null, "wires": null, "voltage": "220000", "circuits": "1", "cables": "3", "POI_CODE": 1 }, "geometry": { "type": "LineString", "coordinates": [ [ 56.3454403, 58.1142028 ], [ 56.3477202, 58.1137253 ], [ 56.3482761, 58.1136864 ] ] } },
{ "type": "Feature", "properties": { "full_id": "w444075134", "osm_id": "444075134", "osm_type": "way", "power": "line", "ref": null, "frequency": null, "circuits:design": null, "layer": null, "name": null, "wires": null, "voltage": "110000", "circuits": "1", "cables": "3", "POI_CODE": 1 }, "geometry": { "type": "LineString", "coordinates": [ [ 56.3482493, 58.1122256 ], [ 56.3476855, 58.1122756 ], [ 56.3451267, 58.1122912 ] ] } },
{ "type": "Feature", "properties": { "full_id": "w444075135", "osm_id": "444075135", "osm_type": "way", "power": "line", "ref": null, "frequency": null, "circuits:design": null, "layer": null, "name": null, "wires": null, "voltage": "110000", "circuits": "1", "cables": "3", "POI_CODE": 1 }, "geometry": { "type": "LineString", "coordinates": [ [ 56.3238539, 58.1137829 ], [ 56.3220457, 58.1136957 ] ] } },
{ "type": "Feature", "properties": { "full_id": "w444075137", "osm_id": "444075137", "osm_type": "way", "power": "line", "ref": null, "frequency": null, "circuits:design": null, "layer": null, "name": null, "wires": null, "voltage": "110000", "circuits": "1", "cables": "3", "POI_CODE": 1 }, "geometry": { "type": "LineString", "coordinates": [ [ 56.3220457, 58.1136957 ], [ 56.3238178, 58.1135897 ] ] } },
{ "type": "Feature", "properties": { "full_id": "w444075140", "osm_id": "444075140", "osm_type": "way", "power": "line", "ref": null, "frequency": null, "circuits:design": null, "layer": null, "name": null, "wires": null, "voltage": "110000", "circuits": "1", "cables": "3", "POI_CODE": 1 }, "geometry": { "type": "LineString", "coordinates": [ [ 56.348201, 58.111955 ], [ 56.3476238, 58.1119809 ], [ 56.3451267, 58.1122912 ] ] } },
{ "type": "Feature", "properties": { "full_id": "w481182197", "osm_id": "481182197", "osm_type": "way", "power": "line", "ref": null, "frequency": null, "circuits:design": null, "layer": null, "name": null, "wires": null, "voltage": "110000", "circuits": "4", "cables": "12", "POI_CODE": 1 }, "geometry": { "type": "LineString", "coordinates": [ [ 56.137144, 58.0020742 ], [ 56.1397905, 58.0032372 ], [ 56.1410431, 58.0033481 ] ] } },
{ "type": "Feature", "properties": { "full_id": "w583532918", "osm_id": "583532918", "osm_type": "way", "power": "line", "ref": null, "frequency": null, "circuits:design": null, "layer": null, "name": null, "wires": null, "voltage": "110000", "circuits": "1", "cables": "3", "POI_CODE": 1 }, "geometry": null },
{ "type": "Feature", "properties": { "full_id": "w588453131", "osm_id": "588453131", "osm_type": "way", "power": "line", "ref": null, "frequency": null, "circuits:design": null, "layer": null, "name": null, "wires": null, "voltage": "35000", "circuits": "2", "cables": "6", "POI_CODE": 1 }, "geometry": null },
{ "type": "Feature", "properties": { "full_id": "w616758563", "osm_id": "616758563", "osm_type": "way", "power": "line", "ref": null, "frequency": null, "circuits:design": null, "layer": null, "name": null, "wires": null, "voltage": "110000", "circuits": "1", "cables": "3", "POI_CODE": 1 }, "geometry": { "type": "LineString", "coordinates": [ [ 56.2432703, 57.9813689 ], [ 56.243104, 57.981937 ] ] } },
{ "type": "Feature", "properties": { "full_id": "w616758564", "osm_id": "616758564", "osm_type": "way", "power": "line", "ref": null, "frequency": null, "circuits:design": null, "layer": null, "name": null, "wires": null, "voltage": "110000", "circuits": "1", "cables": "3", "POI_CODE": 1 }, "geometry": { "type": "LineString", "coordinates": [ [ 56.2429632, 57.9813802 ], [ 56.243104, 57.981937 ] ] } },
{ "type": "Feature", "properties": { "full_id": "w616844125", "osm_id": "616844125", "osm_type": "way", "power": "line", "ref": null, "frequency": null, "circuits:design": null, "layer": null, "name": null, "wires": null, "voltage": "35000", "circuits": "2", "cables": "6", "POI_CODE": 1 }, "geometry": { "type": "LineString", "coordinates": [ [ 56.2299818, 57.9973739 ], [ 56.2312567, 57.9985841 ], [ 56.2310451, 57.9998016 ] ] } },
{ "type": "Feature", "properties": { "full_id": "w616918759", "osm_id": "616918759", "osm_type": "way", "power": "line", "ref": null, "frequency": null, "circuits:design": null, "layer": null, "name": null, "wires": null, "voltage": "35000", "circuits": "1", "cables": "3", "POI_CODE": 1 }, "geometry": { "type": "LineString", "coordinates": [ [ 56.2086023, 57.9877803 ], [ 56.2085159, 57.9873743 ] ] } },
{ "type": "Feature", "properties": { "full_id": "w616918760", "osm_id": "616918760", "osm_type": "way", "power": "line", "ref": null, "frequency": null, "circuits:design": null, "layer": null, "name": null, "wires": null, "voltage": "35000", "circuits": "1", "cables": "3", "POI_CODE": 1 }, "geometry": { "type": "LineString", "coordinates": [ [ 56.2083772, 57.987809 ], [ 56.2085159, 57.9873743 ] ] } },
{ "type": "Feature", "properties": { "full_id": "w617009039", "osm_id": "617009039", "osm_type": "way", "power": "line", "ref": null, "frequency": null, "circuits:design": null, "layer": null, "name": null, "wires": null, "voltage": "110000", "circuits": "4", "cables": "12", "POI_CODE": 1 }, "geometry": { "type": "LineString", "coordinates": [ [ 56.1190546, 57.9822399 ], [ 56.1179924, 57.9811875 ], [ 56.1165279, 57.9798308 ], [ 56.1168069, 57.9783447 ], [ 56.1170697, 57.97681 ], [ 56.1173969, 57.9752825 ], [ 56.1191272, 57.9737695 ], [ 56.1192693, 57.9718698 ], [ 56.1211502, 57.9705416 ], [ 56.1231422, 57.9693907 ], [ 56.1245243, 57.9686574 ] ] } },
{ "type": "Feature", "properties": { "full_id": "w617030231", "osm_id": "617030231", "osm_type": "way", "power": "line", "ref": null, "frequency": null, "circuits:design": null, "layer": null, "name": null, "wires": null, "voltage": "110000", "circuits": "1", "cables": "3", "POI_CODE": 1 }, "geometry": { "type": "LineString", "coordinates": [ [ 56.15195, 58.004863 ], [ 56.151189, 58.0067812 ] ] } },
{ "type": "Feature", "properties": { "full_id": "w617030232", "osm_id": "617030232", "osm_type": "way", "power": "line", "ref": null, "frequency": null, "circuits:design": null, "layer": null, "name": null, "wires": null, "voltage": "110000", "circuits": "1", "cables": "3", "POI_CODE": 1 }, "geometry": { "type": "LineString", "coordinates": [ [ 56.15195, 58.004863 ], [ 56.1517099, 58.0057836 ], [ 56.151457, 58.0069056 ] ] } },
{ "type": "Feature", "properties": { "full_id": "w617030234", "osm_id": "617030234", "osm_type": "way", "power": "line", "ref": null, "frequency": null, "circuits:design": null, "layer": null, "name": null, "wires": null, "voltage": "110000", "circuits": "2", "cables": "6", "POI_CODE": 1 }, "geometry": { "type": "LineString", "coordinates": [ [ 56.151457, 58.0069056 ], [ 56.151189, 58.0067812 ] ] } },
{ "type": "Feature", "properties": { "full_id": "w617243191", "osm_id": "617243191", "osm_type": "way", "power": "line", "ref": null, "frequency": null, "circuits:design": null, "layer": null, "name": null, "wires": null, "voltage": "35000", "circuits": "1", "cables": "3", "POI_CODE": 1 }, "geometry": { "type": "LineString", "coordinates": [ [ 56.2088068, 57.9877579 ], [ 56.2087334, 57.9875671 ] ] } },
{ "type": "Feature", "properties": { "full_id": "w617243192", "osm_id": "617243192", "osm_type": "way", "power": "line", "ref": null, "frequency": null, "circuits:design": null, "layer": null, "name": null, "wires": null, "voltage": "35000", "circuits": "1", "cables": "3", "POI_CODE": 1 }, "geometry": { "type": "LineString", "coordinates": [ [ 56.2086934, 57.9877692 ], [ 56.2087334, 57.9875671 ] ] } },
{ "type": "Feature", "properties": { "full_id": "w617420523", "osm_id": "617420523", "osm_type": "way", "power": "line", "ref": null, "frequency": null, "circuits:design": null, "layer": null, "name": null, "wires": null, "voltage": "110000", "circuits": "1", "cables": "3", "POI_CODE": 1 }, "geometry": { "type": "LineString", "coordinates": [ [ 56.1855493, 57.8957143 ], [ 56.1858576, 57.8960233 ] ] } },
{ "type": "Feature", "properties": { "full_id": "w617420524", "osm_id": "617420524", "osm_type": "way", "power": "line", "ref": null, "frequency": null, "circuits:design": null, "layer": null, "name": null, "wires": null, "voltage": "110000", "circuits": "2", "cables": "6", "POI_CODE": 1 }, "geometry": { "type": "LineString", "coordinates": [ [ 56.1861048, 57.895072 ], [ 56.1855493, 57.8957143 ] ] } },
{ "type": "Feature", "properties": { "full_id": "w617420525", "osm_id": "617420525", "osm_type": "way", "power": "line", "ref": null, "frequency": null, "circuits:design": null, "layer": null, "name": null, "wires": null, "voltage": "220000", "circuits": "1", "cables": "3", "POI_CODE": 1 }, "geometry": { "type": "LineString", "coordinates": [ [ 56.178139, 57.8913954 ], [ 56.1777018, 57.8906855 ], [ 56.1770193, 57.8901895 ], [ 56.1764559, 57.8899372 ], [ 56.1760286, 57.8897459 ] ] } },
{ "type": "Feature", "properties": { "full_id": "w617420526", "osm_id": "617420526", "osm_type": "way", "power": "line", "ref": null, "frequency": null, "circuits:design": null, "layer": null, "name": null, "wires": null, "voltage": "220000", "circuits": "1", "cables": "3", "POI_CODE": 1 }, "geometry": { "type": "LineString", "coordinates": [ [ 56.1753463, 57.8901764 ], [ 56.1757841, 57.8903725 ], [ 56.176337, 57.89062 ], [ 56.1772216, 57.8910076 ], [ 56.178139, 57.8913954 ] ] } },
{ "type": "Feature", "properties": { "full_id": "w617581985", "osm_id": "617581985", "osm_type": "way", "power": "line", "ref": null, "frequency": null, "circuits:design": null, "layer": null, "name": null, "wires": null, "voltage": "110000", "circuits": "1", "cables": "3", "POI_CODE": 1 }, "geometry": { "type": "LineString", "coordinates": [ [ 56.1003408, 58.0090584 ], [ 56.1001959, 58.0085909 ] ] } },
{ "type": "Feature", "properties": { "full_id": "w617581986", "osm_id": "617581986", "osm_type": "way", "power": "line", "ref": null, "frequency": null, "circuits:design": null, "layer": null, "name": null, "wires": null, "voltage": "110000", "circuits": "1", "cables": "3", "POI_CODE": 1 }, "geometry": { "type": "LineString", "coordinates": [ [ 56.1000887, 58.0090541 ], [ 56.1001959, 58.0085909 ] ] } },
{ "type": "Feature", "properties": { "full_id": "w619167926", "osm_id": "619167926", "osm_type": "way", "power": "line", "ref": null, "frequency": null, "circuits:design": null, "layer": null, "name": null, "wires": null, "voltage": "110000", "circuits": "1", "cables": "3", "POI_CODE": 1 }, "geometry": { "type": "LineString", "coordinates": [ [ 56.2334401, 57.9838111 ], [ 56.2343274, 57.9838014 ] ] } },
{ "type": "Feature", "properties": { "full_id": "w619167927", "osm_id": "619167927", "osm_type": "way", "power": "line", "ref": null, "frequency": null, "circuits:design": null, "layer": null, "name": null, "wires": null, "voltage": "110000", "circuits": "1", "cables": "3", "POI_CODE": 1 }, "geometry": { "type": "LineString", "coordinates": [ [ 56.2343274, 57.9838014 ], [ 56.2332117, 57.9839278 ], [ 56.2334401, 57.9838111 ] ] } },
{ "type": "Feature", "properties": { "full_id": "w619252963", "osm_id": "619252963", "osm_type": "way", "power": "line", "ref": null, "frequency": null, "circuits:design": null, "layer": null, "name": null, "wires": null, "voltage": "110000", "circuits": "1", "cables": "3", "POI_CODE": 1 }, "geometry": { "type": "LineString", "coordinates": [ [ 56.2321129, 57.9710955 ], [ 56.231541, 57.9710721 ], [ 56.2311706, 57.97102 ] ] } },
{ "type": "Feature", "properties": { "full_id": "w619461191", "osm_id": "619461191", "osm_type": "way", "power": "line", "ref": null, "frequency": null, "circuits:design": null, "layer": null, "name": null, "wires": null, "voltage": "110000", "circuits": "1", "cables": "3", "POI_CODE": 1 }, "geometry": { "type": "LineString", "coordinates": [ [ 56.2273671, 57.9762569 ], [ 56.2253107, 57.9758801 ], [ 56.2246213, 57.9758562 ], [ 56.2230693, 57.9753321 ] ] } },
{ "type": "Feature", "properties": { "full_id": "w619461192", "osm_id": "619461192", "osm_type": "way", "power": "line", "ref": null, "frequency": null, "circuits:design": null, "layer": null, "name": null, "wires": null, "voltage": "110000", "circuits": "1", "cables": "3", "POI_CODE": 1 }, "geometry": { "type": "LineString", "coordinates": [ [ 56.2230693, 57.9753321 ], [ 56.2243344, 57.9754905 ], [ 56.2252471, 57.9756062 ], [ 56.2273671, 57.9762569 ] ] } },
{ "type": "Feature", "properties": { "full_id": "w621808565", "osm_id": "621808565", "osm_type": "way", "power": "line", "ref": null, "frequency": null, "circuits:design": null, "layer": null, "name": null, "wires": null, "voltage": "110000", "circuits": "1", "cables": "3", "POI_CODE": 1 }, "geometry": { "type": "LineString", "coordinates": [ [ 56.1865926, 57.9727336 ], [ 56.1859593, 57.9729375 ] ] } },
{ "type": "Feature", "properties": { "full_id": "w621808566", "osm_id": "621808566", "osm_type": "way", "power": "line", "ref": null, "frequency": null, "circuits:design": null, "layer": null, "name": null, "wires": null, "voltage": "110000", "circuits": "1", "cables": "3", "POI_CODE": 1 }, "geometry": { "type": "LineString", "coordinates": [ [ 56.1867025, 57.9729114 ], [ 56.1859593, 57.9729375 ] ] } },
{ "type": "Feature", "properties": { "full_id": "w622015723", "osm_id": "622015723", "osm_type": "way", "power": "line", "ref": null, "frequency": null, "circuits:design": null, "layer": null, "name": null, "wires": null, "voltage": null, "circuits": null, "cables": null, "POI_CODE": 1 }, "geometry": { "type": "LineString", "coordinates": [ [ 56.0330099, 58.0296916 ], [ 56.034683, 58.0285577 ], [ 56.0372204, 58.0264812 ] ] } },
{ "type": "Feature", "properties": { "full_id": "w622489906", "osm_id": "622489906", "osm_type": "way", "power": "line", "ref": null, "frequency": null, "circuits:design": null, "layer": null, "name": null, "wires": null, "voltage": "110000", "circuits": "1", "cables": "3", "POI_CODE": 1 }, "geometry": { "type": "LineString", "coordinates": [ [ 56.0377809, 58.042855 ], [ 56.0373599, 58.0426739 ] ] } },
{ "type": "Feature", "properties": { "full_id": "w622489908", "osm_id": "622489908", "osm_type": "way", "power": "line", "ref": null, "frequency": null, "circuits:design": null, "layer": null, "name": null, "wires": null, "voltage": "110000", "circuits": "1", "cables": "3", "POI_CODE": 1 }, "geometry": { "type": "LineString", "coordinates": [ [ 56.0375361, 58.0429362 ], [ 56.0373599, 58.0426739 ] ] } },
{ "type": "Feature", "properties": { "full_id": "w622489911", "osm_id": "622489911", "osm_type": "way", "power": "line", "ref": null, "frequency": null, "circuits:design": null, "layer": null, "name": null, "wires": null, "voltage": "110000", "circuits": "1", "cables": "3", "POI_CODE": 1 }, "geometry": { "type": "LineString", "coordinates": [ [ 56.0393044, 58.0423666 ], [ 56.0392608, 58.0421572 ] ] } },
{ "type": "Feature", "properties": { "full_id": "w624285757", "osm_id": "624285757", "osm_type": "way", "power": "line", "ref": null, "frequency": null, "circuits:design": null, "layer": null, "name": null, "wires": null, "voltage": "110000", "circuits": "2", "cables": "6", "POI_CODE": 1 }, "geometry": { "type": "LineString", "coordinates": [ [ 56.1508356, 57.9454176 ], [ 56.1528182, 57.9459362 ], [ 56.1532998, 57.9460371 ] ] } },
{ "type": "Feature", "properties": { "full_id": "w624285758", "osm_id": "624285758", "osm_type": "way", "power": "line", "ref": null, "frequency": null, "circuits:design": null, "layer": null, "name": null, "wires": null, "voltage": "110000", "circuits": "1", "cables": "3", "POI_CODE": 1 }, "geometry": { "type": "LineString", "coordinates": [ [ 56.1505608, 57.9450874 ], [ 56.1508356, 57.9454176 ] ] } },
{ "type": "Feature", "properties": { "full_id": "w624285759", "osm_id": "624285759", "osm_type": "way", "power": "line", "ref": null, "frequency": null, "circuits:design": null, "layer": null, "name": null, "wires": null, "voltage": "110000", "circuits": "1", "cables": "3", "POI_CODE": 1 }, "geometry": { "type": "LineString", "coordinates": [ [ 56.1507733, 57.9450422 ], [ 56.1508356, 57.9454176 ] ] } },
{ "type": "Feature", "properties": { "full_id": "w625405282", "osm_id": "625405282", "osm_type": "way", "power": "line", "ref": null, "frequency": null, "circuits:design": null, "layer": null, "name": null, "wires": null, "voltage": "110000", "circuits": "2", "cables": "6", "POI_CODE": 1 }, "geometry": { "type": "LineString", "coordinates": [ ] } },
{ "type": "Feature", "properties": { "full_id": "w674177195", "osm_id": "674177195", "osm_type": "way", "power": "line", "ref": null, "frequency": null, "circuits:design": null, "layer": null, "name": null, "wires": "single", "voltage": "110000", "circuits": "1", "cables": "3", "POI_CODE": 1 }, "geometry": { "type": "LineString", "coordinates": [ [ 56.1823953, 58.0368382 ], [ 56.1824915, 58.03674 ] ] } },
{ "type": "Feature", "properties": { "full_id": "w674236398", "osm_id": "674236398", "osm_type": "way", "power": "line", "ref": null, "frequency": null, "circuits:design": null, "layer": null, "name": null, "wires": "single", "voltage": "110000", "circuits": "2", "cables": "6", "POI_CODE": 1 }, "geometry": { "type": "LineString", "coordinates": [ [ 56.3900117, 58.0392915 ], [ 56.3898186, 58.0398424 ], [ 56.389207, 58.0414211 ], [ 56.3886491, 58.0429771 ], [ 56.3871042, 58.0437153 ], [ 56.3848082, 58.0448453 ], [ 56.3831452, 58.0456289 ], [ 56.3804952, 58.0469349 ], [ 56.3770727, 58.0485928 ], [ 56.3763432, 58.0489448 ], [ 56.3735966, 58.0502847 ], [ 56.3711719, 58.0514599 ], [ 56.3683555, 58.0529104 ], [ 56.3670852, 58.0534534 ], [ 56.3658838, 58.0540557 ] ] } },
{ "type": "Feature", "properties": { "full_id": "w675581113", "osm_id": "675581113", "osm_type": "way", "power": "line", "ref": null, "frequency": null, "circuits:design": null, "layer": null, "name": null, "wires": null, "voltage": "110000", "circuits": "2", "cables": "6", "POI_CODE": 1 }, "geometry": { "type": "LineString", "coordinates": [ [ 56.2834297, 57.9827212 ], [ 56.283305, 57.9824128 ], [ 56.2838066, 57.9790708 ], [ 56.285394, 57.9777295 ], [ 56.2869819, 57.9763528 ], [ 56.288162, 57.9753628 ], [ 56.2888916, 57.9732691 ], [ 56.2873574, 57.9712378 ], [ 56.2879367, 57.9702933 ], [ 56.2885161, 57.9693999 ], [ 56.2908764, 57.9687057 ], [ 56.2938537, 57.9684212 ], [ 56.2969596, 57.9680897 ], [ 56.3014765, 57.9675847 ], [ 56.3043518, 57.9672774 ], [ 56.3082142, 57.9668677 ], [ 56.3115616, 57.9665035 ], [ 56.3148661, 57.9661279 ], [ 56.3189752, 57.9656897 ], [ 56.318192, 57.9636694 ], [ 56.3172694, 57.9612107 ], [ 56.3157995, 57.9573914 ], [ 56.3154347, 57.9564693 ], [ 56.3146837, 57.9544542 ], [ 56.3142438, 57.9533896 ], [ 56.3134606, 57.9512661 ], [ 56.3129436, 57.9499067 ], [ 56.3127525, 57.9494044 ], [ 56.3122483, 57.948055 ], [ 56.3114651, 57.9460224 ], [ 56.3080211, 57.9445305 ], [ 56.3052745, 57.9434429 ], [ 56.3035257, 57.9426457 ], [ 56.302367, 57.9406127 ], [ 56.3012941, 57.9387618 ], [ 56.3022383, 57.9363071 ], [ 56.3026674, 57.9351281 ], [ 56.3034506, 57.9330377 ], [ 56.3041051, 57.9312662 ], [ 56.3048361, 57.9292231 ], [ 56.3051288, 57.9285306 ], [ 56.3053696, 57.9277989 ], [ 56.3056663, 57.9270024 ], [ 56.3058682, 57.9264604 ], [ 56.306163, 57.925669 ], [ 56.3070555, 57.9233247 ], [ 56.3075705, 57.9219629 ], [ 56.3083395, 57.9198741 ] ] } },
{ "type": "Feature", "properties": { "full_id": "w680935608", "osm_id": "680935608", "osm_type": "way", "power": "line", "ref": null, "frequency": null, "circuits:design": null, "layer": null, "name": null, "wires": null, "voltage": "220000", "circuits": "1", "cables": "3", "POI_CODE": 1 }, "geometry": { "type": "LineString", "coordinates": [ ] } },
{ "type": "Feature", "properties": { "full_id": "w693986115", "osm_id": "693986115", "osm_type": "way", "power": "line", "ref": null, "frequency": null, "circuits:design": null, "layer": null, "name": null, "wires": null, "voltage": "35000", "circuits": "1", "cables": "3", "POI_CODE": 1 }, "geometry": null },
{ "type": "Feature", "properties": { "full_id": "w694139862", "osm_id": "694139862", "osm_type": "way", "power": "line", "ref": null, "frequency": null, "circuits:design": null, "layer": null, "name": null, "wires": null, "voltage": "35000", "circuits": "1", "cables": "3", "POI_CODE": 1 }, "geometry": { "type": "LineString", "coordinates": [ [ 56.1484623, 58.0260257 ], [ 56.1545214, 58.0264219 ], [ 56.1564708, 58.0266028 ], [ 56.1577874, 58.0258502 ], [ 56.1597563, 58.0253627 ], [ 56.1618596, 58.0253211 ], [ 56.164121, 58.0252711 ], [ 56.1658269, 58.0252271 ], [ 56.1682007, 58.0251674 ], [ 56.1714703, 58.025095 ], [ 56.1739755, 58.0250254 ], [ 56.1753783, 58.0242683 ] ] } },
{ "type": "Feature", "properties": { "full_id": "w694139863", "osm_id": "694139863", "osm_type": "way", "power": "line", "ref": null, "frequency": null, "circuits:design": null, "layer": null, "name": null, "wires": null, "voltage": "35000", "circuits": "1", "cables": "3", "POI_CODE": 1 }, "geometry": { "type": "LineString", "coordinates": [ [ 56.118577, 58.0302013 ], [ 56.1188667, 58.0300768 ], [ 56.1187934, 58.0288644 ], [ 56.1187393, 58.0273054 ], [ 56.122541, 58.0263201 ], [ 56.1264807, 58.025271 ], [ 56.1296221, 58.0255182 ], [ 56.1343914, 58.0258935 ], [ 56.1365325, 58.026062 ], [ 56.1415201, 58.0264672 ], [ 56.1468523, 58.0255263 ], [ 56.1484623, 58.0260257 ], [ 56.1516112, 58.0270834 ], [ 56.1510637, 58.02885 ], [ 56.1505329, 58.0307367 ], [ 56.1502696, 58.0315437 ], [ 56.1500504, 58.0322565 ], [ 56.149849, 58.0330538 ], [ 56.151346, 58.0337615 ], [ 56.1535448, 58.034801 ], [ 56.1518556, 58.0364382 ], [ 56.1507132, 58.0375815 ], [ 56.1526545, 58.0385358 ], [ 56.1533251, 58.0386114 ], [ 56.1535799, 58.0385177 ], [ 56.153875, 58.0385937 ], [ 56.1537248, 58.0387733 ] ] } },
{ "type": "Feature", "properties": { "full_id": "w694139865", "osm_id": "694139865", "osm_type": "way", "power": "line", "ref": null, "frequency": null, "circuits:design": null, "layer": null, "name": null, "wires": null, "voltage": "35000", "circuits": "1", "cables": "3", "POI_CODE": 1 }, "geometry": { "type": "LineString", "coordinates": [ [ 56.1499951, 58.0191377 ], [ 56.1497116, 58.0197851 ], [ 56.1473894, 58.0198881 ], [ 56.1444527, 58.0200384 ], [ 56.1419951, 58.0205788 ], [ 56.1398396, 58.0211407 ], [ 56.1379963, 58.0215712 ], [ 56.137268, 58.0217699 ], [ 56.1347331, 58.0224782 ], [ 56.1321855, 58.0232081 ], [ 56.1295887, 58.0239017 ], [ 56.1267754, 58.0246384 ], [ 56.1247435, 58.0250515 ], [ 56.1226729, 58.0256032 ], [ 56.1203438, 58.0262208 ], [ 56.1183575, 58.0267476 ], [ 56.1183802, 58.0274715 ], [ 56.1184219, 58.0288039 ], [ 56.1184825, 58.0300275 ], [ 56.1184817, 58.0302035 ] ] } },
{ "type": "Feature", "properties": { "full_id": "w694139866", "osm_id": "694139866", "osm_type": "way", "power": "line", "ref": null, "frequency": null, "circuits:design": null, "layer": null, "name": null, "wires": null, "voltage": "35000", "circuits": "1", "cables": "3", "POI_CODE": 1 }, "geometry": { "type": "LineString", "coordinates": [ [ 56.1496103, 58.0081376 ], [ 56.1494278, 58.0081611 ], [ 56.1500405, 58.0075288 ], [ 56.1511069, 58.0072548 ], [ 56.1520726, 58.0072125 ], [ 56.1518794, 58.0086797 ], [ 56.1518784, 58.0092853 ], [ 56.152124, 58.0105867 ] ] } },
{ "type": "Feature", "properties": { "full_id": "w696037763", "osm_id": "696037763", "osm_type": "way", "power": "line", "ref": null, "frequency": null, "circuits:design": null, "layer": null, "name": null, "wires": null, "voltage": "35000", "circuits": "1", "cables": "3", "POI_CODE": 1 }, "geometry": { "type": "LineString", "coordinates": [ ] } },
{ "type": "Feature", "properties": { "full_id": "w696037764", "osm_id": "696037764", "osm_type": "way", "power": "line", "ref": "ВЛ-35 КВ МУЛЛЫ – УСТЬ-КАЧКА Ц.№1,2", "frequency": null, "circuits:design": null, "layer": null, "name": null, "wires": null, "voltage": "35000", "circuits": "1", "cables": "3", "POI_CODE": 1 }, "geometry": null },
{ "type": "Feature", "properties": { "full_id": "w696037765", "osm_id": "696037765", "osm_type": "way", "power": "line", "ref": null, "frequency": null, "circuits:design": null, "layer": null, "name": null, "wires": null, "voltage": "35000", "circuits": "1", "cables": "3", "POI_CODE": 1 }, "geometry": { "type": "LineString", "coordinates": [ ] } },
{ "type": "Feature", "properties": { "full_id": "w708322301", "osm_id": "708322301", "osm_type": "way", "power": "line", "ref": null, "frequency": null, "circuits:design": null, "layer": null, "name": null, "wires": null, "voltage": "110000", "circuits": "1", "cables": "3", "POI_CODE": 1 }, "geometry": null },
{ "type": "Feature", "properties": { "full_id": "w708322302", "osm_id": "708322302", "osm_type": "way", "power": "line", "ref": null, "frequency": null, "circuits:design": null, "layer": null, "name": null, "wires": null, "voltage": "110000", "circuits": "1", "cables": "3", "POI_CODE": 1 }, "geometry": null },
{ "type": "Feature", "properties": { "full_id": "w709138005", "osm_id": "709138005", "osm_type": "way", "power": "line", "ref": null, "frequency": null, "circuits:design": null, "layer": "2", "name": null, "wires": null, "voltage": "110000", "circuits": "2", "cables": "6", "POI_CODE": 1 }, "geometry": { "type": "LineString", "coordinates": [ [ 56.2695774, 57.9428946 ], [ 56.2682156, 57.9438439 ], [ 56.2681144, 57.9439144 ], [ 56.2664112, 57.9462075 ] ] } },
{ "type": "Feature", "properties": { "full_id": "w709138006", "osm_id": "709138006", "osm_type": "way", "power": "line", "ref": null, "frequency": null, "circuits:design": null, "layer": "1", "name": null, "wires": null, "voltage": "110000", "circuits": "1", "cables": "3", "POI_CODE": 1 }, "geometry": { "type": "LineString", "coordinates": [ [ 56.2669497, 57.9432578 ], [ 56.2680072, 57.9437059 ], [ 56.2684023, 57.94387 ], [ 56.2696954, 57.9438114 ] ] } },
{ "type": "Feature", "properties": { "full_id": "w709138007", "osm_id": "709138007", "osm_type": "way", "power": "line", "ref": null, "frequency": null, "circuits:design": null, "layer": "1", "name": null, "wires": null, "voltage": "110000", "circuits": "1", "cables": "3", "POI_CODE": 1 }, "geometry": { "type": "LineString", "coordinates": [ [ 56.2669497, 57.9432578 ], [ 56.267325, 57.9439196 ], [ 56.2683282, 57.9441011 ], [ 56.2696954, 57.9438114 ] ] } },
{ "type": "Feature", "properties": { "full_id": "w710535931", "osm_id": "710535931", "osm_type": "way", "power": "line", "ref": null, "frequency": null, "circuits:design": null, "layer": null, "name": null, "wires": null, "voltage": "110000", "circuits": "1", "cables": "3", "POI_CODE": 1 }, "geometry": { "type": "LineString", "coordinates": [ [ 56.2620817, 57.944368 ], [ 56.2618826, 57.944301 ] ] } },
{ "type": "Feature", "properties": { "full_id": "w710535932", "osm_id": "710535932", "osm_type": "way", "power": "line", "ref": null, "frequency": null, "circuits:design": null, "layer": null, "name": null, "wires": null, "voltage": "110000", "circuits": "1", "cables": "3", "POI_CODE": 1 }, "geometry": { "type": "LineString", "coordinates": [ [ 56.2620817, 57.944368 ], [ 56.2618851, 57.9444289 ] ] } },
{ "type": "Feature", "properties": { "full_id": "w710535933", "osm_id": "710535933", "osm_type": "way", "power": "line", "ref": null, "frequency": null, "circuits:design": null, "layer": null, "name": null, "wires": null, "voltage": "110000", "circuits": "2", "cables": "6", "POI_CODE": 1 }, "geometry": { "type": "LineString", "coordinates": [ [ 56.2669497, 57.9432578 ], [ 56.2649372, 57.9433368 ], [ 56.2647335, 57.9433492 ], [ 56.2629998, 57.9434904 ], [ 56.2620817, 57.944368 ] ] } },
{ "type": "Feature", "properties": { "full_id": "w711559309", "osm_id": "711559309", "osm_type": "way", "power": "line", "ref": null, "frequency": null, "circuits:design": null, "layer": null, "name": null, "wires": null, "voltage": "110000", "circuits": "1", "cables": "3", "POI_CODE": 1 }, "geometry": { "type": "LineString", "coordinates": [ [ 56.1959347, 58.0430345 ], [ 56.1964374, 58.0432477 ] ] } },
{ "type": "Feature", "properties": { "full_id": "w711559310", "osm_id": "711559310", "osm_type": "way", "power": "line", "ref": null, "frequency": null, "circuits:design": null, "layer": null, "name": null, "wires": null, "voltage": "110000", "circuits": "1", "cables": "3", "POI_CODE": 1 }, "geometry": { "type": "LineString", "coordinates": [ [ 56.1959347, 58.0430345 ], [ 56.1965622, 58.0430944 ] ] } },
{ "type": "Feature", "properties": { "full_id": "w711559312", "osm_id": "711559312", "osm_type": "way", "power": "line", "ref": null, "frequency": null, "circuits:design": null, "layer": null, "name": null, "wires": null, "voltage": "110000", "circuits": "2", "cables": "6", "POI_CODE": 1 }, "geometry": { "type": "LineString", "coordinates": [ [ 56.1805442, 58.0405636 ], [ 56.183331, 58.040778 ], [ 56.1865872, 58.0410363 ], [ 56.1880893, 58.0411688 ], [ 56.1908595, 58.0418187 ], [ 56.1933177, 58.0423827 ], [ 56.1959347, 58.0430345 ] ] } },
{ "type": "Feature", "properties": { "full_id": "w711995653", "osm_id": "711995653", "osm_type": "way", "power": "line", "ref": null, "frequency": null, "circuits:design": null, "layer": null, "name": null, "wires": null, "voltage": "35000", "circuits": "1", "cables": "3", "POI_CODE": 1 }, "geometry": { "type": "LineString", "coordinates": [ [ 56.59159, 58.0515124 ], [ 56.5942427, 58.0505217 ], [ 56.5959299, 58.0499086 ], [ 56.5982634, 58.0490487 ], [ 56.6002802, 58.0483118 ], [ 56.6018247, 58.0477443 ], [ 56.6014659, 58.0465459 ], [ 56.6011736, 58.0454813 ], [ 56.6007069, 58.0438906 ], [ 56.6002053, 58.0422005 ], [ 56.6017717, 58.0407609 ], [ 56.603491, 58.0392333 ], [ 56.6053069, 58.0376147 ], [ 56.6071415, 58.0359932 ], [ 56.6085792, 58.0346925 ], [ 56.6111138, 58.0338689 ], [ 56.6161886, 58.0322813 ], [ 56.6169906, 58.0319362 ], [ 56.6148019, 58.0306822 ], [ 56.605956, 58.0271189 ], [ 56.5943634, 58.022338 ], [ 56.5884063, 58.0209374 ], [ 56.5861645, 58.0197256 ] ] } },
{ "type": "Feature", "properties": { "full_id": "w711995654", "osm_id": "711995654", "osm_type": "way", "power": "line", "ref": null, "frequency": null, "circuits:design": null, "layer": "2", "name": null, "wires": null, "voltage": "35000", "circuits": "2", "cables": "6", "POI_CODE": 1 }, "geometry": { "type": "LineString", "coordinates": [ [ 56.5913767, 58.0519928 ], [ 56.5915133, 58.052434 ], [ 56.5898707, 58.0531432 ], [ 56.5883767, 58.0536491 ], [ 56.5860499, 58.0545778 ], [ 56.5863224, 58.0554159 ], [ 56.5867922, 58.0568935 ], [ 56.5871248, 58.0579018 ], [ 56.5834424, 58.0582178 ] ] } },
{ "type": "Feature", "properties": { "full_id": "w711995657", "osm_id": "711995657", "osm_type": "way", "power": "line", "ref": null, "frequency": null, "circuits:design": null, "layer": null, "name": null, "wires": null, "voltage": "35000", "circuits": "1", "cables": "3", "POI_CODE": 1 }, "geometry": { "type": "LineString", "coordinates": [ [ 56.5913767, 58.0519928 ], [ 56.59159, 58.0515124 ] ] } },
{ "type": "Feature", "properties": { "full_id": "w711995658", "osm_id": "711995658", "osm_type": "way", "power": "line", "ref": null, "frequency": null, "circuits:design": null, "layer": null, "name": null, "wires": null, "voltage": "35000", "circuits": "1", "cables": "3", "POI_CODE": 1 }, "geometry": { "type": "LineString", "coordinates": [ [ 56.5861645, 58.0197256 ], [ 56.5861202, 58.0223566 ], [ 56.5860823, 58.0246122 ], [ 56.5860057, 58.0291684 ], [ 56.5826154, 58.0377623 ], [ 56.5846378, 58.0421579 ], [ 56.5863422, 58.045588 ], [ 56.586329, 58.0465757 ], [ 56.5863219, 58.0471151 ], [ 56.5863137, 58.047727 ], [ 56.5879422, 58.0491293 ], [ 56.5895167, 58.0504437 ], [ 56.5913767, 58.0519928 ] ] } },
{ "type": "Feature", "properties": { "full_id": "w712203700", "osm_id": "712203700", "osm_type": "way", "power": "line", "ref": null, "frequency": null, "circuits:design": null, "layer": null, "name": null, "wires": null, "voltage": "110000", "circuits": "2", "cables": "6", "POI_CODE": 1 }, "geometry": { "type": "LineString", "coordinates": [ [ 56.2600939, 57.9721641 ], [ 56.2564775, 57.972465 ], [ 56.2531064, 57.9723343 ] ] } },
{ "type": "Feature", "properties": { "full_id": "w712203701", "osm_id": "712203701", "osm_type": "way", "power": "line", "ref": null, "frequency": null, "circuits:design": null, "layer": null, "name": null, "wires": null, "voltage": "110000", "circuits": "1", "cables": "3", "POI_CODE": 1 }, "geometry": { "type": "LineString", "coordinates": [ [ 56.2583872, 57.9760776 ], [ 56.2589695, 57.9762341 ] ] } },
{ "type": "Feature", "properties": { "full_id": "w712203702", "osm_id": "712203702", "osm_type": "way", "power": "line", "ref": null, "frequency": null, "circuits:design": null, "layer": null, "name": null, "wires": null, "voltage": "110000", "circuits": "1", "cables": "3", "POI_CODE": 1 }, "geometry": { "type": "LineString", "coordinates": [ [ 56.2584126, 57.9762694 ], [ 56.2589695, 57.9762341 ] ] } },
{ "type": "Feature", "properties": { "full_id": "w713587397", "osm_id": "713587397", "osm_type": "way", "power": "line", "ref": null, "frequency": null, "circuits:design": null, "layer": null, "name": null, "wires": null, "voltage": "110000", "circuits": "1", "cables": "3", "POI_CODE": 1 }, "geometry": { "type": "LineString", "coordinates": [ [ 56.2910254, 57.9890249 ], [ 56.2913704, 57.9890495 ] ] } },
{ "type": "Feature", "properties": { "full_id": "w713587398", "osm_id": "713587398", "osm_type": "way", "power": "line", "ref": null, "frequency": null, "circuits:design": null, "layer": null, "name": null, "wires": null, "voltage": "110000", "circuits": "1", "cables": "3", "POI_CODE": 1 }, "geometry": { "type": "LineString", "coordinates": [ [ 56.2910254, 57.9890249 ], [ 56.2913614, 57.989163 ] ] } },
{ "type": "Feature", "properties": { "full_id": "w713587401", "osm_id": "713587401", "osm_type": "way", "power": "line", "ref": null, "frequency": null, "circuits:design": null, "layer": null, "name": null, "wires": null, "voltage": "110000", "circuits": "1", "cables": "3", "POI_CODE": 1 }, "geometry": { "type": "LineString", "coordinates": [ [ 56.2834752, 57.9828108 ], [ 56.2834297, 57.9827212 ] ] } },
{ "type": "Feature", "properties": { "full_id": "w713587402", "osm_id": "713587402", "osm_type": "way", "power": "line", "ref": null, "frequency": null, "circuits:design": null, "layer": null, "name": null, "wires": null, "voltage": "110000", "circuits": "1", "cables": "3", "POI_CODE": 1 }, "geometry": { "type": "LineString", "coordinates": [ [ 56.283596, 57.9827439 ], [ 56.2834297, 57.9827212 ] ] } },
{ "type": "Feature", "properties": { "full_id": "w713587403", "osm_id": "713587403", "osm_type": "way", "power": "line", "ref": null, "frequency": null, "circuits:design": null, "layer": null, "name": null, "wires": null, "voltage": "35000", "circuits": "1", "cables": "3", "POI_CODE": 1 }, "geometry": { "type": "LineString", "coordinates": [ [ 56.2924019, 57.9888235 ], [ 56.2923135, 57.9887033 ] ] } },
{ "type": "Feature", "properties": { "full_id": "w713587404", "osm_id": "713587404", "osm_type": "way", "power": "line", "ref": null, "frequency": null, "circuits:design": null, "layer": null, "name": null, "wires": null, "voltage": "35000", "circuits": "1", "cables": "3", "POI_CODE": 1 }, "geometry": { "type": "LineString", "coordinates": [ [ 56.292267, 57.9888181 ], [ 56.2923135, 57.9887033 ] ] } },
{ "type": "Feature", "properties": { "full_id": "w713587405", "osm_id": "713587405", "osm_type": "way", "power": "line", "ref": null, "frequency": null, "circuits:design": null, "layer": null, "name": null, "wires": null, "voltage": "110000", "circuits": "2", "cables": "6", "POI_CODE": 1 }, "geometry": { "type": "LineString", "coordinates": [ [ 56.2913382, 57.9897612 ], [ 56.2904454, 57.9886368 ] ] } },
{ "type": "Feature", "properties": { "full_id": "w713587406", "osm_id": "713587406", "osm_type": "way", "power": "line", "ref": null, "frequency": null, "circuits:design": null, "layer": null, "name": null, "wires": null, "voltage": "110000", "circuits": "1", "cables": "3", "POI_CODE": 1 }, "geometry": { "type": "LineString", "coordinates": [ [ 56.2904454, 57.9886368 ], [ 56.2902626, 57.9885418 ] ] } },
{ "type": "Feature", "properties": { "full_id": "w713587407", "osm_id": "713587407", "osm_type": "way", "power": "line", "ref": null, "frequency": null, "circuits:design": null, "layer": null, "name": null, "wires": null, "voltage": "110000", "circuits": "1", "cables": "3", "POI_CODE": 1 }, "geometry": { "type": "LineString", "coordinates": [ [ 56.2904454, 57.9886368 ], [ 56.2904397, 57.9885091 ] ] } },
{ "type": "Feature", "properties": { "full_id": "w713855951", "osm_id": "713855951", "osm_type": "way", "power": "line", "ref": null, "frequency": null, "circuits:design": null, "layer": null, "name": null, "wires": null, "voltage": "110000", "circuits": "2", "cables": "6", "POI_CODE": 1 }, "geometry": { "type": "LineString", "coordinates": [ [ 56.1296551, 57.9999667 ], [ 56.1239572, 57.9993267 ] ] } },
{ "type": "Feature", "properties": { "full_id": "w713855952", "osm_id": "713855952", "osm_type": "way", "power": "line", "ref": null, "frequency": null, "circuits:design": null, "layer": null, "name": null, "wires": null, "voltage": "110000", "circuits": "2", "cables": "6", "POI_CODE": 1 }, "geometry": { "type": "LineString", "coordinates": [ [ 56.1302805, 57.9999685 ], [ 56.1264729, 57.9980365 ] ] } },
{ "type": "Feature", "properties": { "full_id": "w713855957", "osm_id": "713855957", "osm_type": "way", "power": "line", "ref": null, "frequency": null, "circuits:design": null, "layer": null, "name": null, "wires": null, "voltage": "110000", "circuits": "2", "cables": "6", "POI_CODE": 1 }, "geometry": { "type": "LineString", "coordinates": [ [ 56.1573018, 57.9328041 ], [ 56.1568898, 57.9325329 ], [ 56.1569481, 57.9321827 ], [ 56.1585712, 57.9306879 ], [ 56.1600769, 57.9293597 ], [ 56.1614526, 57.9281524 ], [ 56.1618242, 57.9267386 ], [ 56.1562663, 57.923584 ], [ 56.154637, 57.9229697 ], [ 56.1506348, 57.9211697 ], [ 56.1483098, 57.9200997 ], [ 56.1447083, 57.9222439 ] ] } },
{ "type": "Feature", "properties": { "full_id": "w714018489", "osm_id": "714018489", "osm_type": "way", "power": "line", "ref": null, "frequency": null, "circuits:design": null, "layer": null, "name": null, "wires": null, "voltage": "110000", "circuits": "1", "cables": "3", "POI_CODE": 1 }, "geometry": { "type": "LineString", "coordinates": [ [ 56.2102154, 57.9875193 ], [ 56.2099252, 57.9878643 ] ] } },
{ "type": "Feature", "properties": { "full_id": "w714018490", "osm_id": "714018490", "osm_type": "way", "power": "line", "ref": null, "frequency": null, "circuits:design": null, "layer": null, "name": null, "wires": null, "voltage": "110000", "circuits": "2", "cables": "6", "POI_CODE": 1 }, "geometry": { "type": "LineString", "coordinates": [ [ 56.2705822, 57.9421404 ], [ 56.2695774, 57.9428946 ] ] } },
{ "type": "Feature", "properties": { "full_id": "w714018491", "osm_id": "714018491", "osm_type": "way", "power": "line", "ref": null, "frequency": null, "circuits:design": null, "layer": null, "name": null, "wires": null, "voltage": "110000", "circuits": "1", "cables": "3", "POI_CODE": 1 }, "geometry": { "type": "LineString", "coordinates": [ [ 56.2705822, 57.9421404 ], [ 56.2737725, 57.9405427 ], [ 56.2774095, 57.9387601 ] ] } },
{ "type": "Feature", "properties": { "full_id": "w714018492", "osm_id": "714018492", "osm_type": "way", "power": "line", "ref": null, "frequency": null, "circuits:design": null, "layer": null, "name": null, "wires": null, "voltage": "110000", "circuits": "1", "cables": "3", "POI_CODE": 1 }, "geometry": { "type": "LineString", "coordinates": [ [ 56.2314195, 57.9996381 ], [ 56.2313965, 57.9998184 ] ] } },
{ "type": "Feature", "properties": { "full_id": "w714018493", "osm_id": "714018493", "osm_type": "way", "power": "line", "ref": null, "frequency": null, "circuits:design": null, "layer": null, "name": null, "wires": null, "voltage": "110000", "circuits": "1", "cables": "3", "POI_CODE": 1 }, "geometry": { "type": "LineString", "coordinates": [ [ 56.2314195, 57.9996381 ], [ 56.2316029, 57.9997798 ] ] } },
{ "type": "Feature", "properties": { "full_id": "w714323978", "osm_id": "714323978", "osm_type": "way", "power": "line", "ref": null, "frequency": null, "circuits:design": null, "layer": null, "name": null, "wires": null, "voltage": "110000", "circuits": "1", "cables": "3", "POI_CODE": 1 }, "geometry": { "type": "LineString", "coordinates": [ [ 56.2913382, 57.9897612 ], [ 56.2925192, 57.9895458 ], [ 56.294356, 57.9881603 ] ] } },
{ "type": "Feature", "properties": { "full_id": "w724139961", "osm_id": "724139961", "osm_type": "way", "power": "line", "ref": null, "frequency": null, "circuits:design": null, "layer": null, "name": null, "wires": "single", "voltage": "35000", "circuits": "2", "cables": "6", "POI_CODE": 1 }, "geometry": { "type": "LineString", "coordinates": [ [ 55.7866395, 58.0859405 ], [ 55.7857061, 58.0845877 ], [ 55.7846919, 58.0832794 ], [ 55.7843607, 58.0828291 ], [ 55.783586, 58.0818309 ], [ 55.7814039, 58.0791479 ], [ 55.7804651, 58.0778998 ], [ 55.7787587, 58.0770948 ], [ 55.7772733, 58.0764588 ], [ 55.7756532, 58.0762518 ] ] } },
{ "type": "Feature", "properties": { "full_id": "w724139962", "osm_id": "724139962", "osm_type": "way", "power": "line", "ref": null, "frequency": null, "circuits:design": null, "layer": null, "name": null, "wires": null, "voltage": "110000", "circuits": "2", "cables": "6", "POI_CODE": 1 }, "geometry": { "type": "LineString", "coordinates": [ [ 55.7973964, 58.0740829 ], [ 55.7941553, 58.0741177 ], [ 55.7913227, 58.074127 ], [ 55.7886888, 58.0741781 ], [ 55.7862962, 58.0741895 ], [ 55.7835443, 58.074198 ], [ 55.7809855, 58.0742377 ], [ 55.7784427, 58.0742973 ], [ 55.7759751, 58.0743114 ] ] } },
{ "type": "Feature", "properties": { "full_id": "w724139964", "osm_id": "724139964", "osm_type": "way", "power": "line", "ref": null, "frequency": null, "circuits:design": null, "layer": null, "name": null, "wires": "single", "voltage": "110000", "circuits": "2", "cables": "6", "POI_CODE": 1 }, "geometry": { "type": "LineString", "coordinates": [ [ 55.8440958, 58.0739873 ], [ 55.8411668, 58.0739986 ], [ 55.8381091, 58.0740355 ], [ 55.8351319, 58.0740781 ], [ 55.8307384, 58.0741405 ], [ 55.8278416, 58.0741235 ], [ 55.8243279, 58.0741547 ], [ 55.8205943, 58.0741603 ], [ 55.8167158, 58.0741603 ], [ 55.8136387, 58.0741866 ], [ 55.8103235, 58.0742122 ], [ 55.8071263, 58.0742263 ], [ 55.8041506, 58.0742719 ], [ 55.8005012, 58.0743143 ], [ 55.7978737, 58.0743598 ], [ 55.7943691, 58.0743787 ], [ 55.7916553, 58.0743739 ], [ 55.7897831, 58.0744306 ], [ 55.7868649, 58.0744504 ], [ 55.7835765, 58.0744845 ], [ 55.7804276, 58.0745327 ], [ 55.7800574, 58.074527 ], [ 55.7777534, 58.0745257 ], [ 55.7765024, 58.0744768 ] ] } },
{ "type": "Feature", "properties": { "full_id": "w724139966", "osm_id": "724139966", "osm_type": "way", "power": "line", "ref": null, "frequency": null, "circuits:design": null, "layer": null, "name": null, "wires": "single", "voltage": "35000", "circuits": "2", "cables": "6", "POI_CODE": 1 }, "geometry": { "type": "LineString", "coordinates": [ [ 55.8376545, 58.0396954 ], [ 55.8372153, 58.0408682 ], [ 55.8367271, 58.042014 ], [ 55.8321405, 58.0433485 ], [ 55.830778, 58.0437119 ], [ 55.8259661, 58.0450548 ], [ 55.8243943, 58.046463 ], [ 55.822844, 58.0478229 ], [ 55.821181, 58.0493161 ], [ 55.8173777, 58.0519618 ], [ 55.817088, 58.0533725 ], [ 55.8174099, 58.0550528 ], [ 55.8178283, 58.0568637 ], [ 55.818236, 58.0585609 ], [ 55.8186596, 58.0603757 ], [ 55.8189337, 58.061768 ], [ 55.8190728, 58.0627553 ], [ 55.8193786, 58.0639925 ], [ 55.8198286, 58.0658646 ], [ 55.820212, 58.0676841 ], [ 55.820576, 58.0694153 ], [ 55.8209128, 58.0711142 ], [ 55.8188582, 58.0720419 ], [ 55.8167178, 58.0729497 ], [ 55.815425, 58.0734916 ], [ 55.8140785, 58.0742831 ], [ 55.8123512, 58.0743285 ], [ 55.8096744, 58.0743682 ], [ 55.8069278, 58.0744051 ], [ 55.8042609, 58.0744635 ], [ 55.8019566, 58.0745063 ], [ 55.7992569, 58.0745398 ], [ 55.7966869, 58.0745848 ], [ 55.7941012, 58.0746034 ], [ 55.7928569, 58.0744873 ], [ 55.7907272, 58.07451 ], [ 55.7885815, 58.0745696 ], [ 55.7862962, 58.0746121 ], [ 55.7840807, 58.074632 ], [ 55.7818223, 58.074632 ], [ 55.7796658, 58.0746632 ], [ 55.7778044, 58.0746774 ], [ 55.7763989, 58.0751256 ], [ 55.7756371, 58.0757071 ], [ 55.7748982, 58.0758256 ] ] } },
{ "type": "Feature", "properties": { "full_id": "w724142701", "osm_id": "724142701", "osm_type": "way", "power": "line", "ref": null, "frequency": null, "circuits:design": null, "layer": null, "name": null, "wires": null, "voltage": null, "circuits": null, "cables": null, "POI_CODE": 1 }, "geometry": { "type": "LineString", "coordinates": [ [ 55.8222909, 58.0634971 ], [ 55.820371, 58.0641202 ] ] } },
{ "type": "Feature", "properties": { "full_id": "w756132570", "osm_id": "756132570", "osm_type": "way", "power": "line", "ref": null, "frequency": null, "circuits:design": null, "layer": null, "name": null, "wires": null, "voltage": "110000", "circuits": "2", "cables": "6", "POI_CODE": 1 }, "geometry": { "type": "LineString", "coordinates": [ [ 56.5154221, 58.136917 ], [ 56.5146808, 58.1364146 ], [ 56.5130281, 58.135281 ], [ 56.51089, 58.135076 ], [ 56.5078687, 58.1347864 ], [ 56.5059194, 58.1345996 ], [ 56.5013119, 58.1341579 ], [ 56.4979898, 58.1338394 ], [ 56.4954849, 58.1335993 ], [ 56.4921444, 58.133279 ], [ 56.4886254, 58.1329417 ], [ 56.4858281, 58.132645 ], [ 56.4827245, 58.1323158 ], [ 56.4807109, 58.1332898 ], [ 56.4777315, 58.1347308 ], [ 56.4755999, 58.1357618 ], [ 56.4723159, 58.1373502 ], [ 56.4703612, 58.1382955 ], [ 56.4683832, 58.1392521 ], [ 56.4679939, 58.1408492 ], [ 56.4669665, 58.1422103 ], [ 56.4673072, 58.1429519 ], [ 56.4658481, 58.1442798 ], [ 56.4638163, 58.1463572 ], [ 56.4632235, 58.146951 ], [ 56.4617752, 58.1484648 ], [ 56.4601625, 58.1483215 ], [ 56.457316, 58.148191 ], [ 56.4529788, 58.1479772 ], [ 56.4519033, 58.1495243 ] ] } },
{ "type": "Feature", "properties": { "full_id": "w756160520", "osm_id": "756160520", "osm_type": "way", "power": "line", "ref": null, "frequency": null, "circuits:design": null, "layer": null, "name": null, "wires": null, "voltage": "35000", "circuits": "2", "cables": "6", "POI_CODE": 1 }, "geometry": { "type": "LineString", "coordinates": [ [ 56.4530432, 58.1500183 ], [ 56.4531237, 58.1483113 ], [ 56.453276, 58.1476092 ], [ 56.4534367, 58.1468674 ], [ 56.4535958, 58.1461342 ], [ 56.4550683, 58.1462064 ], [ 56.4561573, 58.1462602 ], [ 56.4576513, 58.1463381 ], [ 56.4590031, 58.1463933 ], [ 56.4603455, 58.1457442 ], [ 56.4617363, 58.1450407 ], [ 56.4652258, 58.1433483 ], [ 56.4663738, 58.1427905 ], [ 56.4667171, 58.1426461 ], [ 56.4665186, 58.1420091 ], [ 56.4684783, 58.1417772 ], [ 56.471102, 58.1414956 ], [ 56.473171, 58.1412735 ], [ 56.4756607, 58.1410063 ], [ 56.4784065, 58.1407116 ], [ 56.481692, 58.1403589 ], [ 56.4848274, 58.1404151 ], [ 56.4872696, 58.1404588 ], [ 56.4903836, 58.1405146 ], [ 56.4934198, 58.1405689 ], [ 56.4954097, 58.1406046 ], [ 56.5058836, 58.1407921 ], [ 56.5088348, 58.140845 ] ] } },
{ "type": "Feature", "properties": { "full_id": "w801877246", "osm_id": "801877246", "osm_type": "way", "power": "line", "ref": null, "frequency": null, "circuits:design": null, "layer": null, "name": null, "wires": null, "voltage": "35000", "circuits": null, "cables": null, "POI_CODE": 1 }, "geometry": { "type": "LineString", "coordinates": [ [ 56.346117, 58.0720567 ], [ 56.346309, 58.0718855 ] ] } },
{ "type": "Feature", "properties": { "full_id": "w801877247", "osm_id": "801877247", "osm_type": "way", "power": "line", "ref": null, "frequency": null, "circuits:design": null, "layer": null, "name": null, "wires": null, "voltage": "35000", "circuits": null, "cables": null, "POI_CODE": 1 }, "geometry": { "type": "LineString", "coordinates": [ [ 56.3460526, 58.0719772 ], [ 56.346309, 58.0718855 ] ] } },
{ "type": "Feature", "properties": { "full_id": "w801932074", "osm_id": "801932074", "osm_type": "way", "power": "line", "ref": null, "frequency": null, "circuits:design": null, "layer": null, "name": null, "wires": null, "voltage": "110000", "circuits": "1", "cables": "3", "POI_CODE": 1 }, "geometry": { "type": "LineString", "coordinates": [ [ 56.3508813, 58.0865146 ], [ 56.3513047, 58.0863666 ] ] } },
{ "type": "Feature", "properties": { "full_id": "w801932075", "osm_id": "801932075", "osm_type": "way", "power": "line", "ref": null, "frequency": null, "circuits:design": null, "layer": null, "name": null, "wires": null, "voltage": "110000", "circuits": "1", "cables": "3", "POI_CODE": 1 }, "geometry": { "type": "LineString", "coordinates": [ [ 56.3508138, 58.0863886 ], [ 56.3513047, 58.0863666 ] ] } },
{ "type": "Feature", "properties": { "full_id": "w801932076", "osm_id": "801932076", "osm_type": "way", "power": "line", "ref": null, "frequency": null, "circuits:design": null, "layer": null, "name": null, "wires": null, "voltage": "110000", "circuits": "1", "cables": "3", "POI_CODE": 1 }, "geometry": { "type": "LineString", "coordinates": [ [ 56.3568977, 58.0868964 ], [ 56.3544173, 58.0868951 ] ] } },
{ "type": "Feature", "properties": { "full_id": "w801932077", "osm_id": "801932077", "osm_type": "way", "power": "line", "ref": null, "frequency": null, "circuits:design": null, "layer": null, "name": null, "wires": null, "voltage": "110000", "circuits": "1", "cables": "3", "POI_CODE": 1 }, "geometry": { "type": "LineString", "coordinates": [ [ 56.3567162, 58.0863044 ], [ 56.3557205, 58.0864262 ], [ 56.3556276, 58.0859173 ] ] } },
{ "type": "Feature", "properties": { "full_id": "w801932078", "osm_id": "801932078", "osm_type": "way", "power": "line", "ref": null, "frequency": null, "circuits:design": null, "layer": null, "name": null, "wires": null, "voltage": "110000", "circuits": "2", "cables": "6", "POI_CODE": 1 }, "geometry": { "type": "LineString", "coordinates": [ [ 56.3600422, 58.1054458 ], [ 56.359935, 58.1049328 ], [ 56.3596775, 58.103422 ], [ 56.361555, 58.1012621 ], [ 56.3612439, 58.0992154 ], [ 56.3610186, 58.0978376 ], [ 56.3596882, 58.0956887 ], [ 56.3602217, 58.0926956 ], [ 56.3598791, 58.0916641 ], [ 56.3587532, 58.088956 ], [ 56.3575262, 58.0867694 ], [ 56.3567162, 58.0863044 ] ] } },
{ "type": "Feature", "properties": { "full_id": "w801932079", "osm_id": "801932079", "osm_type": "way", "power": "line", "ref": null, "frequency": null, "circuits:design": null, "layer": null, "name": null, "wires": null, "voltage": "110000", "circuits": "2", "cables": "6", "POI_CODE": 1 }, "geometry": { "type": "LineString", "coordinates": [ [ 56.3482635, 58.0778669 ], [ 56.3486604, 58.0783661 ], [ 56.3494383, 58.0800056 ], [ 56.3495349, 58.0813273 ], [ 56.3496743, 58.0824902 ], [ 56.3517021, 58.08367 ], [ 56.3534346, 58.0846764 ], [ 56.3546337, 58.0848276 ], [ 56.3556276, 58.0859173 ] ] } },
{ "type": "Feature", "properties": { "full_id": "w801932081", "osm_id": "801932081", "osm_type": "way", "power": "line", "ref": null, "frequency": null, "circuits:design": null, "layer": null, "name": null, "wires": null, "voltage": "110000", "circuits": "1", "cables": "3", "POI_CODE": 1 }, "geometry": { "type": "LineString", "coordinates": [ [ 56.347724, 58.0779295 ], [ 56.3482635, 58.0778669 ] ] } },
{ "type": "Feature", "properties": { "full_id": "w801932082", "osm_id": "801932082", "osm_type": "way", "power": "line", "ref": null, "frequency": null, "circuits:design": null, "layer": null, "name": null, "wires": null, "voltage": "110000", "circuits": "1", "cables": "3", "POI_CODE": 1 }, "geometry": { "type": "LineString", "coordinates": [ [ 56.3478464, 58.078094 ], [ 56.3482635, 58.0778669 ] ] } },
{ "type": "Feature", "properties": { "full_id": "w801976224", "osm_id": "801976224", "osm_type": "way", "power": "line", "ref": null, "frequency": null, "circuits:design": null, "layer": null, "name": null, "wires": null, "voltage": "110000", "circuits": "1", "cables": "3", "POI_CODE": 1 }, "geometry": { "type": "LineString", "coordinates": [ [ 56.3567162, 58.0863044 ], [ 56.3556276, 58.0859173 ] ] } },
{ "type": "Feature", "properties": { "full_id": "w801976225", "osm_id": "801976225", "osm_type": "way", "power": "line", "ref": null, "frequency": null, "circuits:design": null, "layer": "1", "name": null, "wires": null, "voltage": "110000", "circuits": "2", "cables": "6", "POI_CODE": 1 }, "geometry": { "type": "LineString", "coordinates": [ [ 56.3596721, 58.1054316 ], [ 56.3597741, 58.1063953 ], [ 56.3576283, 58.1080646 ] ] } },
{ "type": "Feature", "properties": { "full_id": "w801976226", "osm_id": "801976226", "osm_type": "way", "power": "line", "ref": null, "frequency": null, "circuits:design": null, "layer": null, "name": null, "wires": null, "voltage": "110000", "circuits": "2", "cables": "6", "POI_CODE": 1 }, "geometry": { "type": "LineString", "coordinates": [ [ 56.3576283, 58.1080646 ], [ 56.3554825, 58.1097991 ], [ 56.352326, 58.1113059 ], [ 56.3498928, 58.1115561 ], [ 56.3492598, 58.1115844 ] ] } },
{ "type": "Feature", "properties": { "full_id": "w801976227", "osm_id": "801976227", "osm_type": "way", "power": "line", "ref": null, "frequency": null, "circuits:design": null, "layer": null, "name": null, "wires": null, "voltage": "110000", "circuits": "1", "cables": "3", "POI_CODE": 1 }, "geometry": { "type": "LineString", "coordinates": [ [ 56.3600422, 58.1054458 ], [ 56.3600457, 58.1063408 ], [ 56.3600457, 58.1065335 ], [ 56.3592644, 58.1065115 ] ] } },
{ "type": "Feature", "properties": { "full_id": "w801976228", "osm_id": "801976228", "osm_type": "way", "power": "line", "ref": null, "frequency": null, "circuits:design": null, "layer": null, "name": null, "wires": null, "voltage": "110000", "circuits": "1", "cables": "3", "POI_CODE": 1 }, "geometry": { "type": "LineString", "coordinates": [ [ 56.3600422, 58.1054458 ], [ 56.3593966, 58.1056435 ], [ 56.3593615, 58.1058737 ], [ 56.3592644, 58.1065115 ] ] } },
{ "type": "Feature", "properties": { "full_id": "w801976231", "osm_id": "801976231", "osm_type": "way", "power": "line", "ref": null, "frequency": null, "circuits:design": null, "layer": null, "name": null, "wires": null, "voltage": "110000", "circuits": "2", "cables": "6", "POI_CODE": 1 }, "geometry": { "type": "LineString", "coordinates": [ [ 56.3592644, 58.1065115 ], [ 56.3571991, 58.1068743 ], [ 56.3550514, 58.1072534 ], [ 56.3536191, 58.1073668 ] ] } },
{ "type": "Feature", "properties": { "full_id": "w801976232", "osm_id": "801976232", "osm_type": "way", "power": "line", "ref": null, "frequency": null, "circuits:design": null, "layer": null, "name": null, "wires": null, "voltage": "110000", "circuits": "1", "cables": "3", "POI_CODE": 1 }, "geometry": { "type": "LineString", "coordinates": [ [ 56.3474983, 58.1042915 ], [ 56.3481742, 58.1043681 ] ] } },
{ "type": "Feature", "properties": { "full_id": "w801976233", "osm_id": "801976233", "osm_type": "way", "power": "line", "ref": null, "frequency": null, "circuits:design": null, "layer": null, "name": null, "wires": null, "voltage": "110000", "circuits": "1", "cables": "3", "POI_CODE": 1 }, "geometry": { "type": "LineString", "coordinates": [ [ 56.3474902, 58.1044814 ], [ 56.3481742, 58.1043681 ] ] } },
{ "type": "Feature", "properties": { "full_id": "w801976234", "osm_id": "801976234", "osm_type": "way", "power": "line", "ref": null, "frequency": null, "circuits:design": null, "layer": null, "name": null, "wires": null, "voltage": "110000", "circuits": "2", "cables": "6", "POI_CODE": 1 }, "geometry": { "type": "LineString", "coordinates": [ [ 56.3481742, 58.1043681 ], [ 56.3500786, 58.1045608 ], [ 56.3515672, 58.1058051 ], [ 56.3527554, 58.1068396 ], [ 56.3536191, 58.1073668 ], [ 56.3543936, 58.1082357 ], [ 56.3552387, 58.1096495 ], [ 56.3522559, 58.1111239 ], [ 56.3498392, 58.1113124 ], [ 56.3492169, 58.111352 ] ] } },
{ "type": "Feature", "properties": { "full_id": "w802014955", "osm_id": "802014955", "osm_type": "way", "power": "line", "ref": null, "frequency": null, "circuits:design": null, "layer": null, "name": null, "wires": null, "voltage": "220000", "circuits": "1", "cables": "3", "POI_CODE": 1 }, "geometry": { "type": "LineString", "coordinates": [ [ 56.4405376, 58.0492148 ], [ 56.4402924, 58.0477392 ], [ 56.4393039, 58.0465792 ] ] } },
{ "type": "Feature", "properties": { "full_id": "w802014956", "osm_id": "802014956", "osm_type": "way", "power": "line", "ref": null, "frequency": null, "circuits:design": null, "layer": null, "name": null, "wires": null, "voltage": "220000", "circuits": "1", "cables": "3", "POI_CODE": 1 }, "geometry": { "type": "LineString", "coordinates": [ [ 56.4393039, 58.0465792 ], [ 56.4394058, 58.0474025 ], [ 56.4395279, 58.0489106 ], [ 56.4405376, 58.0492148 ] ] } },
{ "type": "Feature", "properties": { "full_id": "w802014957", "osm_id": "802014957", "osm_type": "way", "power": "line", "ref": null, "frequency": null, "circuits:design": null, "layer": null, "name": null, "wires": null, "voltage": "220000", "circuits": "2", "cables": "6", "POI_CODE": 1 }, "geometry": { "type": "LineString", "coordinates": [ [ 56.4405376, 58.0492148 ], [ 56.4434934, 58.050071 ], [ 56.4475812, 58.0512463 ], [ 56.4526661, 58.0527408 ], [ 56.4569837, 58.0540097 ], [ 56.461136, 58.05523 ], [ 56.4655861, 58.0565378 ], [ 56.4699446, 58.0578187 ], [ 56.4744099, 58.0591094 ], [ 56.4788753, 58.0604 ], [ 56.4832455, 58.0616631 ], [ 56.4879658, 58.0630782 ], [ 56.4898796, 58.0636716 ], [ 56.4916952, 58.0656681 ], [ 56.4966763, 58.0656494 ], [ 56.5014828, 58.0670681 ], [ 56.5025245, 58.0673641 ], [ 56.5054116, 58.0681845 ], [ 56.5083993, 58.0690427 ], [ 56.5120883, 58.070121 ], [ 56.5131075, 58.0717892 ], [ 56.5188314, 58.0726545 ], [ 56.5233603, 58.0739041 ], [ 56.5275914, 58.0750715 ] ] } },
{ "type": "Feature", "properties": { "full_id": "w802014958", "osm_id": "802014958", "osm_type": "way", "power": "line", "ref": null, "frequency": null, "circuits:design": null, "layer": null, "name": null, "wires": null, "voltage": "110000", "circuits": "2", "cables": "6", "POI_CODE": 1 }, "geometry": { "type": "LineString", "coordinates": [ [ 56.4376472, 58.0473153 ], [ 56.4399421, 58.0479974 ], [ 56.4434079, 58.0490078 ], [ 56.4460744, 58.0497595 ], [ 56.4496857, 58.0508081 ], [ 56.4525825, 58.0516626 ], [ 56.4552043, 58.052421 ], [ 56.4592075, 58.0535843 ], [ 56.4621526, 58.0544471 ], [ 56.4651782, 58.0553356 ], [ 56.4683056, 58.0562551 ], [ 56.4711863, 58.0571094 ], [ 56.4742065, 58.0579553 ], [ 56.476878, 58.0587413 ], [ 56.4799357, 58.0596468 ], [ 56.4834601, 58.0607053 ], [ 56.4866726, 58.0616485 ], [ 56.4889694, 58.0623228 ], [ 56.4911903, 58.0629584 ], [ 56.4922363, 58.0632593 ], [ 56.4943969, 58.0639334 ], [ 56.4945221, 58.0639725 ], [ 56.4971393, 58.0646866 ], [ 56.4995319, 58.0653676 ], [ 56.5024823, 58.0662075 ], [ 56.5045744, 58.0668261 ], [ 56.5077394, 58.0677368 ], [ 56.510588, 58.0685455 ], [ 56.513415, 58.0693541 ], [ 56.516049, 58.070123 ], [ 56.5201903, 58.0712777 ], [ 56.5246695, 58.0725685 ], [ 56.5851933, 58.0633095 ], [ 56.5867904, 58.0617532 ], [ 56.5882902, 58.0602286 ] ] } },
{ "type": "Feature", "properties": { "full_id": "w802014959", "osm_id": "802014959", "osm_type": "way", "power": "line", "ref": null, "frequency": null, "circuits:design": null, "layer": null, "name": null, "wires": null, "voltage": "110000", "circuits": "1", "cables": "3", "POI_CODE": 1 }, "geometry": { "type": "LineString", "coordinates": [ [ 56.4302095, 58.0492309 ], [ 56.4304549, 58.0490984 ], [ 56.4320485, 58.0485848 ], [ 56.4335856, 58.0482288 ], [ 56.4355108, 58.0469509 ], [ 56.4376472, 58.0473153 ] ] } },
{ "type": "Feature", "properties": { "full_id": "w803126234", "osm_id": "803126234", "osm_type": "way", "power": "line", "ref": null, "frequency": null, "circuits:design": null, "layer": null, "name": null, "wires": null, "voltage": "35000", "circuits": "1", "cables": "3", "POI_CODE": 1 }, "geometry": { "type": "LineString", "coordinates": [ [ 56.1131939, 57.9243139 ], [ 56.1125337, 57.9248693 ] ] } },
{ "type": "Feature", "properties": { "full_id": "w803126235", "osm_id": "803126235", "osm_type": "way", "power": "line", "ref": null, "frequency": null, "circuits:design": null, "layer": null, "name": null, "wires": null, "voltage": "110000", "circuits": "1", "cables": "3", "POI_CODE": 1 }, "geometry": null },
{ "type": "Feature", "properties": { "full_id": "w803126236", "osm_id": "803126236", "osm_type": "way", "power": "line", "ref": null, "frequency": null, "circuits:design": null, "layer": null, "name": null, "wires": null, "voltage": "110000", "circuits": "1", "cables": "3", "POI_CODE": 1 }, "geometry": null },
{ "type": "Feature", "properties": { "full_id": "w803126237", "osm_id": "803126237", "osm_type": "way", "power": "line", "ref": null, "frequency": null, "circuits:design": null, "layer": null, "name": null, "wires": null, "voltage": "110000", "circuits": "1", "cables": "3", "POI_CODE": 1 }, "geometry": { "type": "LineString", "coordinates": [ [ 56.1259164, 57.9316723 ], [ 56.1243623, 57.9307619 ] ] } },
{ "type": "Feature", "properties": { "full_id": "w803126238", "osm_id": "803126238", "osm_type": "way", "power": "line", "ref": null, "frequency": null, "circuits:design": null, "layer": null, "name": null, "wires": null, "voltage": "110000", "circuits": "2", "cables": "6", "POI_CODE": 1 }, "geometry": { "type": "LineString", "coordinates": [ [ 56.1243623, 57.9307619 ], [ 56.1216532, 57.9294968 ], [ 56.1188503, 57.9282193 ], [ 56.1161082, 57.9269287 ], [ 56.1136906, 57.9258172 ], [ 56.1105676, 57.9244506 ], [ 56.1076944, 57.9230504 ], [ 56.1045888, 57.9216703 ] ] } },
{ "type": "Feature", "properties": { "full_id": "w803126239", "osm_id": "803126239", "osm_type": "way", "power": "line", "ref": null, "frequency": null, "circuits:design": null, "layer": null, "name": null, "wires": null, "voltage": "110000", "circuits": "2", "cables": "6", "POI_CODE": 1 }, "geometry": { "type": "LineString", "coordinates": [ [ 56.1412379, 57.923918 ], [ 56.1404208, 57.9244242 ], [ 56.1391018, 57.9252589 ], [ 56.1371555, 57.9264742 ], [ 56.1353355, 57.9275883 ], [ 56.1334771, 57.9287325 ], [ 56.1315711, 57.9298983 ], [ 56.1296607, 57.931055 ], [ 56.1278088, 57.9321785 ] ] } },
{ "type": "Feature", "properties": { "full_id": "w812624882", "osm_id": "812624882", "osm_type": "way", "power": "line", "ref": null, "frequency": null, "circuits:design": null, "layer": null, "name": null, "wires": null, "voltage": "35000", "circuits": "1", "cables": "3", "POI_CODE": 1 }, "geometry": { "type": "LineString", "coordinates": [ [ 56.366708, 58.0640547 ], [ 56.3656762, 58.0653143 ], [ 56.3635187, 58.065976 ], [ 56.3604768, 58.0668789 ], [ 56.3588364, 58.0680245 ] ] } },
{ "type": "Feature", "properties": { "full_id": "w812624883", "osm_id": "812624883", "osm_type": "way", "power": "line", "ref": null, "frequency": null, "circuits:design": null, "layer": null, "name": null, "wires": null, "voltage": "35000", "circuits": "1", "cables": "3", "POI_CODE": 1 }, "geometry": { "type": "LineString", "coordinates": [ [ 56.366708, 58.0640547 ], [ 56.365756, 58.0653344 ], [ 56.3635187, 58.065976 ], [ 56.360608, 58.0669161 ], [ 56.3588364, 58.0680245 ] ] } },
{ "type": "Feature", "properties": { "full_id": "w812624884", "osm_id": "812624884", "osm_type": "way", "power": "line", "ref": null, "frequency": null, "circuits:design": null, "layer": null, "name": null, "wires": null, "voltage": "35000", "circuits": "2", "cables": "6", "POI_CODE": 1 }, "geometry": { "type": "LineString", "coordinates": [ [ 56.3653743, 58.0543999 ], [ 56.3654534, 58.0544964 ], [ 56.366412, 58.0560632 ], [ 56.3669504, 58.0568758 ], [ 56.3676607, 58.0580195 ], [ 56.3686844, 58.059659 ], [ 56.3692864, 58.0605627 ], [ 56.368082, 58.0622053 ], [ 56.366708, 58.0640547 ] ] } },
{ "type": "Feature", "properties": { "full_id": "w813424877", "osm_id": "813424877", "osm_type": "way", "power": "line", "ref": null, "frequency": null, "circuits:design": null, "layer": null, "name": null, "wires": "single", "voltage": "110000", "circuits": "2", "cables": "6", "POI_CODE": 1 }, "geometry": { "type": "LineString", "coordinates": [ [ 56.1823953, 58.0368382 ], [ 56.1804825, 58.038032 ], [ 56.1800002, 58.0396382 ], [ 56.1797024, 58.040511 ] ] } },
{ "type": "Feature", "properties": { "full_id": "w813424878", "osm_id": "813424878", "osm_type": "way", "power": "line", "ref": null, "frequency": null, "circuits:design": null, "layer": null, "name": null, "wires": "single", "voltage": "110000", "circuits": "1", "cables": "3", "POI_CODE": 1 }, "geometry": { "type": "LineString", "coordinates": [ [ 56.1826712, 58.0368252 ], [ 56.1823953, 58.0368382 ] ] } },
{ "type": "Feature", "properties": { "full_id": "w813982828", "osm_id": "813982828", "osm_type": "way", "power": "line", "ref": null, "frequency": null, "circuits:design": null, "layer": null, "name": null, "wires": null, "voltage": "110000", "circuits": "1", "cables": "3", "POI_CODE": 1 }, "geometry": { "type": "LineString", "coordinates": [ [ 56.3295323, 58.0151095 ], [ 56.3293441, 58.0151775 ] ] } },
{ "type": "Feature", "properties": { "full_id": "w813982829", "osm_id": "813982829", "osm_type": "way", "power": "line", "ref": null, "frequency": null, "circuits:design": null, "layer": null, "name": null, "wires": null, "voltage": "110000", "circuits": "1", "cables": "3", "POI_CODE": 1 }, "geometry": { "type": "LineString", "coordinates": [ [ 56.3293441, 58.0151775 ], [ 56.3293665, 58.0150585 ] ] } },
{ "type": "Feature", "properties": { "full_id": "w818164145", "osm_id": "818164145", "osm_type": "way", "power": "line", "ref": null, "frequency": null, "circuits:design": null, "layer": null, "name": null, "wires": "single", "voltage": "110000", "circuits": "1", "cables": "3", "POI_CODE": 1 }, "geometry": null },
{ "type": "Feature", "properties": { "full_id": "w818164150", "osm_id": "818164150", "osm_type": "way", "power": "line", "ref": null, "frequency": null, "circuits:design": null, "layer": "2", "name": null, "wires": null, "voltage": "35000", "circuits": "2", "cables": "6", "POI_CODE": 1 }, "geometry": { "type": "LineString", "coordinates": [ [ 56.2766664, 58.1266033 ], [ 56.2765683, 58.1247681 ], [ 56.2765992, 58.1231083 ], [ 56.276522, 58.1214286 ], [ 56.2755719, 58.1189 ], [ 56.2747082, 58.1163642 ], [ 56.273646, 58.1133521 ], [ 56.2728682, 58.1109915 ], [ 56.2719831, 58.1083984 ], [ 56.2712106, 58.1060007 ], [ 56.2703899, 58.1033534 ], [ 56.2696764, 58.1010063 ], [ 56.2690005, 58.0987272 ], [ 56.2683138, 58.0964762 ], [ 56.2688073, 58.094537 ], [ 56.2725195, 58.0939813 ], [ 56.276559, 58.0933405 ] ] } },
{ "type": "Feature", "properties": { "full_id": "w818164157", "osm_id": "818164157", "osm_type": "way", "power": "line", "ref": null, "frequency": null, "circuits:design": null, "layer": null, "name": null, "wires": null, "voltage": "110000", "circuits": "1", "cables": "3", "POI_CODE": 1 }, "geometry": { "type": "LineString", "coordinates": [ [ 56.2759267, 58.1270802 ], [ 56.2761796, 58.1268562 ], [ 56.2777659, 58.1274724 ] ] } },
{ "type": "Feature", "properties": { "full_id": "w818164158", "osm_id": "818164158", "osm_type": "way", "power": "line", "ref": null, "frequency": null, "circuits:design": null, "layer": null, "name": null, "wires": null, "voltage": "110000", "circuits": "1", "cables": "3", "POI_CODE": 1 }, "geometry": { "type": "LineString", "coordinates": [ [ 56.2777659, 58.1274724 ], [ 56.2759267, 58.1270802 ] ] } },
{ "type": "Feature", "properties": { "full_id": "w818164159", "osm_id": "818164159", "osm_type": "way", "power": "line", "ref": null, "frequency": null, "circuits:design": null, "layer": null, "name": null, "wires": null, "voltage": "35000", "circuits": "1", "cables": "3", "POI_CODE": 1 }, "geometry": { "type": "LineString", "coordinates": [ [ 56.2766664, 58.1266033 ], [ 56.2782441, 58.1272241 ], [ 56.2804896, 58.1273003 ] ] } },
{ "type": "Feature", "properties": { "full_id": "w818164160", "osm_id": "818164160", "osm_type": "way", "power": "line", "ref": null, "frequency": null, "circuits:design": null, "layer": null, "name": null, "wires": null, "voltage": "35000", "circuits": "1", "cables": "3", "POI_CODE": 1 }, "geometry": { "type": "LineString", "coordinates": [ [ 56.2804896, 58.1273003 ], [ 56.2779939, 58.127334 ], [ 56.2766664, 58.1266033 ] ] } },
{ "type": "Feature", "properties": { "full_id": "w818164161", "osm_id": "818164161", "osm_type": "way", "power": "line", "ref": null, "frequency": null, "circuits:design": null, "layer": null, "name": null, "wires": null, "voltage": "110000", "circuits": "1", "cables": "3", "POI_CODE": 1 }, "geometry": { "type": "LineString", "coordinates": [ [ 56.2970376, 58.1260051 ], [ 56.2964126, 58.1271892 ], [ 56.2963647, 58.1280049 ], [ 56.2963754, 58.129686 ], [ 56.2963858, 58.1316658 ], [ 56.2964207, 58.1331669 ], [ 56.2964556, 58.1353688 ], [ 56.2949884, 58.135509 ] ] } },
{ "type": "Feature", "properties": { "full_id": "w818164162", "osm_id": "818164162", "osm_type": "way", "power": "line", "ref": null, "frequency": null, "circuits:design": null, "layer": null, "name": null, "wires": null, "voltage": "220000", "circuits": "1", "cables": "3", "POI_CODE": 1 }, "geometry": { "type": "LineString", "coordinates": [ [ 56.2949884, 58.135509 ], [ 56.296185, 58.1352371 ], [ 56.296207, 58.1331655 ], [ 56.2962092, 58.1316502 ], [ 56.2961726, 58.1296903 ], [ 56.2961689, 58.1280177 ], [ 56.2961391, 58.1270914 ], [ 56.2970376, 58.1260051 ] ] } },
{ "type": "Feature", "properties": { "full_id": "w818579275", "osm_id": "818579275", "osm_type": "way", "power": "line", "ref": null, "frequency": null, "circuits:design": null, "layer": null, "name": null, "wires": null, "voltage": "110000", "circuits": "1", "cables": "3", "POI_CODE": 1 }, "geometry": { "type": "LineString", "coordinates": [ [ 56.2806112, 57.9604857 ], [ 56.2798288, 57.9603221 ] ] } },
{ "type": "Feature", "properties": { "full_id": "w818579276", "osm_id": "818579276", "osm_type": "way", "power": "line", "ref": null, "frequency": null, "circuits:design": null, "layer": null, "name": null, "wires": null, "voltage": "110000", "circuits": "1", "cables": "3", "POI_CODE": 1 }, "geometry": { "type": "LineString", "coordinates": [ [ 56.279963, 57.960211 ], [ 56.2806112, 57.9604857 ] ] } },
{ "type": "Feature", "properties": { "full_id": "w819219610", "osm_id": "819219610", "osm_type": "way", "power": "line", "ref": null, "frequency": null, "circuits:design": null, "layer": null, "name": null, "wires": "single", "voltage": "110000", "circuits": "2", "cables": "6", "POI_CODE": 1 }, "geometry": { "type": "LineString", "coordinates": [ [ 55.9190489, 58.0219578 ], [ 55.9192622, 58.0216945 ], [ 55.9203082, 58.0211178 ], [ 55.9217432, 58.0203351 ], [ 55.9232426, 58.0195367 ] ] } },
{ "type": "Feature", "properties": { "full_id": "w819219611", "osm_id": "819219611", "osm_type": "way", "power": "line", "ref": null, "frequency": null, "circuits:design": null, "layer": null, "name": null, "wires": "single", "voltage": "110000", "circuits": "1", "cables": "3", "POI_CODE": 1 }, "geometry": { "type": "LineString", "coordinates": [ [ 55.9094459, 58.0187495 ], [ 55.910194, 58.0185393 ] ] } },
{ "type": "Feature", "properties": { "full_id": "w819219612", "osm_id": "819219612", "osm_type": "way", "power": "line", "ref": null, "frequency": null, "circuits:design": null, "layer": null, "name": null, "wires": "single", "voltage": "110000", "circuits": "1", "cables": "3", "POI_CODE": 1 }, "geometry": { "type": "LineString", "coordinates": [ [ 55.910194, 58.0185393 ], [ 55.909723, 58.0189087 ] ] } },
{ "type": "Feature", "properties": { "full_id": "w833271816", "osm_id": "833271816", "osm_type": "way", "power": "line", "ref": null, "frequency": null, "circuits:design": null, "layer": null, "name": null, "wires": null, "voltage": "220000", "circuits": "1", "cables": "3", "POI_CODE": 1 }, "geometry": { "type": "LineString", "coordinates": [ [ 56.4254704, 58.0380598 ], [ 56.4259578, 58.0387853 ], [ 56.4295604, 58.0396931 ], [ 56.4312266, 58.0395541 ] ] } },
{ "type": "Feature", "properties": { "full_id": "w833271817", "osm_id": "833271817", "osm_type": "way", "power": "line", "ref": null, "frequency": null, "circuits:design": null, "layer": null, "name": null, "wires": null, "voltage": "220000", "circuits": "2", "cables": "6", "POI_CODE": 1 }, "geometry": { "type": "LineString", "coordinates": [ [ 56.4312266, 58.0395541 ], [ 56.433521, 58.0398047 ], [ 56.4348793, 58.0413968 ], [ 56.4363062, 58.0429925 ], [ 56.4380238, 58.0449492 ], [ 56.4393039, 58.0465792 ] ] } },
{ "type": "Feature", "properties": { "full_id": "w833271818", "osm_id": "833271818", "osm_type": "way", "power": "line", "ref": null, "frequency": null, "circuits:design": null, "layer": null, "name": null, "wires": null, "voltage": "220000", "circuits": "2", "cables": "6", "POI_CODE": 1 }, "geometry": { "type": "LineString", "coordinates": [ [ 56.4166943, 58.0225284 ], [ 56.4181963, 58.0245624 ], [ 56.4191941, 58.0259373 ], [ 56.4203421, 58.0275678 ], [ 56.4212433, 58.0288517 ], [ 56.4225844, 58.0306525 ], [ 56.4234964, 58.0320215 ], [ 56.4250306, 58.0341856 ], [ 56.4258031, 58.0352534 ], [ 56.4268503, 58.036826 ], [ 56.4278666, 58.0382082 ], [ 56.4284965, 58.0390805 ], [ 56.4291169, 58.0399397 ], [ 56.4301346, 58.0414041 ], [ 56.4320439, 58.0440818 ], [ 56.433015, 58.0454464 ], [ 56.4339504, 58.0467837 ], [ 56.4375152, 58.0478057 ], [ 56.44002, 58.048517 ], [ 56.4437101, 58.0496007 ], [ 56.4462455, 58.0503444 ], [ 56.4498037, 58.0513845 ], [ 56.452105, 58.0520344 ] ] } },
{ "type": "Feature", "properties": { "full_id": "w833271819", "osm_id": "833271819", "osm_type": "way", "power": "line", "ref": null, "frequency": null, "circuits:design": null, "layer": null, "name": null, "wires": null, "voltage": "220000", "circuits": "2", "cables": "6", "POI_CODE": 1 }, "geometry": { "type": "LineString", "coordinates": [ [ 56.4130465, 58.0202783 ], [ 56.4166943, 58.0225284 ] ] } },
{ "type": "Feature", "properties": { "full_id": "w860397663", "osm_id": "860397663", "osm_type": "way", "power": "line", "ref": null, "frequency": null, "circuits:design": null, "layer": null, "name": null, "wires": "single", "voltage": "35000", "circuits": "2", "cables": "6", "POI_CODE": 1 }, "geometry": { "type": "LineString", "coordinates": [ [ 56.0530584, 58.035543 ], [ 56.053946, 58.0368859 ], [ 56.0530388, 58.0390005 ], [ 56.0531295, 58.0410892 ], [ 56.0553237, 58.0419004 ], [ 56.0573637, 58.0424053 ], [ 56.0598502, 58.042964 ], [ 56.0624788, 58.0435603 ], [ 56.0653916, 58.0442156 ], [ 56.0670459, 58.0445862 ], [ 56.0684261, 58.0448548 ], [ 56.0679796, 58.0458807 ], [ 56.0674315, 58.0471161 ], [ 56.0666196, 58.0489476 ], [ 56.0660118, 58.0500362 ], [ 56.0705099, 58.0530793 ], [ 56.0732394, 58.0541359 ], [ 56.0761438, 58.0552699 ], [ 56.0829539, 58.0579534 ], [ 56.0850811, 58.0587754 ], [ 56.0884364, 58.0584523 ], [ 56.0941021, 58.0579426 ], [ 56.1163556, 58.0563063 ], [ 56.1171354, 58.0571629 ], [ 56.1180356, 58.0581348 ], [ 56.1191002, 58.0580151 ] ] } },
{ "type": "Feature", "properties": { "full_id": "w863405442", "osm_id": "863405442", "osm_type": "way", "power": "line", "ref": null, "frequency": null, "circuits:design": null, "layer": null, "name": null, "wires": "single", "voltage": "110000", "circuits": "1", "cables": "3", "POI_CODE": 1 }, "geometry": { "type": "LineString", "coordinates": [ [ 56.3904564, 58.0383849 ], [ 56.3900117, 58.0392915 ] ] } },
{ "type": "Feature", "properties": { "full_id": "w863405443", "osm_id": "863405443", "osm_type": "way", "power": "line", "ref": null, "frequency": null, "circuits:design": null, "layer": null, "name": null, "wires": "single", "voltage": "110000", "circuits": "1", "cables": "3", "POI_CODE": 1 }, "geometry": { "type": "LineString", "coordinates": [ [ 56.3900117, 58.0392915 ], [ 56.3900916, 58.0383168 ], [ 56.3906066, 58.0382145 ], [ 56.3904564, 58.0383849 ] ] } },
{ "type": "Feature", "properties": { "full_id": "w863405450", "osm_id": "863405450", "osm_type": "way", "power": "line", "ref": null, "frequency": null, "circuits:design": null, "layer": null, "name": null, "wires": "single", "voltage": "110000", "circuits": "1", "cables": "3", "POI_CODE": 1 }, "geometry": { "type": "LineString", "coordinates": [ [ 56.3513679, 57.9900143 ], [ 56.3490862, 57.9890367 ], [ 56.3487482, 57.9880869 ], [ 56.3505135, 57.9878295 ] ] } },
{ "type": "Feature", "properties": { "full_id": "w863405451", "osm_id": "863405451", "osm_type": "way", "power": "line", "ref": null, "frequency": null, "circuits:design": null, "layer": null, "name": null, "wires": "single", "voltage": "110000", "circuits": "1", "cables": "3", "POI_CODE": 1 }, "geometry": { "type": "LineString", "coordinates": [ [ 56.3513679, 57.9900143 ], [ 56.3505135, 57.9878295 ] ] } },
{ "type": "Feature", "properties": { "full_id": "w863405452", "osm_id": "863405452", "osm_type": "way", "power": "line", "ref": null, "frequency": null, "circuits:design": null, "layer": null, "name": null, "wires": null, "voltage": "110000", "circuits": "2", "cables": "6", "POI_CODE": 1 }, "geometry": { "type": "LineString", "coordinates": [ [ 56.3505135, 57.9878295 ], [ 56.3498537, 57.9859242 ] ] } },
{ "type": "Feature", "properties": { "full_id": "w863405453", "osm_id": "863405453", "osm_type": "way", "power": "line", "ref": null, "frequency": null, "circuits:design": null, "layer": null, "name": null, "wires": "single", "voltage": "110000", "circuits": "1", "cables": "3", "POI_CODE": 1 }, "geometry": { "type": "LineString", "coordinates": [ [ 56.2760344, 58.008974 ], [ 56.2757471, 58.0090515 ] ] } },
{ "type": "Feature", "properties": { "full_id": "w863405454", "osm_id": "863405454", "osm_type": "way", "power": "line", "ref": null, "frequency": null, "circuits:design": null, "layer": null, "name": null, "wires": "single", "voltage": "110000", "circuits": "1", "cables": "3", "POI_CODE": 1 }, "geometry": { "type": "LineString", "coordinates": [ [ 56.2760344, 58.008974 ], [ 56.2760081, 58.0091366 ] ] } },
{ "type": "Feature", "properties": { "full_id": "w863405455", "osm_id": "863405455", "osm_type": "way", "power": "line", "ref": null, "frequency": null, "circuits:design": null, "layer": null, "name": null, "wires": "single", "voltage": "110000", "circuits": "2", "cables": "6", "POI_CODE": 1 }, "geometry": { "type": "LineString", "coordinates": [ [ 56.2615159, 58.0200649 ], [ 56.26171, 58.0184906 ] ] } },
{ "type": "Feature", "properties": { "full_id": "w961385167", "osm_id": "961385167", "osm_type": "way", "power": "line", "ref": null, "frequency": null, "circuits:design": null, "layer": null, "name": null, "wires": null, "voltage": "35000", "circuits": "1", "cables": "3", "POI_CODE": 1 }, "geometry": { "type": "LineString", "coordinates": [ [ 56.5091531, 58.14094 ], [ 56.5088348, 58.140845 ] ] } },
{ "type": "Feature", "properties": { "full_id": "w961385168", "osm_id": "961385168", "osm_type": "way", "power": "line", "ref": null, "frequency": null, "circuits:design": null, "layer": null, "name": null, "wires": null, "voltage": "35000", "circuits": "1", "cables": "3", "POI_CODE": 1 }, "geometry": { "type": "LineString", "coordinates": [ [ 56.5089849, 58.1409965 ], [ 56.5088348, 58.140845 ] ] } },
{ "type": "Feature", "properties": { "full_id": "w961385169", "osm_id": "961385169", "osm_type": "way", "power": "line", "ref": null, "frequency": null, "circuits:design": null, "layer": null, "name": null, "wires": null, "voltage": "35000", "circuits": "1", "cables": "3", "POI_CODE": 1 }, "geometry": { "type": "LineString", "coordinates": [ [ 56.5095405, 58.1409299 ], [ 56.5098059, 58.1407265 ] ] } },
{ "type": "Feature", "properties": { "full_id": "w961385170", "osm_id": "961385170", "osm_type": "way", "power": "line", "ref": null, "frequency": null, "circuits:design": null, "layer": null, "name": null, "wires": null, "voltage": "35000", "circuits": "1", "cables": "3", "POI_CODE": 1 }, "geometry": { "type": "LineString", "coordinates": [ [ 56.5094643, 58.1408873 ], [ 56.5098059, 58.1407265 ] ] } },
{ "type": "Feature", "properties": { "full_id": "w961385171", "osm_id": "961385171", "osm_type": "way", "power": "line", "ref": null, "frequency": null, "circuits:design": null, "layer": null, "name": null, "wires": null, "voltage": "35000", "circuits": "2", "cables": "6", "POI_CODE": 1 }, "geometry": { "type": "LineString", "coordinates": [ [ 56.5150749, 58.1372236 ], [ 56.5133839, 58.1380687 ], [ 56.5118576, 58.1388315 ], [ 56.511629, 58.139721 ], [ 56.5098059, 58.1407265 ] ] } },
{ "type": "Feature", "properties": { "full_id": "w961385172", "osm_id": "961385172", "osm_type": "way", "power": "line", "ref": null, "frequency": null, "circuits:design": null, "layer": null, "name": null, "wires": null, "voltage": "35000", "circuits": "1", "cables": "3", "POI_CODE": 1 }, "geometry": { "type": "LineString", "coordinates": [ [ 56.5151784, 58.1373435 ], [ 56.5150749, 58.1372236 ] ] } },
{ "type": "Feature", "properties": { "full_id": "w961385173", "osm_id": "961385173", "osm_type": "way", "power": "line", "ref": null, "frequency": null, "circuits:design": null, "layer": null, "name": null, "wires": null, "voltage": "35000", "circuits": "1", "cables": "3", "POI_CODE": 1 }, "geometry": { "type": "LineString", "coordinates": [ [ 56.5152817, 58.1373055 ], [ 56.5150749, 58.1372236 ] ] } },
{ "type": "Feature", "properties": { "full_id": "w961385174", "osm_id": "961385174", "osm_type": "way", "power": "line", "ref": null, "frequency": null, "circuits:design": null, "layer": null, "name": null, "wires": null, "voltage": "110000", "circuits": "1", "cables": "3", "POI_CODE": 1 }, "geometry": { "type": "LineString", "coordinates": [ [ 56.5158462, 58.1370749 ], [ 56.5154221, 58.136917 ] ] } },
{ "type": "Feature", "properties": { "full_id": "w961385175", "osm_id": "961385175", "osm_type": "way", "power": "line", "ref": null, "frequency": null, "circuits:design": null, "layer": null, "name": null, "wires": null, "voltage": "110000", "circuits": "1", "cables": "3", "POI_CODE": 1 }, "geometry": { "type": "LineString", "coordinates": [ [ 56.5156057, 58.137168 ], [ 56.5154221, 58.136917 ] ] } },
{ "type": "Feature", "properties": { "full_id": "w961473239", "osm_id": "961473239", "osm_type": "way", "power": "line", "ref": null, "frequency": null, "circuits:design": null, "layer": null, "name": null, "wires": null, "voltage": "110000", "circuits": "1", "cables": "3", "POI_CODE": 1 }, "geometry": { "type": "LineString", "coordinates": [ [ 56.5941991, 58.0534403 ], [ 56.5945396, 58.0538147 ] ] } },
{ "type": "Feature", "properties": { "full_id": "w961473240", "osm_id": "961473240", "osm_type": "way", "power": "line", "ref": null, "frequency": null, "circuits:design": null, "layer": null, "name": null, "wires": null, "voltage": "110000", "circuits": "1", "cables": "3", "POI_CODE": 1 }, "geometry": { "type": "LineString", "coordinates": [ [ 56.5944484, 58.0533491 ], [ 56.5945396, 58.0538147 ] ] } },
{ "type": "Feature", "properties": { "full_id": "w984892713", "osm_id": "984892713", "osm_type": "way", "power": "line", "ref": null, "frequency": null, "circuits:design": null, "layer": null, "name": null, "wires": null, "voltage": "110000", "circuits": "1", "cables": "3", "POI_CODE": 1 }, "geometry": { "type": "LineString", "coordinates": [ [ 56.3499357, 58.1119982 ], [ 56.3493007, 58.1119748 ] ] } },
{ "type": "Feature", "properties": { "full_id": "w984892714", "osm_id": "984892714", "osm_type": "way", "power": "line", "ref": null, "frequency": null, "circuits:design": null, "layer": null, "name": null, "wires": null, "voltage": "110000", "circuits": "1", "cables": "3", "POI_CODE": 1 }, "geometry": { "type": "LineString", "coordinates": [ [ 56.3493107, 58.1120662 ], [ 56.3499357, 58.1119982 ] ] } },
{ "type": "Feature", "properties": { "full_id": "w984892715", "osm_id": "984892715", "osm_type": "way", "power": "line", "ref": null, "frequency": null, "circuits:design": null, "layer": null, "name": null, "wires": null, "voltage": "110000", "circuits": "2", "cables": "6", "POI_CODE": 1 }, "geometry": { "type": "LineString", "coordinates": [ [ 56.4122344, 58.1251951 ], [ 56.4171721, 58.1247519 ], [ 56.4196087, 58.1254682 ], [ 56.419808, 58.1255268 ] ] } },
{ "type": "Feature", "properties": { "full_id": "w984892716", "osm_id": "984892716", "osm_type": "way", "power": "line", "ref": null, "frequency": null, "circuits:design": null, "layer": null, "name": null, "wires": null, "voltage": "35000", "circuits": "2", "cables": "6", "POI_CODE": 1 }, "geometry": { "type": "LineString", "coordinates": [ [ 56.3995959, 58.1392363 ], [ 56.396538, 58.1398578 ], [ 56.3923309, 58.1407139 ], [ 56.3888654, 58.1413953 ], [ 56.3860298, 58.1419732 ] ] } },
{ "type": "Feature", "properties": { "full_id": "w984892717", "osm_id": "984892717", "osm_type": "way", "power": "line", "ref": null, "frequency": null, "circuits:design": null, "layer": null, "name": null, "wires": null, "voltage": "110000", "circuits": "1", "cables": "3", "POI_CODE": 1 }, "geometry": { "type": "LineString", "coordinates": [ [ 56.4112078, 58.1331823 ], [ 56.4116285, 58.1342347 ] ] } },
{ "type": "Feature", "properties": { "full_id": "w984946054", "osm_id": "984946054", "osm_type": "way", "power": "line", "ref": null, "frequency": null, "circuits:design": null, "layer": null, "name": null, "wires": null, "voltage": "110000", "circuits": "2", "cables": "6", "POI_CODE": 1 }, "geometry": { "type": "LineString", "coordinates": [ [ 56.1587351, 57.9123197 ], [ 56.1588326, 57.9128889 ] ] } },
{ "type": "Feature", "properties": { "full_id": "w984946055", "osm_id": "984946055", "osm_type": "way", "power": "line", "ref": null, "frequency": null, "circuits:design": null, "layer": null, "name": null, "wires": null, "voltage": "110000", "circuits": "1", "cables": "3", "POI_CODE": 1 }, "geometry": { "type": "LineString", "coordinates": [ [ 56.172058, 57.8809363 ], [ 56.1722476, 57.8810151 ], [ 56.1730961, 57.8817017 ] ] } },
{ "type": "Feature", "properties": { "full_id": "w984946056", "osm_id": "984946056", "osm_type": "way", "power": "line", "ref": null, "frequency": null, "circuits:design": null, "layer": null, "name": null, "wires": null, "voltage": "35000", "circuits": "1", "cables": "3", "POI_CODE": 1 }, "geometry": null },
{ "type": "Feature", "properties": { "full_id": "w984946057", "osm_id": "984946057", "osm_type": "way", "power": "line", "ref": null, "frequency": null, "circuits:design": null, "layer": null, "name": null, "wires": "single", "voltage": "110000", "circuits": "2", "cables": "6", "POI_CODE": 1 }, "geometry": { "type": "LineString", "coordinates": [ [ 56.3034051, 57.9281452 ], [ 56.3046679, 57.9282719 ], [ 56.3057045, 57.928373 ], [ 56.3065481, 57.9278041 ], [ 56.3105254, 57.9278194 ], [ 56.3139766, 57.9278638 ], [ 56.3168745, 57.9281727 ], [ 56.3208745, 57.9285396 ], [ 56.3248328, 57.9289628 ], [ 56.3288363, 57.9293533 ], [ 56.3333212, 57.9297983 ], [ 56.3355678, 57.9300066 ] ] } },
{ "type": "Feature", "properties": { "full_id": "w984946058", "osm_id": "984946058", "osm_type": "way", "power": "line", "ref": null, "frequency": null, "circuits:design": null, "layer": null, "name": null, "wires": null, "voltage": "220000", "circuits": "1", "cables": "3", "POI_CODE": 1 }, "geometry": { "type": "LineString", "coordinates": [ [ 56.3072767, 57.9173817 ], [ 56.307433, 57.9169452 ] ] } },
{ "type": "Feature", "properties": { "full_id": "w984946059", "osm_id": "984946059", "osm_type": "way", "power": "line", "ref": null, "frequency": null, "circuits:design": null, "layer": null, "name": null, "wires": null, "voltage": "220000", "circuits": "1", "cables": "3", "POI_CODE": 1 }, "geometry": { "type": "LineString", "coordinates": [ [ 56.3070283, 57.9173359 ], [ 56.307433, 57.9169452 ] ] } },
{ "type": "Feature", "properties": { "full_id": "w984946060", "osm_id": "984946060", "osm_type": "way", "power": "line", "ref": null, "frequency": null, "circuits:design": null, "layer": null, "name": null, "wires": null, "voltage": "220000", "circuits": "2", "cables": "6", "POI_CODE": 1 }, "geometry": { "type": "LineString", "coordinates": [ [ 56.1843938, 57.9181707 ], [ 56.1856169, 57.9198459 ] ] } },
{ "type": "Feature", "properties": { "full_id": "w984946061", "osm_id": "984946061", "osm_type": "way", "power": "line", "ref": null, "frequency": null, "circuits:design": null, "layer": null, "name": null, "wires": null, "voltage": "110000", "circuits": "1", "cables": "3", "POI_CODE": 1 }, "geometry": { "type": "LineString", "coordinates": [ [ 56.2311706, 57.97102 ], [ 56.2312927, 57.9707798 ] ] } },
{ "type": "Feature", "properties": { "full_id": "w1066617791", "osm_id": "1066617791", "osm_type": "way", "power": "line", "ref": null, "frequency": null, "circuits:design": null, "layer": null, "name": null, "wires": null, "voltage": "110000", "circuits": "1", "cables": "3", "POI_CODE": 1 }, "geometry": { "type": "LineString", "coordinates": [ [ 56.2640882, 57.9740446 ], [ 56.2642033, 57.9739757 ] ] } },
{ "type": "Feature", "properties": { "full_id": "w1066617792", "osm_id": "1066617792", "osm_type": "way", "power": "line", "ref": null, "frequency": null, "circuits:design": null, "layer": null, "name": null, "wires": null, "voltage": "110000", "circuits": "1", "cables": "3", "POI_CODE": 1 }, "geometry": { "type": "LineString", "coordinates": [ [ 56.2642371, 57.974068 ], [ 56.2642033, 57.9739757 ] ] } },
{ "type": "Feature", "properties": { "full_id": "w1099622013", "osm_id": "1099622013", "osm_type": "way", "power": "line", "ref": null, "frequency": null, "circuits:design": null, "layer": null, "name": null, "wires": null, "voltage": "35000", "circuits": "1", "cables": "3", "POI_CODE": 1 }, "geometry": { "type": "LineString", "coordinates": [ [ 56.2941362, 58.0086391 ], [ 56.2944185, 58.0086803 ] ] } },
{ "type": "Feature", "properties": { "full_id": "w1099802000", "osm_id": "1099802000", "osm_type": "way", "power": "line", "ref": null, "frequency": null, "circuits:design": null, "layer": null, "name": null, "wires": "single", "voltage": "35000", "circuits": "1", "cables": "3", "POI_CODE": 1 }, "geometry": { "type": "LineString", "coordinates": [ [ 56.0278263, 58.0388477 ], [ 56.028056, 58.0388315 ] ] } },
{ "type": "Feature", "properties": { "full_id": "w1099802001", "osm_id": "1099802001", "osm_type": "way", "power": "line", "ref": null, "frequency": null, "circuits:design": null, "layer": null, "name": null, "wires": "single", "voltage": "35000", "circuits": "1", "cables": "3", "POI_CODE": 1 }, "geometry": { "type": "LineString", "coordinates": [ [ 56.0278263, 58.0388477 ], [ 56.0279969, 58.0387884 ] ] } },
{ "type": "Feature", "properties": { "full_id": "w1099936097", "osm_id": "1099936097", "osm_type": "way", "power": "line", "ref": null, "frequency": null, "circuits:design": null, "layer": null, "name": null, "wires": null, "voltage": "110000", "circuits": "1", "cables": "3", "POI_CODE": 1 }, "geometry": { "type": "LineString", "coordinates": [ [ 56.1499951, 58.0191377 ], [ 56.149578, 58.0199349 ] ] } },
{ "type": "Feature", "properties": { "full_id": "w1099936099", "osm_id": "1099936099", "osm_type": "way", "power": "line", "ref": null, "frequency": null, "circuits:design": null, "layer": null, "name": null, "wires": null, "voltage": "110000", "circuits": "1", "cables": "3", "POI_CODE": 1 }, "geometry": { "type": "LineString", "coordinates": [ [ 56.1516416, 58.0081984 ], [ 56.1520973, 58.0083994 ], [ 56.1542539, 58.0088758 ] ] } },
{ "type": "Feature", "properties": { "full_id": "w1099936101", "osm_id": "1099936101", "osm_type": "way", "power": "line", "ref": null, "frequency": null, "circuits:design": null, "layer": null, "name": null, "wires": null, "voltage": "110000", "circuits": "1", "cables": "3", "POI_CODE": 1 }, "geometry": { "type": "LineString", "coordinates": [ [ 56.1601388, 58.0095524 ], [ 56.1601594, 58.0092957 ] ] } },
{ "type": "Feature", "properties": { "full_id": "w1099936102", "osm_id": "1099936102", "osm_type": "way", "power": "line", "ref": null, "frequency": null, "circuits:design": null, "layer": null, "name": null, "wires": null, "voltage": "110000", "circuits": "1", "cables": "3", "POI_CODE": 1 }, "geometry": { "type": "LineString", "coordinates": [ [ 56.1601388, 58.0095524 ], [ 56.1604688, 58.0093366 ] ] } },
{ "type": "Feature", "properties": { "full_id": "w1099936103", "osm_id": "1099936103", "osm_type": "way", "power": "line", "ref": null, "frequency": null, "circuits:design": null, "layer": null, "name": null, "wires": null, "voltage": "110000", "circuits": "1", "cables": "3", "POI_CODE": 1 }, "geometry": { "type": "LineString", "coordinates": [ [ 56.1609016, 58.0096987 ], [ 56.161201, 58.0094276 ] ] } },
{ "type": "Feature", "properties": { "full_id": "w1099936104", "osm_id": "1099936104", "osm_type": "way", "power": "line", "ref": null, "frequency": null, "circuits:design": null, "layer": null, "name": null, "wires": null, "voltage": "110000", "circuits": "1", "cables": "3", "POI_CODE": 1 }, "geometry": { "type": "LineString", "coordinates": [ [ 56.1609016, 58.0096987 ], [ 56.1610311, 58.0094065 ] ] } },
{ "type": "Feature", "properties": { "full_id": "w1099936105", "osm_id": "1099936105", "osm_type": "way", "power": "line", "ref": null, "frequency": null, "circuits:design": null, "layer": null, "name": null, "wires": null, "voltage": "110000", "circuits": "2", "cables": "6", "POI_CODE": 1 }, "geometry": { "type": "LineString", "coordinates": [ [ 56.1542539, 58.0088758 ], [ 56.1584559, 58.0097436 ], [ 56.1609016, 58.0096987 ] ] } },
{ "type": "Feature", "properties": { "full_id": "w1099936106", "osm_id": "1099936106", "osm_type": "way", "power": "line", "ref": null, "frequency": null, "circuits:design": null, "layer": null, "name": null, "wires": null, "voltage": "110000;35000", "circuits": "2", "cables": "6", "POI_CODE": 1 }, "geometry": { "type": "LineString", "coordinates": [ [ 56.1499951, 58.0191377 ], [ 56.1503127, 58.0184886 ], [ 56.1520961, 58.0110232 ], [ 56.152124, 58.0105867 ] ] } },
{ "type": "Feature", "properties": { "full_id": "w1099936107", "osm_id": "1099936107", "osm_type": "way", "power": "line", "ref": null, "frequency": null, "circuits:design": null, "layer": "2", "name": null, "wires": null, "voltage": "35000", "circuits": "2", "cables": "6", "POI_CODE": 1 }, "geometry": { "type": "LineString", "coordinates": [ [ 56.1449486, 58.0319689 ], [ 56.1522113, 58.0350354 ], [ 56.1519612, 58.036089 ], [ 56.1503825, 58.0376791 ], [ 56.1497474, 58.0397417 ], [ 56.1502184, 58.0414557 ] ] } },
{ "type": "Feature", "properties": { "full_id": "w1099936108", "osm_id": "1099936108", "osm_type": "way", "power": "line", "ref": null, "frequency": null, "circuits:design": null, "layer": null, "name": null, "wires": null, "voltage": "110000", "circuits": "1", "cables": "3", "POI_CODE": 1 }, "geometry": { "type": "LineString", "coordinates": [ [ 56.1542539, 58.0088758 ], [ 56.1531174, 58.0099728 ], [ 56.1528182, 58.0104431 ], [ 56.1523931, 58.0116205 ], [ 56.1507132, 58.0185674 ], [ 56.150701, 58.0193523 ], [ 56.150771, 58.0197589 ], [ 56.149578, 58.0199349 ] ] } },
{ "type": "Feature", "properties": { "full_id": "w1101606428", "osm_id": "1101606428", "osm_type": "way", "power": "line", "ref": null, "frequency": null, "circuits:design": null, "layer": null, "name": null, "wires": null, "voltage": "110000", "circuits": "1", "cables": "3", "POI_CODE": 1 }, "geometry": { "type": "LineString", "coordinates": [ [ 56.2855227, 58.0318125 ], [ 56.2858016, 58.0316738 ] ] } },
{ "type": "Feature", "properties": { "full_id": "w1220679843", "osm_id": "1220679843", "osm_type": "way", "power": "line", "ref": null, "frequency": null, "circuits:design": null, "layer": null, "name": null, "wires": "single", "voltage": "110000", "circuits": "1", "cables": "3", "POI_CODE": 1 }, "geometry": { "type": "LineString", "coordinates": [ [ 56.3034524, 57.9280003 ], [ 56.3041428, 57.9280846 ], [ 56.3046761, 57.9269307 ], [ 56.3049063, 57.9263637 ], [ 56.3048531, 57.9260343 ], [ 56.3053389, 57.924675 ], [ 56.3059826, 57.9229429 ], [ 56.3065405, 57.9214387 ], [ 56.3071702, 57.9197089 ], [ 56.3075206, 57.9192119 ] ] } },
{ "type": "Feature", "properties": { "full_id": "w1220679844", "osm_id": "1220679844", "osm_type": "way", "power": "line", "ref": null, "frequency": null, "circuits:design": null, "layer": null, "name": null, "wires": null, "voltage": "110000", "circuits": "1", "cables": "3", "POI_CODE": 1 }, "geometry": { "type": "LineString", "coordinates": [ [ 56.3040838, 57.9291419 ], [ 56.3047909, 57.9287895 ], [ 56.3051559, 57.9277798 ], [ 56.305452, 57.9269753 ], [ 56.3056414, 57.9264605 ], [ 56.3052026, 57.926256 ] ] } },
{ "type": "Feature", "properties": { "full_id": "w1220679845", "osm_id": "1220679845", "osm_type": "way", "power": "line", "ref": null, "frequency": null, "circuits:design": null, "layer": null, "name": null, "wires": null, "voltage": "110000", "circuits": null, "cables": "6", "POI_CODE": 1 }, "geometry": { "type": "LineString", "coordinates": [ [ 56.3052026, 57.926256 ], [ 56.3052226, 57.9261291 ], [ 56.3057359, 57.9247433 ], [ 56.3063152, 57.9232734 ], [ 56.3068195, 57.9219116 ], [ 56.3076101, 57.9197829 ] ] } },
{ "type": "Feature", "properties": { "full_id": "w1220679846", "osm_id": "1220679846", "osm_type": "way", "power": "line", "ref": null, "frequency": null, "circuits:design": null, "layer": null, "name": null, "wires": null, "voltage": "110000", "circuits": "1", "cables": "3", "POI_CODE": 1 }, "geometry": { "type": "LineString", "coordinates": [ [ 56.1565679, 57.9323307 ], [ 56.1566323, 57.9326098 ], [ 56.1573018, 57.9328041 ] ] } },
{ "type": "Feature", "properties": { "full_id": "w1220679847", "osm_id": "1220679847", "osm_type": "way", "power": "line", "ref": null, "frequency": null, "circuits:design": null, "layer": null, "name": null, "wires": null, "voltage": "110000", "circuits": null, "cables": "3", "POI_CODE": 1 }, "geometry": { "type": "LineString", "coordinates": [ [ 56.1565679, 57.9323307 ], [ 56.1571956, 57.9324218 ], [ 56.1573018, 57.9328041 ] ] } },
{ "type": "Feature", "properties": { "full_id": "w1220679848", "osm_id": "1220679848", "osm_type": "way", "power": "line", "ref": null, "frequency": null, "circuits:design": null, "layer": null, "name": null, "wires": null, "voltage": "110000", "circuits": "2", "cables": "6", "POI_CODE": 1 }, "geometry": { "type": "LineString", "coordinates": [ [ 56.159592, 57.9346336 ], [ 56.1610023, 57.9359659 ], [ 56.1606211, 57.9377021 ] ] } },
{ "type": "Feature", "properties": { "full_id": "w1220679849", "osm_id": "1220679849", "osm_type": "way", "power": "line", "ref": null, "frequency": null, "circuits:design": null, "layer": null, "name": null, "wires": null, "voltage": "110000", "circuits": "4", "cables": "12", "POI_CODE": 1 }, "geometry": { "type": "LineString", "coordinates": [ [ 56.159592, 57.9346336 ], [ 56.1573018, 57.9328041 ] ] } },
{ "type": "Feature", "properties": { "full_id": "w1220679850", "osm_id": "1220679850", "osm_type": "way", "power": "line", "ref": null, "frequency": null, "circuits:design": null, "layer": null, "name": null, "wires": null, "voltage": "110000", "circuits": "2", "cables": "6", "POI_CODE": 1 }, "geometry": { "type": "LineString", "coordinates": [ [ 56.1606211, 57.9377021 ], [ 56.16114, 57.9359468 ], [ 56.159592, 57.9346336 ] ] } },
{ "type": "Feature", "properties": { "full_id": "w1220679851", "osm_id": "1220679851", "osm_type": "way", "power": "line", "ref": null, "frequency": null, "circuits:design": null, "layer": null, "name": null, "wires": null, "voltage": "110000", "circuits": "2", "cables": "6", "POI_CODE": 1 }, "geometry": { "type": "LineString", "coordinates": [ [ 56.1245243, 57.9686574 ], [ 56.1259889, 57.9679541 ] ] } },
{ "type": "Feature", "properties": { "full_id": "w1220679853", "osm_id": "1220679853", "osm_type": "way", "power": "line", "ref": null, "frequency": null, "circuits:design": null, "layer": null, "name": null, "wires": null, "voltage": "110000", "circuits": null, "cables": "6", "POI_CODE": 1 }, "geometry": { "type": "LineString", "coordinates": [ [ 56.1468592, 57.9524326 ], [ 56.1484784, 57.9508233 ] ] } },
{ "type": "Feature", "properties": { "full_id": "w1220679854", "osm_id": "1220679854", "osm_type": "way", "power": "line", "ref": null, "frequency": null, "circuits:design": null, "layer": null, "name": null, "wires": null, "voltage": "110000", "circuits": "2", "cables": "6", "POI_CODE": 1 }, "geometry": { "type": "LineString", "coordinates": [ [ 56.1190546, 57.9822399 ], [ 56.1191908, 57.9823527 ], [ 56.1203437, 57.9833069 ] ] } },
{ "type": "Feature", "properties": { "full_id": "w1220679856", "osm_id": "1220679856", "osm_type": "way", "power": "line", "ref": null, "frequency": null, "circuits:design": null, "layer": null, "name": null, "wires": null, "voltage": "110000", "circuits": "2", "cables": "6", "POI_CODE": 1 }, "geometry": { "type": "LineString", "coordinates": [ [ 56.1172371, 57.9946073 ], [ 56.1187493, 57.9931904 ] ] } },
{ "type": "Feature", "properties": { "full_id": "w1220679857", "osm_id": "1220679857", "osm_type": "way", "power": "line", "ref": null, "frequency": null, "circuits:design": null, "layer": null, "name": null, "wires": null, "voltage": "110000", "circuits": "2", "cables": "6", "POI_CODE": 1 }, "geometry": { "type": "LineString", "coordinates": [ [ 56.1172371, 57.9946073 ], [ 56.1186065, 57.9931513 ] ] } },
{ "type": "Feature", "properties": { "full_id": "w1221472971", "osm_id": "1221472971", "osm_type": "way", "power": "line", "ref": null, "frequency": null, "circuits:design": null, "layer": null, "name": "Владимирская - Ирень 220кВ", "wires": null, "voltage": "220000", "circuits": null, "cables": "3", "POI_CODE": 1 }, "geometry": { "type": "LineString", "coordinates": [ [ 56.3077607, 57.917471 ], [ 56.3080392, 57.9168882 ], [ 56.3117245, 57.915322 ], [ 56.3142283, 57.9142078 ], [ 56.3159034, 57.9133663 ] ] } },
{ "type": "Feature", "properties": { "full_id": "w1221472973", "osm_id": "1221472973", "osm_type": "way", "power": "line", "ref": null, "frequency": null, "circuits:design": null, "layer": null, "name": "Владимирская - Красноуфимская 220кВ", "wires": null, "voltage": "220000", "circuits": "1", "cables": "3", "POI_CODE": 1 }, "geometry": { "type": "LineString", "coordinates": [ [ 56.3159034, 57.9133663 ], [ 56.3141284, 57.9141396 ], [ 56.311619, 57.9152463 ], [ 56.3080392, 57.9168882 ], [ 56.3075094, 57.9174247 ] ] } },
{ "type": "Feature", "properties": { "full_id": "w1221472974", "osm_id": "1221472974", "osm_type": "way", "power": "line", "ref": null, "frequency": null, "circuits:design": null, "layer": null, "name": "Владимирская - Красноуфимская & Владимирская - Ирень 220кВ", "wires": null, "voltage": "220000", "circuits": "2", "cables": "6", "POI_CODE": 1 }, "geometry": { "type": "LineString", "coordinates": [ [ 56.3207636, 57.91356 ], [ 56.3159034, 57.9133663 ] ] } },
{ "type": "Feature", "properties": { "full_id": "w1221472975", "osm_id": "1221472975", "osm_type": "way", "power": "line", "ref": null, "frequency": null, "circuits:design": null, "layer": null, "name": "Владимирская - Красноуфимская & Владимирская - Ирень 220кВ", "wires": null, "voltage": "220000", "circuits": "2", "cables": "6", "POI_CODE": 1 }, "geometry": { "type": "LineString", "coordinates": [ [ 56.3572984, 57.9135427 ], [ 56.3541195, 57.9147967 ], [ 56.3514802, 57.9146941 ] ] } },
{ "type": "Feature", "properties": { "full_id": "w1221472976", "osm_id": "1221472976", "osm_type": "way", "power": "line", "ref": null, "frequency": null, "circuits:design": null, "layer": null, "name": "Владимирская - Ирень 220кВ", "wires": null, "voltage": "220000", "circuits": null, "cables": "3", "POI_CODE": 1 }, "geometry": { "type": "LineString", "coordinates": [ [ 56.3207636, 57.91356 ], [ 56.3265762, 57.9138395 ], [ 56.3313544, 57.914047 ], [ 56.3359213, 57.9142097 ], [ 56.3379043, 57.9142868 ], [ 56.3407429, 57.9143972 ], [ 56.3451284, 57.9145489 ], [ 56.3514802, 57.9146941 ] ] } },
{ "type": "Feature", "properties": { "full_id": "w1227143945", "osm_id": "1227143945", "osm_type": "way", "power": "line", "ref": null, "frequency": null, "circuits:design": null, "layer": null, "name": null, "wires": null, "voltage": "110000", "circuits": "1", "cables": "3", "POI_CODE": 1 }, "geometry": { "type": "LineString", "coordinates": [ [ 56.1230211, 58.107452 ], [ 56.1224386, 58.1072533 ] ] } },
{ "type": "Feature", "properties": { "full_id": "w1227143946", "osm_id": "1227143946", "osm_type": "way", "power": "line", "ref": null, "frequency": null, "circuits:design": null, "layer": null, "name": null, "wires": null, "voltage": "110000", "circuits": "1", "cables": "3", "POI_CODE": 1 }, "geometry": { "type": "LineString", "coordinates": [ [ 56.1224386, 58.1072533 ], [ 56.1231315, 58.1073172 ] ] } },
{ "type": "Feature", "properties": { "full_id": "w1227143947", "osm_id": "1227143947", "osm_type": "way", "power": "line", "ref": null, "frequency": null, "circuits:design": null, "layer": null, "name": null, "wires": null, "voltage": "35000", "circuits": "2", "cables": "6", "POI_CODE": 1 }, "geometry": { "type": "LineString", "coordinates": [ [ 56.2956136, 58.1275985 ], [ 56.2955865, 58.128866 ], [ 56.2955865, 58.1301916 ], [ 56.2955543, 58.1315511 ], [ 56.2955758, 58.1325934 ], [ 56.2955543, 58.1338225 ], [ 56.2955838, 58.1350898 ], [ 56.2955758, 58.1355869 ], [ 56.295565, 58.1365497 ], [ 56.2955221, 58.1377419 ], [ 56.2955007, 58.138784 ], [ 56.2954578, 58.1400582 ], [ 56.2954363, 58.1420233 ], [ 56.2954833, 58.1429915 ], [ 56.2954777, 58.1436224 ], [ 56.2954689, 58.14454 ], [ 56.295425, 58.1457671 ], [ 56.2954118, 58.147031 ], [ 56.2953724, 58.1483643 ], [ 56.2952934, 58.1496732 ], [ 56.2952803, 58.1509995 ], [ 56.2952724, 58.1522041 ] ] } },
{ "type": "Feature", "properties": { "full_id": "w1227143948", "osm_id": "1227143948", "osm_type": "way", "power": "line", "ref": null, "frequency": null, "circuits:design": null, "layer": null, "name": null, "wires": null, "voltage": "110000", "circuits": "1", "cables": "3", "POI_CODE": 1 }, "geometry": { "type": "LineString", "coordinates": [ [ 56.2857911, 58.1275093 ], [ 56.28647, 58.1273279 ] ] } },
{ "type": "Feature", "properties": { "full_id": "w1227143949", "osm_id": "1227143949", "osm_type": "way", "power": "line", "ref": null, "frequency": null, "circuits:design": null, "layer": null, "name": null, "wires": null, "voltage": "110000", "circuits": "1", "cables": "3", "POI_CODE": 1 }, "geometry": { "type": "LineString", "coordinates": [ [ 56.2857401, 58.127105 ], [ 56.2864807, 58.1270872 ] ] } },
{ "type": "Feature", "properties": { "full_id": "w1227143950", "osm_id": "1227143950", "osm_type": "way", "power": "line", "ref": null, "frequency": null, "circuits:design": null, "layer": null, "name": null, "wires": null, "voltage": "110000", "circuits": "1", "cables": "3", "POI_CODE": 1 }, "geometry": { "type": "LineString", "coordinates": [ [ 56.2864727, 58.1269158 ], [ 56.2860539, 58.1269498 ] ] } },
{ "type": "Feature", "properties": { "full_id": "w1227143951", "osm_id": "1227143951", "osm_type": "way", "power": "line", "ref": null, "frequency": null, "circuits:design": null, "layer": null, "name": null, "wires": null, "voltage": "110000", "circuits": "1", "cables": "3", "POI_CODE": 1 }, "geometry": { "type": "LineString", "coordinates": [ [ 56.2857911, 58.1275093 ], [ 56.2864727, 58.1272416 ] ] } },
{ "type": "Feature", "properties": { "full_id": "w1227143952", "osm_id": "1227143952", "osm_type": "way", "power": "line", "ref": null, "frequency": null, "circuits:design": null, "layer": null, "name": null, "wires": null, "voltage": "110000", "circuits": "1", "cables": "3", "POI_CODE": 1 }, "geometry": { "type": "LineString", "coordinates": [ [ 56.2857401, 58.127105 ], [ 56.2864727, 58.1271679 ] ] } },
{ "type": "Feature", "properties": { "full_id": "w1227143953", "osm_id": "1227143953", "osm_type": "way", "power": "line", "ref": null, "frequency": null, "circuits:design": null, "layer": null, "name": null, "wires": null, "voltage": "110000", "circuits": "1", "cables": "3", "POI_CODE": 1 }, "geometry": { "type": "LineString", "coordinates": [ [ 56.2860539, 58.1269498 ], [ 56.2864834, 58.1270164 ] ] } },
{ "type": "Feature", "properties": { "full_id": "w1227143955", "osm_id": "1227143955", "osm_type": "way", "power": "line", "ref": null, "frequency": null, "circuits:design": null, "layer": null, "name": null, "wires": null, "voltage": "35000", "circuits": "2", "cables": "6", "POI_CODE": 1 }, "geometry": { "type": "LineString", "coordinates": [ [ 56.2804896, 58.1273003 ], [ 56.2845453, 58.1272645 ], [ 56.2854159, 58.1272571 ] ] } },
{ "type": "Feature", "properties": { "full_id": "w1227143956", "osm_id": "1227143956", "osm_type": "way", "power": "line", "ref": null, "frequency": null, "circuits:design": null, "layer": null, "name": null, "wires": null, "voltage": "35000", "circuits": "1", "cables": "3", "POI_CODE": 1 }, "geometry": { "type": "LineString", "coordinates": [ [ 56.282002, 58.0476244 ], [ 56.2822562, 58.047585 ] ] } },
{ "type": "Feature", "properties": { "full_id": "w1227143957", "osm_id": "1227143957", "osm_type": "way", "power": "line", "ref": null, "frequency": null, "circuits:design": null, "layer": null, "name": null, "wires": null, "voltage": "35000", "circuits": "1", "cables": "3", "POI_CODE": 1 }, "geometry": { "type": "LineString", "coordinates": [ [ 56.282002, 58.0476244 ], [ 56.2821047, 58.0474735 ] ] } },
{ "type": "Feature", "properties": { "full_id": "w1227143958", "osm_id": "1227143958", "osm_type": "way", "power": "line", "ref": null, "frequency": null, "circuits:design": null, "layer": null, "name": null, "wires": null, "voltage": "110000", "circuits": "1", "cables": "3", "POI_CODE": 1 }, "geometry": { "type": "LineString", "coordinates": [ [ 56.2875161, 58.1275574 ], [ 56.2877923, 58.1275815 ], [ 56.288487, 58.1273818 ] ] } },
{ "type": "Feature", "properties": { "full_id": "w1227143959", "osm_id": "1227143959", "osm_type": "way", "power": "line", "ref": null, "frequency": null, "circuits:design": null, "layer": null, "name": null, "wires": null, "voltage": "110000", "circuits": "1", "cables": "3", "POI_CODE": 1 }, "geometry": { "type": "LineString", "coordinates": [ [ 56.2875268, 58.1276324 ], [ 56.2878138, 58.1276693 ], [ 56.2885138, 58.1274965 ] ] } },
{ "type": "Feature", "properties": { "full_id": "w1227143960", "osm_id": "1227143960", "osm_type": "way", "power": "line", "ref": null, "frequency": null, "circuits:design": null, "layer": null, "name": null, "wires": null, "voltage": "110000", "circuits": "1", "cables": "3", "POI_CODE": 1 }, "geometry": { "type": "LineString", "coordinates": [ [ 56.288307, 58.1266312 ], [ 56.2875321, 58.1265646 ] ] } },
{ "type": "Feature", "properties": { "full_id": "w1227143961", "osm_id": "1227143961", "osm_type": "way", "power": "line", "ref": null, "frequency": null, "circuits:design": null, "layer": null, "name": null, "wires": null, "voltage": "110000", "circuits": "1", "cables": "3", "POI_CODE": 1 }, "geometry": { "type": "LineString", "coordinates": [ [ 56.288307, 58.1266312 ], [ 56.2875375, 58.1267232 ] ] } },
{ "type": "Feature", "properties": { "full_id": "w1227143962", "osm_id": "1227143962", "osm_type": "way", "power": "line", "ref": null, "frequency": null, "circuits:design": null, "layer": null, "name": null, "wires": null, "voltage": "110000", "circuits": "2", "cables": "6", "POI_CODE": 1 }, "geometry": { "type": "LineString", "coordinates": [ [ 56.3220457, 58.1136957 ], [ 56.32084, 58.1153951 ] ] } },
{ "type": "Feature", "properties": { "full_id": "w1227143963", "osm_id": "1227143963", "osm_type": "way", "power": "line", "ref": null, "frequency": null, "circuits:design": null, "layer": null, "name": null, "wires": null, "voltage": "110000", "circuits": "1", "cables": "3", "POI_CODE": 1 }, "geometry": { "type": "LineString", "coordinates": [ [ 56.32084, 58.1153951 ], [ 56.3203272, 58.1155305 ], [ 56.319636, 58.1154715 ] ] } },
{ "type": "Feature", "properties": { "full_id": "w1227143964", "osm_id": "1227143964", "osm_type": "way", "power": "line", "ref": null, "frequency": null, "circuits:design": null, "layer": null, "name": null, "wires": null, "voltage": "220000", "circuits": "1", "cables": "3", "POI_CODE": 1 }, "geometry": { "type": "LineString", "coordinates": [ [ 56.328747, 58.1142347 ], [ 56.3304075, 58.1143111 ] ] } },
{ "type": "Feature", "properties": { "full_id": "w1227143965", "osm_id": "1227143965", "osm_type": "way", "power": "line", "ref": null, "frequency": null, "circuits:design": null, "layer": null, "name": null, "wires": null, "voltage": "110000", "circuits": "2", "cables": "6", "POI_CODE": 1 }, "geometry": { "type": "LineString", "coordinates": [ [ 56.3544173, 58.0868951 ], [ 56.3513047, 58.0863666 ] ] } },
{ "type": "Feature", "properties": { "full_id": "w1227143966", "osm_id": "1227143966", "osm_type": "way", "power": "line", "ref": null, "frequency": null, "circuits:design": null, "layer": null, "name": null, "wires": null, "voltage": "110000", "circuits": "1", "cables": "3", "POI_CODE": 1 }, "geometry": { "type": "LineString", "coordinates": [ [ 56.3544173, 58.0868951 ], [ 56.3571998, 58.0867195 ], [ 56.3568977, 58.0868964 ] ] } },
{ "type": "Feature", "properties": { "full_id": "w1227143967", "osm_id": "1227143967", "osm_type": "way", "power": "line", "ref": null, "frequency": null, "circuits:design": null, "layer": null, "name": null, "wires": null, "voltage": "110000", "circuits": "1", "cables": "3", "POI_CODE": 1 }, "geometry": { "type": "LineString", "coordinates": [ [ 56.3737618, 58.1042285 ], [ 56.3740595, 58.1043858 ], [ 56.374553, 58.1050348 ], [ 56.374891, 58.1057661 ], [ 56.3752638, 58.1065993 ], [ 56.3754738, 58.1067177 ] ] } },
{ "type": "Feature", "properties": { "full_id": "w1227143968", "osm_id": "1227143968", "osm_type": "way", "power": "line", "ref": null, "frequency": null, "circuits:design": null, "layer": null, "name": null, "wires": null, "voltage": "110000;35000", "circuits": "2", "cables": "6", "POI_CODE": 1 }, "geometry": { "type": "LineString", "coordinates": [ [ 56.4460339, 58.0918101 ], [ 56.4448859, 58.0916343 ], [ 56.4448537, 58.0903129 ], [ 56.4449074, 58.0891447 ], [ 56.4419033, 58.0891617 ], [ 56.4391031, 58.0891673 ], [ 56.43582, 58.0891787 ], [ 56.4330305, 58.08919 ], [ 56.4291038, 58.089207 ], [ 56.4261319, 58.0891844 ] ] } },
{ "type": "Feature", "properties": { "full_id": "w1227143969", "osm_id": "1227143969", "osm_type": "way", "power": "line", "ref": null, "frequency": null, "circuits:design": null, "layer": null, "name": null, "wires": null, "voltage": "110000", "circuits": "1", "cables": "3", "POI_CODE": 1 }, "geometry": { "type": "LineString", "coordinates": [ [ 56.4462653, 58.0917257 ], [ 56.4460339, 58.0918101 ] ] } },
{ "type": "Feature", "properties": { "full_id": "w1227143970", "osm_id": "1227143970", "osm_type": "way", "power": "line", "ref": null, "frequency": null, "circuits:design": null, "layer": null, "name": null, "wires": null, "voltage": "35000", "circuits": "1", "cables": "3", "POI_CODE": 1 }, "geometry": { "type": "LineString", "coordinates": [ [ 56.4460339, 58.0918101 ], [ 56.4462706, 58.0918944 ] ] } },
{ "type": "Feature", "properties": { "full_id": "w1227143971", "osm_id": "1227143971", "osm_type": "way", "power": "line", "ref": null, "frequency": null, "circuits:design": null, "layer": null, "name": null, "wires": null, "voltage": "110000", "circuits": "1", "cables": "3", "POI_CODE": 1 }, "geometry": { "type": "LineString", "coordinates": [ [ 56.4210571, 58.0877949 ], [ 56.4217687, 58.0875844 ], [ 56.4242631, 58.0885159 ], [ 56.4252529, 58.0887442 ], [ 56.4261319, 58.0891844 ] ] } },
{ "type": "Feature", "properties": { "full_id": "w1227143972", "osm_id": "1227143972", "osm_type": "way", "power": "line", "ref": null, "frequency": null, "circuits:design": null, "layer": null, "name": null, "wires": null, "voltage": "110000", "circuits": "1", "cables": "3", "POI_CODE": 1 }, "geometry": { "type": "LineString", "coordinates": [ [ 56.4122428, 58.1256992 ], [ 56.4122344, 58.1251951 ] ] } },
{ "type": "Feature", "properties": { "full_id": "w1227143973", "osm_id": "1227143973", "osm_type": "way", "power": "line", "ref": null, "frequency": null, "circuits:design": null, "layer": null, "name": null, "wires": null, "voltage": "110000", "circuits": "1", "cables": "3", "POI_CODE": 1 }, "geometry": { "type": "LineString", "coordinates": [ [ 56.4122344, 58.1251951 ], [ 56.4125526, 58.1256779 ] ] } },
{ "type": "Feature", "properties": { "full_id": "w1227143974", "osm_id": "1227143974", "osm_type": "way", "power": "line", "ref": null, "frequency": null, "circuits:design": null, "layer": null, "name": null, "wires": null, "voltage": "35000", "circuits": "1", "cables": "3", "POI_CODE": 1 }, "geometry": { "type": "LineString", "coordinates": [ [ 56.4126293, 58.1267136 ], [ 56.4127546, 58.1269194 ] ] } },
{ "type": "Feature", "properties": { "full_id": "w1227143975", "osm_id": "1227143975", "osm_type": "way", "power": "line", "ref": null, "frequency": null, "circuits:design": null, "layer": "2", "name": null, "wires": null, "voltage": "35000", "circuits": "2", "cables": "6", "POI_CODE": 1 }, "geometry": { "type": "LineString", "coordinates": [ [ 56.4127546, 58.1269194 ], [ 56.4127323, 58.1267062 ] ] } },
{ "type": "Feature", "properties": { "full_id": "w1227143976", "osm_id": "1227143976", "osm_type": "way", "power": "line", "ref": null, "frequency": null, "circuits:design": null, "layer": null, "name": null, "wires": null, "voltage": "35000", "circuits": "1", "cables": "3", "POI_CODE": 1 }, "geometry": { "type": "LineString", "coordinates": [ [ 56.4531908, 58.1502057 ], [ 56.4530432, 58.1500183 ] ] } },
{ "type": "Feature", "properties": { "full_id": "w1227143977", "osm_id": "1227143977", "osm_type": "way", "power": "line", "ref": null, "frequency": null, "circuits:design": null, "layer": null, "name": null, "wires": null, "voltage": "35000", "circuits": "1", "cables": "3", "POI_CODE": 1 }, "geometry": { "type": "LineString", "coordinates": [ [ 56.4530432, 58.1500183 ], [ 56.4531049, 58.1502083 ] ] } },
{ "type": "Feature", "properties": { "full_id": "w1227143978", "osm_id": "1227143978", "osm_type": "way", "power": "line", "ref": null, "frequency": null, "circuits:design": null, "layer": null, "name": null, "wires": null, "voltage": "110000", "circuits": "1", "cables": "3", "POI_CODE": 1 }, "geometry": { "type": "LineString", "coordinates": [ [ 56.4519033, 58.1495243 ], [ 56.4519521, 58.1499719 ] ] } },
{ "type": "Feature", "properties": { "full_id": "w1227143979", "osm_id": "1227143979", "osm_type": "way", "power": "line", "ref": null, "frequency": null, "circuits:design": null, "layer": null, "name": null, "wires": null, "voltage": "110000", "circuits": "1", "cables": "3", "POI_CODE": 1 }, "geometry": { "type": "LineString", "coordinates": [ [ 56.4519033, 58.1495243 ], [ 56.4522319, 58.1499635 ] ] } },
{ "type": "Feature", "properties": { "full_id": "w1227143980", "osm_id": "1227143980", "osm_type": "way", "power": "line", "ref": null, "frequency": null, "circuits:design": null, "layer": null, "name": null, "wires": null, "voltage": "110000", "circuits": "1", "cables": "3", "POI_CODE": 1 }, "geometry": { "type": "LineString", "coordinates": [ [ 56.4516922, 58.1496937 ], [ 56.4516895, 58.1499798 ] ] } },
{ "type": "Feature", "properties": { "full_id": "w1227143981", "osm_id": "1227143981", "osm_type": "way", "power": "line", "ref": null, "frequency": null, "circuits:design": null, "layer": null, "name": null, "wires": null, "voltage": "110000", "circuits": "1", "cables": "3", "POI_CODE": 1 }, "geometry": { "type": "LineString", "coordinates": [ [ 56.4516922, 58.1496937 ], [ 56.4515332, 58.1499845 ] ] } },
{ "type": "Feature", "properties": { "full_id": "w1227143982", "osm_id": "1227143982", "osm_type": "way", "power": "line", "ref": null, "frequency": null, "circuits:design": null, "layer": null, "name": null, "wires": null, "voltage": "35000", "circuits": "1", "cables": "3", "POI_CODE": 1 }, "geometry": { "type": "LineString", "coordinates": [ [ 56.3860298, 58.1419732 ], [ 56.3851159, 58.1421544 ], [ 56.3843723, 58.1423012 ] ] } },
{ "type": "Feature", "properties": { "full_id": "w1227326112", "osm_id": "1227326112", "osm_type": "way", "power": "line", "ref": null, "frequency": null, "circuits:design": null, "layer": null, "name": null, "wires": null, "voltage": "110000", "circuits": "1", "cables": "3", "POI_CODE": 1 }, "geometry": { "type": "LineString", "coordinates": [ [ 56.1588326, 57.9128889 ], [ 56.1575227, 57.9138927 ] ] } },
{ "type": "Feature", "properties": { "full_id": "w1227326113", "osm_id": "1227326113", "osm_type": "way", "power": "line", "ref": null, "frequency": null, "circuits:design": null, "layer": null, "name": null, "wires": null, "voltage": "110000", "circuits": "1", "cables": "3", "POI_CODE": 1 }, "geometry": { "type": "LineString", "coordinates": [ [ 56.1589282, 57.9130265 ], [ 56.1575227, 57.9138927 ] ] } },
{ "type": "Feature", "properties": { "full_id": "w1227326114", "osm_id": "1227326114", "osm_type": "way", "power": "line", "ref": null, "frequency": null, "circuits:design": null, "layer": null, "name": null, "wires": null, "voltage": "110000;35000", "circuits": "2", "cables": "6", "POI_CODE": 1 }, "geometry": { "type": "LineString", "coordinates": [ [ 56.14125, 57.9234559 ], [ 56.1419253, 57.9237201 ], [ 56.1428716, 57.9240976 ] ] } },
{ "type": "Feature", "properties": { "full_id": "w1227326115", "osm_id": "1227326115", "osm_type": "way", "power": "line", "ref": null, "frequency": null, "circuits:design": null, "layer": null, "name": null, "wires": null, "voltage": "35000", "circuits": "1", "cables": "3", "POI_CODE": 1 }, "geometry": { "type": "LineString", "coordinates": [ [ 56.1416287, 57.924838 ], [ 56.1410788, 57.9245478 ] ] } },
{ "type": "Feature", "properties": { "full_id": "w1227326116", "osm_id": "1227326116", "osm_type": "way", "power": "line", "ref": null, "frequency": null, "circuits:design": null, "layer": null, "name": null, "wires": null, "voltage": "35000", "circuits": "1", "cables": "3", "POI_CODE": 1 }, "geometry": { "type": "LineString", "coordinates": [ [ 56.1413884, 57.9249861 ], [ 56.140665, 57.9247578 ] ] } },
{ "type": "Feature", "properties": { "full_id": "w1227326117", "osm_id": "1227326117", "osm_type": "way", "power": "line", "ref": null, "frequency": null, "circuits:design": null, "layer": null, "name": null, "wires": null, "voltage": "35000", "circuits": "1", "cables": "3", "POI_CODE": 1 }, "geometry": { "type": "LineString", "coordinates": [ [ 56.1410788, 57.9245478 ], [ 56.1417296, 57.9247759 ] ] } },
{ "type": "Feature", "properties": { "full_id": "w1227326118", "osm_id": "1227326118", "osm_type": "way", "power": "line", "ref": null, "frequency": null, "circuits:design": null, "layer": null, "name": null, "wires": null, "voltage": "35000", "circuits": "1", "cables": "3", "POI_CODE": 1 }, "geometry": { "type": "LineString", "coordinates": [ [ 56.140665, 57.9247578 ], [ 56.1414751, 57.9249327 ] ] } },
{ "type": "Feature", "properties": { "full_id": "w1227326119", "osm_id": "1227326119", "osm_type": "way", "power": "line", "ref": null, "frequency": null, "circuits:design": null, "layer": null, "name": null, "wires": null, "voltage": "110000", "circuits": "1", "cables": "3", "POI_CODE": 1 }, "geometry": { "type": "LineString", "coordinates": [ [ 56.1423396, 57.9244319 ], [ 56.1413426, 57.9241423 ], [ 56.1406945, 57.9245605 ] ] } },
{ "type": "Feature", "properties": { "full_id": "w1227326120", "osm_id": "1227326120", "osm_type": "way", "power": "line", "ref": null, "frequency": null, "circuits:design": null, "layer": null, "name": null, "wires": null, "voltage": "110000", "circuits": "1", "cables": "3", "POI_CODE": 1 }, "geometry": { "type": "LineString", "coordinates": [ [ 56.1424719, 57.9243504 ], [ 56.1412379, 57.923918 ] ] } },
{ "type": "Feature", "properties": { "full_id": "w1227326121", "osm_id": "1227326121", "osm_type": "way", "power": "line", "ref": null, "frequency": null, "circuits:design": null, "layer": null, "name": null, "wires": null, "voltage": "110000", "circuits": "2", "cables": "6", "POI_CODE": 1 }, "geometry": { "type": "LineString", "coordinates": [ [ 56.1611126, 57.9276343 ], [ 56.1609544, 57.9282075 ], [ 56.1599046, 57.9291777 ], [ 56.1588103, 57.9301234 ], [ 56.1576823, 57.9310831 ], [ 56.156525, 57.9321313 ], [ 56.1565679, 57.9323307 ] ] } },
{ "type": "Feature", "properties": { "full_id": "w1227326122", "osm_id": "1227326122", "osm_type": "way", "power": "line", "ref": null, "frequency": null, "circuits:design": null, "layer": null, "name": null, "wires": null, "voltage": "110000", "circuits": "2", "cables": "6", "POI_CODE": 1 }, "geometry": { "type": "LineString", "coordinates": [ [ 56.1466665, 57.952353 ], [ 56.1484784, 57.9508233 ] ] } },
{ "type": "Feature", "properties": { "full_id": "w1227326123", "osm_id": "1227326123", "osm_type": "way", "power": "line", "ref": null, "frequency": null, "circuits:design": null, "layer": null, "name": null, "wires": null, "voltage": "110000", "circuits": "2", "cables": "6", "POI_CODE": 1 }, "geometry": { "type": "LineString", "coordinates": [ [ 56.1245243, 57.9686574 ], [ 56.1258556, 57.967902 ] ] } },
{ "type": "Feature", "properties": { "full_id": "w1227326124", "osm_id": "1227326124", "osm_type": "way", "power": "line", "ref": null, "frequency": null, "circuits:design": null, "layer": null, "name": null, "wires": null, "voltage": "110000", "circuits": "2", "cables": "6", "POI_CODE": 1 }, "geometry": { "type": "LineString", "coordinates": [ [ 56.1201665, 57.9833562 ], [ 56.1190546, 57.9822399 ] ] } },
{ "type": "Feature", "properties": { "full_id": "w1227326126", "osm_id": "1227326126", "osm_type": "way", "power": "line", "ref": null, "frequency": null, "circuits:design": null, "layer": null, "name": null, "wires": null, "voltage": "35000", "circuits": "1", "cables": "3", "POI_CODE": 1 }, "geometry": { "type": "LineString", "coordinates": [ [ 56.1515672, 58.0419985 ], [ 56.1519834, 58.0420959 ] ] } },
{ "type": "Feature", "properties": { "full_id": "w1227326127", "osm_id": "1227326127", "osm_type": "way", "power": "line", "ref": null, "frequency": null, "circuits:design": null, "layer": null, "name": null, "wires": null, "voltage": "35000", "circuits": "1", "cables": "3", "POI_CODE": 1 }, "geometry": { "type": "LineString", "coordinates": [ [ 56.1519834, 58.0420959 ], [ 56.1517346, 58.0419109 ] ] } },
{ "type": "Feature", "properties": { "full_id": "w1227326128", "osm_id": "1227326128", "osm_type": "way", "power": "line", "ref": null, "frequency": null, "circuits:design": null, "layer": null, "name": null, "wires": null, "voltage": "35000", "circuits": "1", "cables": "3", "POI_CODE": 1 }, "geometry": { "type": "LineString", "coordinates": [ [ 56.1502184, 58.0414557 ], [ 56.150599, 58.0417241 ] ] } },
{ "type": "Feature", "properties": { "full_id": "w1227326129", "osm_id": "1227326129", "osm_type": "way", "power": "line", "ref": null, "frequency": null, "circuits:design": null, "layer": null, "name": null, "wires": null, "voltage": "35000", "circuits": "1", "cables": "3", "POI_CODE": 1 }, "geometry": { "type": "LineString", "coordinates": [ [ 56.1502184, 58.0414557 ], [ 56.1506812, 58.0416718 ] ] } },
{ "type": "Feature", "properties": { "full_id": "w1227326130", "osm_id": "1227326130", "osm_type": "way", "power": "line", "ref": null, "frequency": null, "circuits:design": null, "layer": null, "name": null, "wires": null, "voltage": "35000", "circuits": "2", "cables": "6", "POI_CODE": 1 }, "geometry": { "type": "LineString", "coordinates": [ [ 56.1180762, 58.0299064 ], [ 56.1180675, 58.0302135 ] ] } },
{ "type": "Feature", "properties": { "full_id": "w1227326131", "osm_id": "1227326131", "osm_type": "way", "power": "line", "ref": null, "frequency": null, "circuits:design": null, "layer": null, "name": null, "wires": null, "voltage": "35000", "circuits": "2", "cables": "6", "POI_CODE": 1 }, "geometry": { "type": "LineString", "coordinates": [ [ 56.1180762, 58.0299064 ], [ 56.1181709, 58.030211 ] ] } },
{ "type": "Feature", "properties": { "full_id": "w1227326132", "osm_id": "1227326132", "osm_type": "way", "power": "line", "ref": null, "frequency": null, "circuits:design": null, "layer": null, "name": null, "wires": null, "voltage": "35000", "circuits": "1", "cables": "3", "POI_CODE": 1 }, "geometry": { "type": "LineString", "coordinates": [ [ 56.1163442, 58.0273682 ], [ 56.1166136, 58.0272341 ], [ 56.1176115, 58.0270153 ], [ 56.118157, 58.0273468 ], [ 56.1177885, 58.0275266 ] ] } },
{ "type": "Feature", "properties": { "full_id": "w1227326133", "osm_id": "1227326133", "osm_type": "way", "power": "line", "ref": null, "frequency": null, "circuits:design": null, "layer": null, "name": null, "wires": null, "voltage": "35000", "circuits": "2", "cables": "6", "POI_CODE": 1 }, "geometry": { "type": "LineString", "coordinates": [ [ 56.1177885, 58.0275266 ], [ 56.1180192, 58.0287579 ], [ 56.1180762, 58.0299064 ] ] } },
{ "type": "Feature", "properties": { "full_id": "w1227326134", "osm_id": "1227326134", "osm_type": "way", "power": "line", "ref": null, "frequency": null, "circuits:design": null, "layer": null, "name": null, "wires": null, "voltage": "35000", "circuits": "1", "cables": "3", "POI_CODE": 1 }, "geometry": { "type": "LineString", "coordinates": [ [ 56.1163442, 58.0273682 ], [ 56.1177885, 58.0275266 ] ] } },
{ "type": "Feature", "properties": { "full_id": "w1227326135", "osm_id": "1227326135", "osm_type": "way", "power": "line", "ref": null, "frequency": null, "circuits:design": null, "layer": null, "name": null, "wires": null, "voltage": "35000", "circuits": "2", "cables": "6", "POI_CODE": 1 }, "geometry": { "type": "LineString", "coordinates": [ [ 56.2087334, 57.9875671 ], [ 56.210927, 57.9872833 ], [ 56.2110415, 57.9876329 ], [ 56.2110647, 57.9887117 ], [ 56.2115316, 57.9901454 ], [ 56.2126501, 57.9919408 ], [ 56.213105, 57.9928541 ] ] } },
{ "type": "Feature", "properties": { "full_id": "w1227326136", "osm_id": "1227326136", "osm_type": "way", "power": "line", "ref": null, "frequency": null, "circuits:design": null, "layer": null, "name": null, "wires": null, "voltage": "110000", "circuits": "1", "cables": "3", "POI_CODE": 1 }, "geometry": { "type": "LineString", "coordinates": [ [ 56.2531064, 57.9723343 ], [ 56.2528136, 57.9721703 ] ] } },
{ "type": "Feature", "properties": { "full_id": "w1227326137", "osm_id": "1227326137", "osm_type": "way", "power": "line", "ref": null, "frequency": null, "circuits:design": null, "layer": null, "name": null, "wires": null, "voltage": "110000", "circuits": "1", "cables": "3", "POI_CODE": 1 }, "geometry": { "type": "LineString", "coordinates": [ [ 56.2531064, 57.9723343 ], [ 56.2533447, 57.9721546 ] ] } },
{ "type": "Feature", "properties": { "full_id": "w1227326138", "osm_id": "1227326138", "osm_type": "way", "power": "line", "ref": null, "frequency": null, "circuits:design": null, "layer": null, "name": null, "wires": null, "voltage": "35000", "circuits": "2", "cables": "6", "POI_CODE": 1 }, "geometry": { "type": "LineString", "coordinates": [ [ 56.2923135, 57.9887033 ], [ 56.2914433, 57.9878531 ], [ 56.2905507, 57.9878194 ], [ 56.2895362, 57.9877667 ], [ 56.288277, 57.9877167 ], [ 56.2850193, 57.9875889 ], [ 56.2818867, 57.9874578 ], [ 56.2791561, 57.9873528 ], [ 56.2749383, 57.9872196 ], [ 56.272429, 57.9870718 ] ] } },
{ "type": "Feature", "properties": { "full_id": "w1227326139", "osm_id": "1227326139", "osm_type": "way", "power": "line", "ref": null, "frequency": null, "circuits:design": null, "layer": null, "name": null, "wires": null, "voltage": "110000", "circuits": "1", "cables": "3", "POI_CODE": 1 }, "geometry": { "type": "LineString", "coordinates": [ [ 56.2617968, 57.983884 ], [ 56.2621212, 57.9839226 ] ] } },
{ "type": "Feature", "properties": { "full_id": "w1227326140", "osm_id": "1227326140", "osm_type": "way", "power": "line", "ref": null, "frequency": null, "circuits:design": null, "layer": null, "name": null, "wires": null, "voltage": "110000", "circuits": "1", "cables": "3", "POI_CODE": 1 }, "geometry": { "type": "LineString", "coordinates": [ [ 56.2621212, 57.9839226 ], [ 56.261854, 57.9839968 ] ] } },
{ "type": "Feature", "properties": { "full_id": "w1227326142", "osm_id": "1227326142", "osm_type": "way", "power": "line", "ref": null, "frequency": null, "circuits:design": null, "layer": null, "name": null, "wires": null, "voltage": "35000", "circuits": "1", "cables": "3", "POI_CODE": 1 }, "geometry": { "type": "LineString", "coordinates": [ [ 56.2944185, 58.0086803 ], [ 56.2942086, 58.0085715 ] ] } },
{ "type": "Feature", "properties": { "full_id": "w1227326143", "osm_id": "1227326143", "osm_type": "way", "power": "line", "ref": null, "frequency": null, "circuits:design": null, "layer": null, "name": null, "wires": null, "voltage": "35000", "circuits": "1", "cables": "3", "POI_CODE": 1 }, "geometry": { "type": "LineString", "coordinates": [ [ 56.2957252, 58.0208298 ], [ 56.2968972, 58.0205602 ] ] } },
{ "type": "Feature", "properties": { "full_id": "w1227326144", "osm_id": "1227326144", "osm_type": "way", "power": "line", "ref": null, "frequency": null, "circuits:design": null, "layer": null, "name": null, "wires": "single", "voltage": "110000", "circuits": "1", "cables": "3", "POI_CODE": 1 }, "geometry": { "type": "LineString", "coordinates": [ [ 56.2988953, 58.0196658 ], [ 56.297843, 58.0198463 ] ] } },
{ "type": "Feature", "properties": { "full_id": "w1227326145", "osm_id": "1227326145", "osm_type": "way", "power": "line", "ref": null, "frequency": null, "circuits:design": null, "layer": null, "name": null, "wires": "single", "voltage": "110000", "circuits": "1", "cables": "3", "POI_CODE": 1 }, "geometry": { "type": "LineString", "coordinates": [ [ 56.2981727, 58.0201923 ], [ 56.2991779, 58.0198704 ] ] } },
{ "type": "Feature", "properties": { "full_id": "w1227326146", "osm_id": "1227326146", "osm_type": "way", "power": "line", "ref": null, "frequency": null, "circuits:design": null, "layer": null, "name": null, "wires": null, "voltage": "35000", "circuits": "1", "cables": "3", "POI_CODE": 1 }, "geometry": { "type": "LineString", "coordinates": [ [ 56.2957252, 58.0208298 ], [ 56.2967697, 58.0204018 ] ] } },
{ "type": "Feature", "properties": { "full_id": "w1227326147", "osm_id": "1227326147", "osm_type": "way", "power": "line", "ref": null, "frequency": null, "circuits:design": null, "layer": null, "name": null, "wires": "single", "voltage": "110000", "circuits": "1", "cables": "3", "POI_CODE": 1 }, "geometry": { "type": "LineString", "coordinates": [ [ 56.2991779, 58.0198704 ], [ 56.2980518, 58.0200566 ] ] } },
{ "type": "Feature", "properties": { "full_id": "w1227326148", "osm_id": "1227326148", "osm_type": "way", "power": "line", "ref": null, "frequency": null, "circuits:design": null, "layer": null, "name": null, "wires": "single", "voltage": "110000", "circuits": "1", "cables": "3", "POI_CODE": 1 }, "geometry": { "type": "LineString", "coordinates": [ [ 56.2988953, 58.0196658 ], [ 56.2979177, 58.0199117 ] ] } },
{ "type": "Feature", "properties": { "full_id": "w1227326149", "osm_id": "1227326149", "osm_type": "way", "power": "line", "ref": null, "frequency": null, "circuits:design": null, "layer": null, "name": null, "wires": "single", "voltage": "110000", "circuits": "1", "cables": "3", "POI_CODE": 1 }, "geometry": { "type": "LineString", "coordinates": [ [ 56.2983082, 58.0194002 ], [ 56.2976977, 58.0197029 ] ] } },
{ "type": "Feature", "properties": { "full_id": "w1227326150", "osm_id": "1227326150", "osm_type": "way", "power": "line", "ref": null, "frequency": null, "circuits:design": null, "layer": null, "name": null, "wires": "single", "voltage": "110000", "circuits": "1", "cables": "3", "POI_CODE": 1 }, "geometry": { "type": "LineString", "coordinates": [ [ 56.2983082, 58.0194002 ], [ 56.2976251, 58.0196342 ] ] } },
{ "type": "Feature", "properties": { "full_id": "w1227326151", "osm_id": "1227326151", "osm_type": "way", "power": "line", "ref": null, "frequency": null, "circuits:design": null, "layer": null, "name": null, "wires": "single", "voltage": "110000", "circuits": "1", "cables": "3", "POI_CODE": 1 }, "geometry": { "type": "LineString", "coordinates": [ [ 56.3621264, 57.9305429 ], [ 56.362189, 57.9308221 ] ] } },
{ "type": "Feature", "properties": { "full_id": "w1227326152", "osm_id": "1227326152", "osm_type": "way", "power": "line", "ref": null, "frequency": null, "circuits:design": null, "layer": null, "name": null, "wires": "single", "voltage": "110000", "circuits": "1", "cables": "3", "POI_CODE": 1 }, "geometry": { "type": "LineString", "coordinates": [ [ 56.3617405, 57.9306676 ], [ 56.3621264, 57.9305429 ] ] } },
{ "type": "Feature", "properties": { "full_id": "w1227326153", "osm_id": "1227326153", "osm_type": "way", "power": "line", "ref": null, "frequency": null, "circuits:design": null, "layer": null, "name": null, "wires": "single", "voltage": "110000", "circuits": "1", "cables": "3", "POI_CODE": 1 }, "geometry": { "type": "LineString", "coordinates": [ [ 56.3617405, 57.9306676 ], [ 56.362189, 57.9308221 ] ] } },
{ "type": "Feature", "properties": { "full_id": "w1227326154", "osm_id": "1227326154", "osm_type": "way", "power": "line", "ref": null, "frequency": null, "circuits:design": null, "layer": null, "name": null, "wires": "single", "voltage": "110000", "circuits": "2", "cables": "6", "POI_CODE": 1 }, "geometry": { "type": "LineString", "coordinates": [ [ 56.3174006, 57.915266 ], [ 56.3205095, 57.9153526 ], [ 56.3249907, 57.9155091 ], [ 56.3299935, 57.9157311 ], [ 56.3338773, 57.9158565 ], [ 56.3359158, 57.915942 ], [ 56.3405721, 57.91613 ], [ 56.344413, 57.9162668 ], [ 56.3487015, 57.9164038 ], [ 56.3512292, 57.9169392 ], [ 56.3536969, 57.9174464 ], [ 56.3574554, 57.9181515 ], [ 56.3588713, 57.9184865 ], [ 56.359617, 57.9210719 ], [ 56.3602071, 57.9231516 ], [ 56.3607006, 57.9250602 ], [ 56.3613765, 57.9275499 ], [ 56.3618915, 57.9293956 ], [ 56.3621264, 57.9305429 ] ] } },
{ "type": "Feature", "properties": { "full_id": "w1227326155", "osm_id": "1227326155", "osm_type": "way", "power": "line", "ref": null, "frequency": null, "circuits:design": null, "layer": "2", "name": null, "wires": null, "voltage": "35000", "circuits": "1", "cables": "3", "POI_CODE": 1 }, "geometry": { "type": "LineString", "coordinates": [ [ 56.5834424, 58.0582178 ], [ 56.5830392, 58.0581215 ] ] } },
{ "type": "Feature", "properties": { "full_id": "w1227326156", "osm_id": "1227326156", "osm_type": "way", "power": "line", "ref": null, "frequency": null, "circuits:design": null, "layer": null, "name": null, "wires": null, "voltage": "35000", "circuits": "1", "cables": "3", "POI_CODE": 1 }, "geometry": { "type": "LineString", "coordinates": [ [ 56.5834424, 58.0582178 ], [ 56.583074, 58.0582095 ] ] } },
{ "type": "Feature", "properties": { "full_id": "w1227326157", "osm_id": "1227326157", "osm_type": "way", "power": "line", "ref": null, "frequency": null, "circuits:design": null, "layer": null, "name": null, "wires": null, "voltage": "35000", "circuits": "2", "cables": "6", "POI_CODE": 1 }, "geometry": { "type": "LineString", "coordinates": [ [ 56.5743676, 58.0129134 ], [ 56.5759485, 58.0125962 ], [ 56.5787879, 58.0131322 ], [ 56.5815559, 58.013628 ], [ 56.5862524, 58.0144919 ], [ 56.5862332, 58.015637 ], [ 56.586209, 58.0170748 ], [ 56.5861645, 58.0197256 ] ] } },
{ "type": "Feature", "properties": { "full_id": "w1227326158", "osm_id": "1227326158", "osm_type": "way", "power": "line", "ref": null, "frequency": null, "circuits:design": null, "layer": null, "name": null, "wires": null, "voltage": "35000", "circuits": "1", "cables": "3", "POI_CODE": 1 }, "geometry": { "type": "LineString", "coordinates": [ [ 56.5741342, 58.013054 ], [ 56.5743676, 58.0129134 ] ] } },
{ "type": "Feature", "properties": { "full_id": "w1227326159", "osm_id": "1227326159", "osm_type": "way", "power": "line", "ref": null, "frequency": null, "circuits:design": null, "layer": null, "name": null, "wires": null, "voltage": "35000", "circuits": "1", "cables": "3", "POI_CODE": 1 }, "geometry": { "type": "LineString", "coordinates": [ [ 56.5743676, 58.0129134 ], [ 56.5743408, 58.0130853 ] ] } },
{ "type": "Feature", "properties": { "full_id": "w1227326160", "osm_id": "1227326160", "osm_type": "way", "power": "line", "ref": null, "frequency": null, "circuits:design": null, "layer": "2", "name": null, "wires": null, "voltage": "35000", "circuits": "2", "cables": "6", "POI_CODE": 1 }, "geometry": { "type": "LineString", "coordinates": [ [ 56.5928663, 58.0526121 ], [ 56.5932396, 58.0527642 ] ] } },
{ "type": "Feature", "properties": { "full_id": "w1227326162", "osm_id": "1227326162", "osm_type": "way", "power": "line", "ref": null, "frequency": null, "circuits:design": null, "layer": null, "name": null, "wires": null, "voltage": "110000", "circuits": "1", "cables": "3", "POI_CODE": 1 }, "geometry": { "type": "LineString", "coordinates": [ [ 56.5835611, 58.0585411 ], [ 56.5831384, 58.0586366 ] ] } },
{ "type": "Feature", "properties": { "full_id": "w1227326163", "osm_id": "1227326163", "osm_type": "way", "power": "line", "ref": null, "frequency": null, "circuits:design": null, "layer": null, "name": null, "wires": null, "voltage": "110000", "circuits": "1", "cables": "3", "POI_CODE": 1 }, "geometry": { "type": "LineString", "coordinates": [ [ 56.5882902, 58.0602286 ], [ 56.5879312, 58.0601172 ] ] } },
{ "type": "Feature", "properties": { "full_id": "w1227326164", "osm_id": "1227326164", "osm_type": "way", "power": "line", "ref": null, "frequency": null, "circuits:design": null, "layer": null, "name": null, "wires": null, "voltage": "110000", "circuits": "1", "cables": "3", "POI_CODE": 1 }, "geometry": { "type": "LineString", "coordinates": [ [ 56.5879312, 58.0601172 ], [ 56.5881863, 58.0601124 ], [ 56.5886128, 58.0602344 ], [ 56.5882902, 58.0602286 ] ] } },
{ "type": "Feature", "properties": { "full_id": "w1227326165", "osm_id": "1227326165", "osm_type": "way", "power": "line", "ref": null, "frequency": null, "circuits:design": null, "layer": null, "name": null, "wires": null, "voltage": "110000", "circuits": "1", "cables": "3", "POI_CODE": 1 }, "geometry": { "type": "LineString", "coordinates": [ [ 56.5835611, 58.0585411 ], [ 56.583133, 58.058472 ] ] } },
{ "type": "Feature", "properties": { "full_id": "w1227326166", "osm_id": "1227326166", "osm_type": "way", "power": "line", "ref": null, "frequency": null, "circuits:design": null, "layer": null, "name": null, "wires": "single", "voltage": "110000", "circuits": "1", "cables": "3", "POI_CODE": 1 }, "geometry": { "type": "LineString", "coordinates": [ [ 56.26171, 58.0184906 ], [ 56.2615873, 58.0183697 ] ] } },
{ "type": "Feature", "properties": { "full_id": "w1227326167", "osm_id": "1227326167", "osm_type": "way", "power": "line", "ref": null, "frequency": null, "circuits:design": null, "layer": null, "name": null, "wires": null, "voltage": "110000", "circuits": "1", "cables": "3", "POI_CODE": 1 }, "geometry": { "type": "LineString", "coordinates": [ [ 56.26171, 58.0184906 ], [ 56.261727, 58.0183533 ] ] } },
{ "type": "Feature", "properties": { "full_id": "w1227326168", "osm_id": "1227326168", "osm_type": "way", "power": "line", "ref": null, "frequency": null, "circuits:design": null, "layer": null, "name": null, "wires": null, "voltage": "110000", "circuits": "1", "cables": "3", "POI_CODE": 1 }, "geometry": { "type": "LineString", "coordinates": [ [ 56.2855227, 58.0318125 ], [ 56.285588, 58.0316131 ] ] } },
{ "type": "Feature", "properties": { "full_id": "w1227326169", "osm_id": "1227326169", "osm_type": "way", "power": "line", "ref": null, "frequency": null, "circuits:design": null, "layer": "2", "name": null, "wires": null, "voltage": "110000", "circuits": "1", "cables": "3", "POI_CODE": 1 }, "geometry": { "type": "LineString", "coordinates": [ [ 56.2976812, 58.0364032 ], [ 56.2967802, 58.0359438 ] ] } },
{ "type": "Feature", "properties": { "full_id": "w1227326170", "osm_id": "1227326170", "osm_type": "way", "power": "line", "ref": null, "frequency": null, "circuits:design": null, "layer": null, "name": null, "wires": null, "voltage": "110000", "circuits": "1", "cables": "3", "POI_CODE": 1 }, "geometry": { "type": "LineString", "coordinates": [ [ 56.2976812, 58.0364032 ], [ 56.2969333, 58.0358959 ] ] } },
{ "type": "Feature", "properties": { "full_id": "w1227326171", "osm_id": "1227326171", "osm_type": "way", "power": "line", "ref": null, "frequency": null, "circuits:design": null, "layer": null, "name": null, "wires": null, "voltage": "110000", "circuits": "1", "cables": "3", "POI_CODE": 1 }, "geometry": { "type": "LineString", "coordinates": [ [ 56.2960235, 58.0364287 ], [ 56.2977438, 58.0365599 ], [ 56.2981064, 58.0363703 ], [ 56.2976812, 58.0364032 ] ] } },
{ "type": "Feature", "properties": { "full_id": "w1227326172", "osm_id": "1227326172", "osm_type": "way", "power": "line", "ref": null, "frequency": null, "circuits:design": null, "layer": null, "name": null, "wires": null, "voltage": "110000", "circuits": "1", "cables": "3", "POI_CODE": 1 }, "geometry": { "type": "LineString", "coordinates": [ [ 56.2960235, 58.0364287 ], [ 56.2976812, 58.0364032 ] ] } },
{ "type": "Feature", "properties": { "full_id": "w1227326173", "osm_id": "1227326173", "osm_type": "way", "power": "line", "ref": null, "frequency": null, "circuits:design": null, "layer": null, "name": null, "wires": null, "voltage": "110000", "circuits": "1", "cables": "3", "POI_CODE": 1 }, "geometry": { "type": "LineString", "coordinates": [ [ 56.3418474, 58.0729405 ], [ 56.341438, 58.0732185 ], [ 56.3409105, 58.072674 ] ] } },
{ "type": "Feature", "properties": { "full_id": "w1227326174", "osm_id": "1227326174", "osm_type": "way", "power": "line", "ref": null, "frequency": null, "circuits:design": null, "layer": null, "name": null, "wires": null, "voltage": "110000", "circuits": "1", "cables": "3", "POI_CODE": 1 }, "geometry": { "type": "LineString", "coordinates": [ [ 56.3418474, 58.0729405 ], [ 56.3409105, 58.072674 ] ] } },
{ "type": "Feature", "properties": { "full_id": "w1227326175", "osm_id": "1227326175", "osm_type": "way", "power": "line", "ref": null, "frequency": null, "circuits:design": null, "layer": null, "name": null, "wires": null, "voltage": "110000", "circuits": "1", "cables": "3", "POI_CODE": 1 }, "geometry": { "type": "LineString", "coordinates": [ [ 56.31793, 58.0461093 ], [ 56.3183453, 58.045884 ] ] } },
{ "type": "Feature", "properties": { "full_id": "w1227326176", "osm_id": "1227326176", "osm_type": "way", "power": "line", "ref": null, "frequency": null, "circuits:design": null, "layer": null, "name": null, "wires": null, "voltage": "110000", "circuits": "1", "cables": "3", "POI_CODE": 1 }, "geometry": { "type": "LineString", "coordinates": [ [ 56.3184473, 58.0459937 ], [ 56.31793, 58.0461093 ] ] } },
{ "type": "Feature", "properties": { "full_id": "w1227326178", "osm_id": "1227326178", "osm_type": "way", "power": "line", "ref": null, "frequency": null, "circuits:design": null, "layer": null, "name": null, "wires": null, "voltage": "110000", "circuits": "1", "cables": "3", "POI_CODE": 1 }, "geometry": { "type": "LineString", "coordinates": [ [ 56.1797024, 58.040511 ], [ 56.1805442, 58.0405636 ] ] } },
{ "type": "Feature", "properties": { "full_id": "w1227326179", "osm_id": "1227326179", "osm_type": "way", "power": "line", "ref": null, "frequency": null, "circuits:design": null, "layer": null, "name": null, "wires": null, "voltage": "110000", "circuits": "1", "cables": "3", "POI_CODE": 1 }, "geometry": { "type": "LineString", "coordinates": [ [ 56.1797024, 58.040511 ], [ 56.179128, 58.0403166 ], [ 56.1799595, 58.0403961 ], [ 56.1805442, 58.0405636 ] ] } },
{ "type": "Feature", "properties": { "full_id": "w1227326180", "osm_id": "1227326180", "osm_type": "way", "power": "line", "ref": null, "frequency": null, "circuits:design": null, "layer": null, "name": null, "wires": null, "voltage": "110000", "circuits": "1", "cables": "3", "POI_CODE": 1 }, "geometry": { "type": "LineString", "coordinates": [ [ 56.2256077, 58.0581528 ], [ 56.2261069, 58.0580648 ] ] } },
{ "type": "Feature", "properties": { "full_id": "w1227326181", "osm_id": "1227326181", "osm_type": "way", "power": "line", "ref": null, "frequency": null, "circuits:design": null, "layer": null, "name": null, "wires": null, "voltage": "110000", "circuits": "1", "cables": "3", "POI_CODE": 1 }, "geometry": { "type": "LineString", "coordinates": [ [ 56.2256077, 58.0581528 ], [ 56.2259218, 58.0579214 ] ] } },
{ "type": "Feature", "properties": { "full_id": "w1227341790", "osm_id": "1227341790", "osm_type": "way", "power": "line", "ref": null, "frequency": null, "circuits:design": null, "layer": null, "name": null, "wires": null, "voltage": "35000", "circuits": "1", "cables": "3", "POI_CODE": 1 }, "geometry": { "type": "LineString", "coordinates": [ [ 56.1434689, 57.9222514 ], [ 56.1431314, 57.9223738 ] ] } },
{ "type": "Feature", "properties": { "full_id": "w1227341791", "osm_id": "1227341791", "osm_type": "way", "power": "line", "ref": null, "frequency": null, "circuits:design": null, "layer": null, "name": null, "wires": null, "voltage": "35000", "circuits": "1", "cables": "3", "POI_CODE": 1 }, "geometry": { "type": "LineString", "coordinates": [ [ 56.1434689, 57.9222514 ], [ 56.1432454, 57.9224237 ] ] } },
{ "type": "Feature", "properties": { "full_id": "w1227341793", "osm_id": "1227341793", "osm_type": "way", "power": "line", "ref": null, "frequency": null, "circuits:design": null, "layer": null, "name": null, "wires": null, "voltage": "35000", "circuits": "1", "cables": "3", "POI_CODE": 1 }, "geometry": null },
{ "type": "Feature", "properties": { "full_id": "w1227341794", "osm_id": "1227341794", "osm_type": "way", "power": "line", "ref": null, "frequency": null, "circuits:design": null, "layer": null, "name": null, "wires": null, "voltage": "35000", "circuits": "1", "cables": "3", "POI_CODE": 1 }, "geometry": null },
{ "type": "Feature", "properties": { "full_id": "w1227341795", "osm_id": "1227341795", "osm_type": "way", "power": "line", "ref": null, "frequency": null, "circuits:design": null, "layer": null, "name": null, "wires": null, "voltage": "35000", "circuits": "1", "cables": "3", "POI_CODE": 1 }, "geometry": null },
{ "type": "Feature", "properties": { "full_id": "w1227341796", "osm_id": "1227341796", "osm_type": "way", "power": "line", "ref": null, "frequency": null, "circuits:design": null, "layer": null, "name": null, "wires": null, "voltage": "35000", "circuits": "1", "cables": "3", "POI_CODE": 1 }, "geometry": null },
{ "type": "Feature", "properties": { "full_id": "w1227341797", "osm_id": "1227341797", "osm_type": "way", "power": "line", "ref": null, "frequency": null, "circuits:design": null, "layer": null, "name": null, "wires": null, "voltage": "35000", "circuits": "1", "cables": "3", "POI_CODE": 1 }, "geometry": null },
{ "type": "Feature", "properties": { "full_id": "w1227341798", "osm_id": "1227341798", "osm_type": "way", "power": "line", "ref": null, "frequency": null, "circuits:design": null, "layer": null, "name": null, "wires": null, "voltage": "35000", "circuits": "1", "cables": "3", "POI_CODE": 1 }, "geometry": null },
{ "type": "Feature", "properties": { "full_id": "w1227341799", "osm_id": "1227341799", "osm_type": "way", "power": "line", "ref": null, "frequency": null, "circuits:design": null, "layer": null, "name": null, "wires": null, "voltage": "35000", "circuits": "1", "cables": "3", "POI_CODE": 1 }, "geometry": null },
{ "type": "Feature", "properties": { "full_id": "w1227341800", "osm_id": "1227341800", "osm_type": "way", "power": "line", "ref": null, "frequency": null, "circuits:design": null, "layer": null, "name": null, "wires": null, "voltage": "110000", "circuits": "1", "cables": "3", "POI_CODE": 1 }, "geometry": null },
{ "type": "Feature", "properties": { "full_id": "w1227341801", "osm_id": "1227341801", "osm_type": "way", "power": "line", "ref": null, "frequency": null, "circuits:design": null, "layer": null, "name": null, "wires": null, "voltage": "110000", "circuits": "1", "cables": "3", "POI_CODE": 1 }, "geometry": null },
{ "type": "Feature", "properties": { "full_id": "w1227341802", "osm_id": "1227341802", "osm_type": "way", "power": "line", "ref": null, "frequency": null, "circuits:design": null, "layer": null, "name": null, "wires": null, "voltage": "110000", "circuits": "1", "cables": "3", "POI_CODE": 1 }, "geometry": { "type": "LineString", "coordinates": [ [ 56.1749267, 57.8805678 ], [ 56.1730961, 57.8817017 ] ] } },
{ "type": "Feature", "properties": { "full_id": "w1227341803", "osm_id": "1227341803", "osm_type": "way", "power": "line", "ref": null, "frequency": null, "circuits:design": null, "layer": null, "name": null, "wires": null, "voltage": "35000", "circuits": "1", "cables": "3", "POI_CODE": 1 }, "geometry": null },
{ "type": "Feature", "properties": { "full_id": "w1227341804", "osm_id": "1227341804", "osm_type": "way", "power": "line", "ref": null, "frequency": null, "circuits:design": null, "layer": null, "name": null, "wires": null, "voltage": "35000", "circuits": "1", "cables": "3", "POI_CODE": 1 }, "geometry": null },
{ "type": "Feature", "properties": { "full_id": "w1227562848", "osm_id": "1227562848", "osm_type": "way", "power": "line", "ref": null, "frequency": null, "circuits:design": null, "layer": null, "name": null, "wires": "single", "voltage": "110000", "circuits": "1", "cables": "3", "POI_CODE": 1 }, "geometry": { "type": "LineString", "coordinates": [ [ 55.9232426, 58.0195367 ], [ 55.9235015, 58.0194209 ] ] } },
{ "type": "Feature", "properties": { "full_id": "w1227562849", "osm_id": "1227562849", "osm_type": "way", "power": "line", "ref": null, "frequency": null, "circuits:design": null, "layer": null, "name": null, "wires": "single", "voltage": "110000", "circuits": "1", "cables": "3", "POI_CODE": 1 }, "geometry": { "type": "LineString", "coordinates": [ [ 55.9232426, 58.0195367 ], [ 55.9235637, 58.0195415 ] ] } },
{ "type": "Feature", "properties": { "full_id": "w1227562850", "osm_id": "1227562850", "osm_type": "way", "power": "line", "ref": null, "frequency": null, "circuits:design": null, "layer": null, "name": null, "wires": "single", "voltage": "110000", "circuits": "2", "cables": "6", "POI_CODE": 1 }, "geometry": { "type": "LineString", "coordinates": [ [ 55.9168783, 58.0333615 ], [ 55.9185795, 58.0314051 ], [ 55.9195998, 58.0301005 ], [ 55.923993, 58.0248052 ], [ 55.921461, 58.0233381 ], [ 55.9190489, 58.0219578 ], [ 55.9162683, 58.0203721 ], [ 55.914174, 58.0192245 ], [ 55.9122514, 58.0181502 ], [ 55.9117134, 58.0178404 ], [ 55.910194, 58.0185393 ] ] } },
{ "type": "Feature", "properties": { "full_id": "w1227562851", "osm_id": "1227562851", "osm_type": "way", "power": "line", "ref": null, "frequency": null, "circuits:design": null, "layer": null, "name": null, "wires": "single", "voltage": "110000", "circuits": "1", "cables": "3", "POI_CODE": 1 }, "geometry": { "type": "LineString", "coordinates": [ [ 55.9127978, 58.0383207 ], [ 55.9132998, 58.0371026 ], [ 55.9137646, 58.0359746 ], [ 55.9146171, 58.0349086 ], [ 55.9168783, 58.0333615 ] ] } },
{ "type": "Feature", "properties": { "full_id": "w1227562852", "osm_id": "1227562852", "osm_type": "way", "power": "line", "ref": null, "frequency": null, "circuits:design": null, "layer": null, "name": null, "wires": null, "voltage": "110000", "circuits": "1", "cables": "3", "POI_CODE": 1 }, "geometry": { "type": "LineString", "coordinates": [ [ 55.9127978, 58.0383207 ], [ 55.9136724, 58.0372313 ], [ 55.9146032, 58.0361053 ], [ 55.915444, 58.0351014 ], [ 55.9168783, 58.0333615 ] ] } },
{ "type": "Feature", "properties": { "full_id": "w1227562853", "osm_id": "1227562853", "osm_type": "way", "power": "line", "ref": null, "frequency": null, "circuits:design": null, "layer": null, "name": null, "wires": null, "voltage": "110000", "circuits": "1", "cables": "3", "POI_CODE": 1 }, "geometry": null },
{ "type": "Feature", "properties": { "full_id": "w1227562854", "osm_id": "1227562854", "osm_type": "way", "power": "line", "ref": null, "frequency": null, "circuits:design": null, "layer": "2", "name": null, "wires": null, "voltage": "110000", "circuits": "2", "cables": "6", "POI_CODE": 1 }, "geometry": null },
{ "type": "Feature", "properties": { "full_id": "w1227562855", "osm_id": "1227562855", "osm_type": "way", "power": "line", "ref": null, "frequency": null, "circuits:design": null, "layer": null, "name": null, "wires": null, "voltage": "110000", "circuits": "1", "cables": "3", "POI_CODE": 1 }, "geometry": null },
{ "type": "Feature", "properties": { "full_id": "w1227562856", "osm_id": "1227562856", "osm_type": "way", "power": "line", "ref": null, "frequency": null, "circuits:design": null, "layer": null, "name": null, "wires": "single", "voltage": "110000", "circuits": "1", "cables": "3", "POI_CODE": 1 }, "geometry": null },
{ "type": "Feature", "properties": { "full_id": "w1227562857", "osm_id": "1227562857", "osm_type": "way", "power": "line", "ref": null, "frequency": null, "circuits:design": null, "layer": null, "name": null, "wires": "single", "voltage": "110000", "circuits": "1", "cables": "3", "POI_CODE": 1 }, "geometry": null },
{ "type": "Feature", "properties": { "full_id": "w1227562858", "osm_id": "1227562858", "osm_type": "way", "power": "line", "ref": null, "frequency": null, "circuits:design": null, "layer": "2", "name": null, "wires": "single", "voltage": "110000", "circuits": "1", "cables": "3", "POI_CODE": 1 }, "geometry": null },
{ "type": "Feature", "properties": { "full_id": "w1227562859", "osm_id": "1227562859", "osm_type": "way", "power": "line", "ref": null, "frequency": null, "circuits:design": null, "layer": null, "name": null, "wires": "single", "voltage": "110000", "circuits": "1", "cables": "3", "POI_CODE": 1 }, "geometry": null },
{ "type": "Feature", "properties": { "full_id": "w1227562860", "osm_id": "1227562860", "osm_type": "way", "power": "line", "ref": null, "frequency": null, "circuits:design": null, "layer": null, "name": null, "wires": "single", "voltage": "110000", "circuits": "1", "cables": "3", "POI_CODE": 1 }, "geometry": null },
{ "type": "Feature", "properties": { "full_id": "w1227562862", "osm_id": "1227562862", "osm_type": "way", "power": "line", "ref": null, "frequency": null, "circuits:design": null, "layer": null, "name": null, "wires": "single", "voltage": "110000", "circuits": "1", "cables": "3", "POI_CODE": 1 }, "geometry": null },
{ "type": "Feature", "properties": { "full_id": "w1227562863", "osm_id": "1227562863", "osm_type": "way", "power": "line", "ref": null, "frequency": null, "circuits:design": null, "layer": null, "name": null, "wires": "single", "voltage": "110000", "circuits": "1", "cables": "3", "POI_CODE": 1 }, "geometry": null },
{ "type": "Feature", "properties": { "full_id": "w1227562864", "osm_id": "1227562864", "osm_type": "way", "power": "line", "ref": null, "frequency": null, "circuits:design": null, "layer": null, "name": null, "wires": "single", "voltage": "110000", "circuits": "1", "cables": "3", "POI_CODE": 1 }, "geometry": null },
{ "type": "Feature", "properties": { "full_id": "w1227562865", "osm_id": "1227562865", "osm_type": "way", "power": "line", "ref": null, "frequency": null, "circuits:design": null, "layer": null, "name": null, "wires": "single", "voltage": "110000", "circuits": "1", "cables": "3", "POI_CODE": 1 }, "geometry": null },
{ "type": "Feature", "properties": { "full_id": "w1227562866", "osm_id": "1227562866", "osm_type": "way", "power": "line", "ref": null, "frequency": null, "circuits:design": null, "layer": null, "name": null, "wires": "single", "voltage": "110000", "circuits": "1", "cables": "3", "POI_CODE": 1 }, "geometry": null },
{ "type": "Feature", "properties": { "full_id": "w1227562867", "osm_id": "1227562867", "osm_type": "way", "power": "line", "ref": null, "frequency": null, "circuits:design": null, "layer": null, "name": null, "wires": "single", "voltage": "110000", "circuits": "1", "cables": "3", "POI_CODE": 1 }, "geometry": null },
{ "type": "Feature", "properties": { "full_id": "w1227562868", "osm_id": "1227562868", "osm_type": "way", "power": "line", "ref": null, "frequency": null, "circuits:design": null, "layer": null, "name": null, "wires": "single", "voltage": "110000", "circuits": "1", "cables": "3", "POI_CODE": 1 }, "geometry": null },
{ "type": "Feature", "properties": { "full_id": "w1227562869", "osm_id": "1227562869", "osm_type": "way", "power": "line", "ref": null, "frequency": null, "circuits:design": null, "layer": null, "name": null, "wires": null, "voltage": "110000", "circuits": "2", "cables": "6", "POI_CODE": 1 }, "geometry": { "type": "LineString", "coordinates": [ [ 56.1196901, 58.0576004 ], [ 56.1193956, 58.0576906 ] ] } },
{ "type": "Feature", "properties": { "full_id": "w1227562870", "osm_id": "1227562870", "osm_type": "way", "power": "line", "ref": null, "frequency": null, "circuits:design": null, "layer": null, "name": null, "wires": "single", "voltage": "110000", "circuits": "2", "cables": "6", "POI_CODE": 1 }, "geometry": { "type": "LineString", "coordinates": [ [ 56.1191002, 58.0580151 ], [ 56.1187649, 58.0577448 ] ] } },
{ "type": "Feature", "properties": { "full_id": "w1227562871", "osm_id": "1227562871", "osm_type": "way", "power": "line", "ref": null, "frequency": null, "circuits:design": null, "layer": null, "name": null, "wires": null, "voltage": "110000", "circuits": "2", "cables": "6", "POI_CODE": 1 }, "geometry": { "type": "LineString", "coordinates": [ [ 56.1191002, 58.0580151 ], [ 56.1191176, 58.0577135 ] ] } },
{ "type": "Feature", "properties": { "full_id": "w1227562872", "osm_id": "1227562872", "osm_type": "way", "power": "line", "ref": null, "frequency": null, "circuits:design": null, "layer": null, "name": null, "wires": null, "voltage": "110000", "circuits": "2", "cables": "6", "POI_CODE": 1 }, "geometry": { "type": "LineString", "coordinates": [ [ 56.1196901, 58.0576004 ], [ 56.1194086, 58.0577433 ] ] } },
{ "type": "Feature", "properties": { "full_id": "w1227562873", "osm_id": "1227562873", "osm_type": "way", "power": "line", "ref": null, "frequency": null, "circuits:design": null, "layer": null, "name": null, "wires": null, "voltage": "110000", "circuits": "1", "cables": "3", "POI_CODE": 1 }, "geometry": { "type": "LineString", "coordinates": [ [ 56.1180853, 58.05732 ], [ 56.1177712, 58.0574458 ] ] } },
{ "type": "Feature", "properties": { "full_id": "w1227562874", "osm_id": "1227562874", "osm_type": "way", "power": "line", "ref": null, "frequency": null, "circuits:design": null, "layer": null, "name": null, "wires": null, "voltage": "110000", "circuits": "1", "cables": "3", "POI_CODE": 1 }, "geometry": { "type": "LineString", "coordinates": [ [ 56.1177712, 58.0574458 ], [ 56.1181292, 58.05749 ] ] } },
{ "type": "Feature", "properties": { "full_id": "w1227562875", "osm_id": "1227562875", "osm_type": "way", "power": "line", "ref": null, "frequency": null, "circuits:design": null, "layer": null, "name": null, "wires": null, "voltage": "110000", "circuits": "2", "cables": "6", "POI_CODE": 1 }, "geometry": { "type": "LineString", "coordinates": [ [ 56.1177712, 58.0574458 ], [ 56.1165593, 58.0561189 ], [ 56.1139291, 58.0563344 ], [ 56.0941242, 58.0577911 ], [ 56.0852171, 58.058595 ], [ 56.0830684, 58.058746 ], [ 56.0809714, 58.057923 ], [ 56.0786688, 58.0570236 ], [ 56.076054, 58.0559746 ], [ 56.0731604, 58.0548538 ], [ 56.0709689, 58.0539703 ], [ 56.0686441, 58.0530832 ], [ 56.0669545, 58.0523798 ], [ 56.0654318, 58.052215 ], [ 56.0646137, 58.0521015 ] ] } },
{ "type": "Feature", "properties": { "full_id": "w1227562877", "osm_id": "1227562877", "osm_type": "way", "power": "line", "ref": null, "frequency": null, "circuits:design": null, "layer": null, "name": null, "wires": "single", "voltage": "35000", "circuits": "1", "cables": "3", "POI_CODE": 1 }, "geometry": { "type": "LineString", "coordinates": [ [ 56.0524319, 58.0355854 ], [ 56.0530584, 58.035543 ] ] } },
{ "type": "Feature", "properties": { "full_id": "w1227562878", "osm_id": "1227562878", "osm_type": "way", "power": "line", "ref": null, "frequency": null, "circuits:design": null, "layer": null, "name": null, "wires": "single", "voltage": "35000", "circuits": "1", "cables": "3", "POI_CODE": 1 }, "geometry": { "type": "LineString", "coordinates": [ [ 56.0530584, 58.035543 ], [ 56.0524475, 58.0354596 ] ] } },
{ "type": "Feature", "properties": { "full_id": "w1227562880", "osm_id": "1227562880", "osm_type": "way", "power": "line", "ref": null, "frequency": null, "circuits:design": null, "layer": null, "name": null, "wires": null, "voltage": "110000", "circuits": "1", "cables": "3", "POI_CODE": 1 }, "geometry": { "type": "LineString", "coordinates": [ [ 55.9511913, 58.0255087 ], [ 55.9517235, 58.0253378 ] ] } },
{ "type": "Feature", "properties": { "full_id": "w1227562881", "osm_id": "1227562881", "osm_type": "way", "power": "line", "ref": null, "frequency": null, "circuits:design": null, "layer": null, "name": null, "wires": null, "voltage": "110000", "circuits": "1", "cables": "3", "POI_CODE": 1 }, "geometry": { "type": "LineString", "coordinates": [ [ 55.9511913, 58.0255087 ], [ 55.9514943, 58.0251646 ] ] } },
{ "type": "Feature", "properties": { "full_id": "w1227562882", "osm_id": "1227562882", "osm_type": "way", "power": "line", "ref": null, "frequency": null, "circuits:design": null, "layer": null, "name": null, "wires": "single", "voltage": "35000", "circuits": "1", "cables": "3", "POI_CODE": 1 }, "geometry": { "type": "LineString", "coordinates": [ [ 55.9519546, 58.0256008 ], [ 55.951663, 58.0258342 ] ] } },
{ "type": "Feature", "properties": { "full_id": "w1227562883", "osm_id": "1227562883", "osm_type": "way", "power": "line", "ref": null, "frequency": null, "circuits:design": null, "layer": null, "name": null, "wires": "single", "voltage": "35000", "circuits": "1", "cables": "3", "POI_CODE": 1 }, "geometry": { "type": "LineString", "coordinates": [ [ 55.951663, 58.0258342 ], [ 55.9521353, 58.0256859 ] ] } },
{ "type": "Feature", "properties": { "full_id": "w1227562890", "osm_id": "1227562890", "osm_type": "way", "power": "line", "ref": null, "frequency": null, "circuits:design": null, "layer": null, "name": null, "wires": null, "voltage": "110000", "circuits": "1", "cables": "3", "POI_CODE": 1 }, "geometry": null },
{ "type": "Feature", "properties": { "full_id": "w1227562891", "osm_id": "1227562891", "osm_type": "way", "power": "line", "ref": null, "frequency": null, "circuits:design": null, "layer": null, "name": null, "wires": null, "voltage": "110000", "circuits": "1", "cables": "3", "POI_CODE": 1 }, "geometry": null },
{ "type": "Feature", "properties": { "full_id": "w1227562892", "osm_id": "1227562892", "osm_type": "way", "power": "line", "ref": null, "frequency": null, "circuits:design": null, "layer": null, "name": null, "wires": null, "voltage": "110000", "circuits": "1", "cables": "3", "POI_CODE": 1 }, "geometry": { "type": "LineString", "coordinates": [ [ 56.174707, 57.8896625 ], [ 56.1743746, 57.8898346 ] ] } },
{ "type": "Feature", "properties": { "full_id": "w1227562893", "osm_id": "1227562893", "osm_type": "way", "power": "line", "ref": null, "frequency": null, "circuits:design": null, "layer": null, "name": null, "wires": null, "voltage": "110000", "circuits": "1", "cables": "3", "POI_CODE": 1 }, "geometry": { "type": "LineString", "coordinates": [ [ 56.174414, 57.8895313 ], [ 56.1741627, 57.8897318 ] ] } },
{ "type": "Feature", "properties": { "full_id": "w1227562894", "osm_id": "1227562894", "osm_type": "way", "power": "line", "ref": null, "frequency": null, "circuits:design": null, "layer": null, "name": null, "wires": null, "voltage": "110000", "circuits": "1", "cables": "3", "POI_CODE": 1 }, "geometry": { "type": "LineString", "coordinates": [ [ 56.1738727, 57.8895836 ], [ 56.1740608, 57.8893731 ] ] } },
{ "type": "Feature", "properties": { "full_id": "w1227562895", "osm_id": "1227562895", "osm_type": "way", "power": "line", "ref": null, "frequency": null, "circuits:design": null, "layer": null, "name": null, "wires": null, "voltage": "110000", "circuits": "1", "cables": "3", "POI_CODE": 1 }, "geometry": { "type": "LineString", "coordinates": [ [ 56.1735433, 57.8894296 ], [ 56.1737298, 57.8892249 ] ] } },
{ "type": "Feature", "properties": { "full_id": "w1227562896", "osm_id": "1227562896", "osm_type": "way", "power": "line", "ref": null, "frequency": null, "circuits:design": null, "layer": "2", "name": null, "wires": null, "voltage": "110000", "circuits": "1", "cables": "3", "POI_CODE": 1 }, "geometry": { "type": "LineString", "coordinates": [ [ 56.1731731, 57.8892857 ], [ 56.1733758, 57.8890664 ] ] } },
{ "type": "Feature", "properties": { "full_id": "w1227562897", "osm_id": "1227562897", "osm_type": "way", "power": "line", "ref": null, "frequency": null, "circuits:design": null, "layer": null, "name": null, "wires": null, "voltage": "110000", "circuits": "1", "cables": "3", "POI_CODE": 1 }, "geometry": { "type": "LineString", "coordinates": [ [ 56.1749231, 57.8897592 ], [ 56.174701, 57.889882 ], [ 56.1749402, 57.8899946 ], [ 56.1753463, 57.8901764 ] ] } },
{ "type": "Feature", "properties": { "full_id": "w1227562898", "osm_id": "1227562898", "osm_type": "way", "power": "line", "ref": null, "frequency": null, "circuits:design": null, "layer": null, "name": null, "wires": null, "voltage": "110000", "circuits": "1", "cables": "3", "POI_CODE": 1 }, "geometry": { "type": "LineString", "coordinates": [ [ 56.1760286, 57.8897459 ], [ 56.1756225, 57.8895641 ], [ 56.1754909, 57.889532 ], [ 56.1750323, 57.8898081 ] ] } },
{ "type": "Feature", "properties": { "full_id": "w1227562899", "osm_id": "1227562899", "osm_type": "way", "power": "line", "ref": null, "frequency": null, "circuits:design": null, "layer": null, "name": null, "wires": null, "voltage": "110000", "circuits": "1", "cables": "3", "POI_CODE": 1 }, "geometry": { "type": "LineString", "coordinates": [ [ 56.1743746, 57.8898346 ], [ 56.1748259, 57.8897157 ] ] } },
{ "type": "Feature", "properties": { "full_id": "w1227562900", "osm_id": "1227562900", "osm_type": "way", "power": "line", "ref": null, "frequency": null, "circuits:design": null, "layer": null, "name": null, "wires": null, "voltage": "110000", "circuits": "1", "cables": "3", "POI_CODE": 1 }, "geometry": { "type": "LineString", "coordinates": [ [ 56.1741627, 57.8897318 ], [ 56.1745375, 57.8895865 ] ] } },
{ "type": "Feature", "properties": { "full_id": "w1227562901", "osm_id": "1227562901", "osm_type": "way", "power": "line", "ref": null, "frequency": null, "circuits:design": null, "layer": null, "name": null, "wires": null, "voltage": "110000", "circuits": "1", "cables": "3", "POI_CODE": 1 }, "geometry": { "type": "LineString", "coordinates": [ [ 56.1738727, 57.8895836 ], [ 56.174176, 57.8894247 ] ] } },
{ "type": "Feature", "properties": { "full_id": "w1227562902", "osm_id": "1227562902", "osm_type": "way", "power": "line", "ref": null, "frequency": null, "circuits:design": null, "layer": null, "name": null, "wires": null, "voltage": "110000", "circuits": "1", "cables": "3", "POI_CODE": 1 }, "geometry": { "type": "LineString", "coordinates": [ [ 56.1735433, 57.8894296 ], [ 56.1738438, 57.8892759 ] ] } },
{ "type": "Feature", "properties": { "full_id": "w1227562903", "osm_id": "1227562903", "osm_type": "way", "power": "line", "ref": null, "frequency": null, "circuits:design": null, "layer": null, "name": null, "wires": null, "voltage": "110000", "circuits": "1", "cables": "3", "POI_CODE": 1 }, "geometry": { "type": "LineString", "coordinates": [ [ 56.1731731, 57.8892857 ], [ 56.1734966, 57.8891205 ] ] } },
{ "type": "Feature", "properties": { "full_id": "w1227562904", "osm_id": "1227562904", "osm_type": "way", "power": "line", "ref": null, "frequency": null, "circuits:design": null, "layer": null, "name": null, "wires": null, "voltage": "110000", "circuits": "1", "cables": "3", "POI_CODE": 1 }, "geometry": { "type": "LineString", "coordinates": [ [ 56.1730321, 57.8889125 ], [ 56.1735016, 57.8886049 ], [ 56.1740966, 57.8882677 ] ] } },
{ "type": "Feature", "properties": { "full_id": "w1227562905", "osm_id": "1227562905", "osm_type": "way", "power": "line", "ref": null, "frequency": null, "circuits:design": null, "layer": null, "name": null, "wires": null, "voltage": "110000", "circuits": "1", "cables": "3", "POI_CODE": 1 }, "geometry": { "type": "LineString", "coordinates": [ [ 56.1731398, 57.8889607 ], [ 56.1736336, 57.8886641 ], [ 56.1740966, 57.8882677 ] ] } },
{ "type": "Feature", "properties": { "full_id": "w1227562906", "osm_id": "1227562906", "osm_type": "way", "power": "line", "ref": null, "frequency": null, "circuits:design": null, "layer": "2", "name": null, "wires": null, "voltage": "110000", "circuits": "1", "cables": "3", "POI_CODE": 1 }, "geometry": null },
{ "type": "Feature", "properties": { "full_id": "w1227562907", "osm_id": "1227562907", "osm_type": "way", "power": "line", "ref": null, "frequency": null, "circuits:design": null, "layer": null, "name": null, "wires": null, "voltage": "110000", "circuits": "1", "cables": "3", "POI_CODE": 1 }, "geometry": { "type": "LineString", "coordinates": [ [ 56.178137, 57.8789988 ], [ 56.1770319, 57.8780492 ] ] } },
{ "type": "Feature", "properties": { "full_id": "w1227562908", "osm_id": "1227562908", "osm_type": "way", "power": "line", "ref": null, "frequency": null, "circuits:design": null, "layer": null, "name": null, "wires": null, "voltage": "110000;35000", "circuits": "2", "cables": "6", "POI_CODE": 1 }, "geometry": { "type": "LineString", "coordinates": [ [ 56.1436289, 57.9224631 ], [ 56.1418422, 57.9235335 ], [ 56.1429579, 57.9240416 ] ] } },
{ "type": "Feature", "properties": { "full_id": "w1227562911", "osm_id": "1227562911", "osm_type": "way", "power": "line", "ref": null, "frequency": null, "circuits:design": null, "layer": null, "name": null, "wires": null, "voltage": "110000", "circuits": "2", "cables": "6", "POI_CODE": 1 }, "geometry": { "type": "LineString", "coordinates": [ [ 56.1447083, 57.9222439 ], [ 56.1454411, 57.9225829 ] ] } },
{ "type": "Feature", "properties": { "full_id": "w1227562912", "osm_id": "1227562912", "osm_type": "way", "power": "line", "ref": null, "frequency": null, "circuits:design": null, "layer": null, "name": null, "wires": null, "voltage": "110000", "circuits": "1", "cables": "3", "POI_CODE": 1 }, "geometry": { "type": "LineString", "coordinates": [ ] } },
{ "type": "Feature", "properties": { "full_id": "w1227562913", "osm_id": "1227562913", "osm_type": "way", "power": "line", "ref": null, "frequency": null, "circuits:design": null, "layer": null, "name": null, "wires": null, "voltage": "110000", "circuits": "1", "cables": "3", "POI_CODE": 1 }, "geometry": { "type": "LineString", "coordinates": [ ] } },
{ "type": "Feature", "properties": { "full_id": "w1227562914", "osm_id": "1227562914", "osm_type": "way", "power": "line", "ref": null, "frequency": null, "circuits:design": null, "layer": null, "name": null, "wires": null, "voltage": "110000", "circuits": "1", "cables": "3", "POI_CODE": 1 }, "geometry": { "type": "LineString", "coordinates": [ ] } },
{ "type": "Feature", "properties": { "full_id": "w1227562915", "osm_id": "1227562915", "osm_type": "way", "power": "line", "ref": null, "frequency": null, "circuits:design": null, "layer": null, "name": null, "wires": null, "voltage": "110000", "circuits": "1", "cables": "3", "POI_CODE": 1 }, "geometry": { "type": "LineString", "coordinates": [ [ 56.0145325, 57.9216998 ], [ 56.0146658, 57.9216897 ] ] } },
{ "type": "Feature", "properties": { "full_id": "w1227562916", "osm_id": "1227562916", "osm_type": "way", "power": "line", "ref": null, "frequency": null, "circuits:design": null, "layer": null, "name": null, "wires": null, "voltage": "110000", "circuits": "1", "cables": "3", "POI_CODE": 1 }, "geometry": { "type": "LineString", "coordinates": [ [ 56.0145325, 57.9216998 ], [ 56.0145316, 57.921616 ] ] } },
{ "type": "Feature", "properties": { "full_id": "w1227562917", "osm_id": "1227562917", "osm_type": "way", "power": "line", "ref": null, "frequency": null, "circuits:design": null, "layer": null, "name": null, "wires": null, "voltage": "110000", "circuits": "1", "cables": "3", "POI_CODE": 1 }, "geometry": { "type": "LineString", "coordinates": [ [ 55.982286, 57.9349921 ], [ 55.9824564, 57.9353371 ], [ 55.9831202, 57.9360472 ], [ 55.9853338, 57.936211 ] ] } },
{ "type": "Feature", "properties": { "full_id": "w1227562918", "osm_id": "1227562918", "osm_type": "way", "power": "line", "ref": null, "frequency": null, "circuits:design": null, "layer": null, "name": null, "wires": null, "voltage": "110000", "circuits": "1", "cables": "3", "POI_CODE": 1 }, "geometry": { "type": "LineString", "coordinates": [ [ 55.9853338, 57.936211 ], [ 55.9829003, 57.9361241 ], [ 55.9822713, 57.935367 ], [ 55.9820983, 57.9350064 ] ] } },
{ "type": "Feature", "properties": { "full_id": "w1227562919", "osm_id": "1227562919", "osm_type": "way", "power": "line", "ref": null, "frequency": null, "circuits:design": null, "layer": null, "name": null, "wires": null, "voltage": "110000", "circuits": "1", "cables": "3", "POI_CODE": 1 }, "geometry": { "type": "LineString", "coordinates": [ [ 55.9815648, 57.9355066 ], [ 55.9815953, 57.935262 ] ] } },
{ "type": "Feature", "properties": { "full_id": "w1227562920", "osm_id": "1227562920", "osm_type": "way", "power": "line", "ref": null, "frequency": null, "circuits:design": null, "layer": null, "name": null, "wires": null, "voltage": "110000", "circuits": "1", "cables": "3", "POI_CODE": 1 }, "geometry": { "type": "LineString", "coordinates": [ [ 55.9815648, 57.9355066 ], [ 55.9813151, 57.9352926 ] ] } },
{ "type": "Feature", "properties": { "full_id": "w1227562921", "osm_id": "1227562921", "osm_type": "way", "power": "line", "ref": null, "frequency": null, "circuits:design": null, "layer": null, "name": null, "wires": null, "voltage": "110000", "circuits": "1", "cables": "3", "POI_CODE": 1 }, "geometry": null },
{ "type": "Feature", "properties": { "full_id": "w1227562924", "osm_id": "1227562924", "osm_type": "way", "power": "line", "ref": null, "frequency": null, "circuits:design": null, "layer": null, "name": null, "wires": null, "voltage": "110000", "circuits": "1", "cables": "3", "POI_CODE": 1 }, "geometry": { "type": "LineString", "coordinates": [ [ 56.2768596, 57.8978396 ], [ 56.2767135, 57.8977868 ] ] } },
{ "type": "Feature", "properties": { "full_id": "w1227562925", "osm_id": "1227562925", "osm_type": "way", "power": "line", "ref": null, "frequency": null, "circuits:design": null, "layer": null, "name": null, "wires": null, "voltage": "110000", "circuits": "1", "cables": "3", "POI_CODE": 1 }, "geometry": { "type": "LineString", "coordinates": [ [ 56.2768596, 57.8978396 ], [ 56.2769495, 57.8977726 ] ] } },
{ "type": "Feature", "properties": { "full_id": "w1227562926", "osm_id": "1227562926", "osm_type": "way", "power": "line", "ref": null, "frequency": null, "circuits:design": null, "layer": null, "name": null, "wires": null, "voltage": "110000", "circuits": "2", "cables": "6", "POI_CODE": 1 }, "geometry": { "type": "LineString", "coordinates": [ [ 56.2886614, 57.9241543 ], [ 56.2882993, 57.922824 ], [ 56.2880165, 57.9218443 ], [ 56.2879506, 57.921616 ], [ 56.2876582, 57.9206908 ], [ 56.2873927, 57.9197428 ], [ 56.2871727, 57.918985 ], [ 56.2866953, 57.9175775 ], [ 56.2862688, 57.9163067 ], [ 56.2860328, 57.9155943 ], [ 56.2850779, 57.9141568 ], [ 56.2840238, 57.9126351 ], [ 56.2840357, 57.9125203 ], [ 56.2830609, 57.9112387 ], [ 56.2818915, 57.9095901 ] ] } },
{ "type": "Feature", "properties": { "full_id": "w1227562927", "osm_id": "1227562927", "osm_type": "way", "power": "line", "ref": null, "frequency": null, "circuits:design": null, "layer": null, "name": null, "wires": null, "voltage": "220000", "circuits": "1", "cables": "3", "POI_CODE": 1 }, "geometry": { "type": "LineString", "coordinates": [ [ 56.301829, 57.9264125 ], [ 56.3023149, 57.926465 ] ] } },
{ "type": "Feature", "properties": { "full_id": "w1227562928", "osm_id": "1227562928", "osm_type": "way", "power": "line", "ref": null, "frequency": null, "circuits:design": null, "layer": null, "name": null, "wires": null, "voltage": "220000", "circuits": "1", "cables": "3", "POI_CODE": 1 }, "geometry": { "type": "LineString", "coordinates": [ [ 56.301726, 57.9266847 ], [ 56.3022124, 57.9267358 ] ] } },
{ "type": "Feature", "properties": { "full_id": "w1227562929", "osm_id": "1227562929", "osm_type": "way", "power": "line", "ref": null, "frequency": null, "circuits:design": null, "layer": null, "name": null, "wires": null, "voltage": "110000", "circuits": "2", "cables": "6", "POI_CODE": 1 }, "geometry": { "type": "LineString", "coordinates": [ [ 56.301202, 57.9281139 ], [ 56.301088, 57.927547 ], [ 56.3012785, 57.9269702 ] ] } },
{ "type": "Feature", "properties": { "full_id": "w1227562930", "osm_id": "1227562930", "osm_type": "way", "power": "line", "ref": null, "frequency": null, "circuits:design": null, "layer": null, "name": null, "wires": null, "voltage": "110000", "circuits": "2", "cables": "6", "POI_CODE": 1 }, "geometry": { "type": "LineString", "coordinates": [ [ 56.3012785, 57.9269702 ], [ 56.3012436, 57.9267024 ], [ 56.3013589, 57.926409 ], [ 56.3016781, 57.9263969 ], [ 56.301829, 57.9264125 ] ] } },
{ "type": "Feature", "properties": { "full_id": "w1227562931", "osm_id": "1227562931", "osm_type": "way", "power": "line", "ref": null, "frequency": null, "circuits:design": null, "layer": null, "name": null, "wires": null, "voltage": "110000", "circuits": "2", "cables": "6", "POI_CODE": 1 }, "geometry": { "type": "LineString", "coordinates": [ [ 56.3012785, 57.9269702 ], [ 56.3013844, 57.9267224 ], [ 56.3015574, 57.9266683 ], [ 56.301726, 57.9266847 ] ] } },
{ "type": "Feature", "properties": { "full_id": "w1227562932", "osm_id": "1227562932", "osm_type": "way", "power": "line", "ref": null, "frequency": null, "circuits:design": null, "layer": null, "name": null, "wires": null, "voltage": "110000", "circuits": "2", "cables": "6", "POI_CODE": 1 }, "geometry": { "type": "LineString", "coordinates": [ [ 56.3017031, 57.9282967 ], [ 56.301202, 57.9281139 ] ] } },
{ "type": "Feature", "properties": { "full_id": "w1227562933", "osm_id": "1227562933", "osm_type": "way", "power": "line", "ref": null, "frequency": null, "circuits:design": null, "layer": null, "name": null, "wires": null, "voltage": "110000", "circuits": "2", "cables": "6", "POI_CODE": 1 }, "geometry": { "type": "LineString", "coordinates": [ [ 56.301763, 57.9281383 ], [ 56.301202, 57.9281139 ] ] } },
{ "type": "Feature", "properties": { "full_id": "w1227562934", "osm_id": "1227562934", "osm_type": "way", "power": "line", "ref": null, "frequency": null, "circuits:design": null, "layer": null, "name": null, "wires": "single", "voltage": "110000", "circuits": "1", "cables": "3", "POI_CODE": 1 }, "geometry": { "type": "LineString", "coordinates": [ [ 56.302641, 57.9278651 ], [ 56.3034524, 57.9280003 ] ] } },
{ "type": "Feature", "properties": { "full_id": "w1227562935", "osm_id": "1227562935", "osm_type": "way", "power": "line", "ref": null, "frequency": null, "circuits:design": null, "layer": null, "name": null, "wires": "single", "voltage": "110000", "circuits": "1", "cables": "3", "POI_CODE": 1 }, "geometry": { "type": "LineString", "coordinates": [ [ 56.3025473, 57.9281057 ], [ 56.3034051, 57.9281452 ] ] } },
{ "type": "Feature", "properties": { "full_id": "w1227562936", "osm_id": "1227562936", "osm_type": "way", "power": "line", "ref": null, "frequency": null, "circuits:design": null, "layer": null, "name": null, "wires": null, "voltage": "110000", "circuits": "1", "cables": "3", "POI_CODE": 1 }, "geometry": { "type": "LineString", "coordinates": [ [ 56.3034524, 57.9280003 ], [ 56.3026114, 57.9279404 ] ] } },
{ "type": "Feature", "properties": { "full_id": "w1227562937", "osm_id": "1227562937", "osm_type": "way", "power": "line", "ref": null, "frequency": null, "circuits:design": null, "layer": null, "name": null, "wires": "single", "voltage": "110000", "circuits": "1", "cables": "3", "POI_CODE": 1 }, "geometry": { "type": "LineString", "coordinates": [ [ 56.3083395, 57.9198741 ], [ 56.308747, 57.9194381 ] ] } },
{ "type": "Feature", "properties": { "full_id": "w1227562938", "osm_id": "1227562938", "osm_type": "way", "power": "line", "ref": null, "frequency": null, "circuits:design": null, "layer": null, "name": null, "wires": "single", "voltage": "110000", "circuits": "1", "cables": "3", "POI_CODE": 1 }, "geometry": { "type": "LineString", "coordinates": [ [ 56.3076101, 57.9197829 ], [ 56.3078508, 57.9192728 ] ] } },
{ "type": "Feature", "properties": { "full_id": "w1227562939", "osm_id": "1227562939", "osm_type": "way", "power": "line", "ref": null, "frequency": null, "circuits:design": null, "layer": null, "name": null, "wires": "single", "voltage": "110000", "circuits": "1", "cables": "3", "POI_CODE": 1 }, "geometry": { "type": "LineString", "coordinates": [ [ 56.3067947, 57.9196064 ], [ 56.3072121, 57.919155 ] ] } },
{ "type": "Feature", "properties": { "full_id": "w1227562940", "osm_id": "1227562940", "osm_type": "way", "power": "line", "ref": null, "frequency": null, "circuits:design": null, "layer": null, "name": null, "wires": "single", "voltage": "110000", "circuits": "1", "cables": "3", "POI_CODE": 1 }, "geometry": { "type": "LineString", "coordinates": [ [ 56.3066552, 57.9190522 ], [ 56.306387, 57.919555 ] ] } },
{ "type": "Feature", "properties": { "full_id": "w1227562941", "osm_id": "1227562941", "osm_type": "way", "power": "line", "ref": null, "frequency": null, "circuits:design": null, "layer": null, "name": null, "wires": null, "voltage": "220000", "circuits": "1", "cables": "3", "POI_CODE": 1 }, "geometry": { "type": "LineString", "coordinates": [ [ 56.3094769, 57.9173498 ], [ 56.3090582, 57.9177104 ] ] } },
{ "type": "Feature", "properties": { "full_id": "w1227562942", "osm_id": "1227562942", "osm_type": "way", "power": "line", "ref": null, "frequency": null, "circuits:design": null, "layer": null, "name": null, "wires": null, "voltage": "220000", "circuits": "1", "cables": "3", "POI_CODE": 1 }, "geometry": { "type": "LineString", "coordinates": [ [ 56.3089726, 57.917139 ], [ 56.308497, 57.9176069 ] ] } },
{ "type": "Feature", "properties": { "full_id": "w1227562943", "osm_id": "1227562943", "osm_type": "way", "power": "line", "ref": null, "frequency": null, "circuits:design": null, "layer": null, "name": "Владимирская - Ирень 220кВ", "wires": null, "voltage": "220000", "circuits": null, "cables": "3", "POI_CODE": 1 }, "geometry": { "type": "LineString", "coordinates": [ [ 56.309257, 57.9181793 ], [ 56.3091484, 57.9183454 ], [ 56.3089189, 57.9186964 ] ] } },
{ "type": "Feature", "properties": { "full_id": "w1227562944", "osm_id": "1227562944", "osm_type": "way", "power": "line", "ref": null, "frequency": null, "circuits:design": null, "layer": null, "name": null, "wires": "single", "voltage": "110000", "circuits": "1", "cables": "3", "POI_CODE": 1 }, "geometry": { "type": "LineString", "coordinates": [ [ 56.3073905, 57.9184144 ], [ 56.3072466, 57.9186345 ], [ 56.307094, 57.9188679 ] ] } },
{ "type": "Feature", "properties": { "full_id": "w1227562945", "osm_id": "1227562945", "osm_type": "way", "power": "line", "ref": null, "frequency": null, "circuits:design": null, "layer": null, "name": null, "wires": "single", "voltage": "110000", "circuits": "1", "cables": "3", "POI_CODE": 1 }, "geometry": { "type": "LineString", "coordinates": [ [ 56.3089189, 57.9186964 ], [ 56.3087716, 57.9189216 ], [ 56.3086223, 57.9191499 ] ] } },
{ "type": "Feature", "properties": { "full_id": "w1227562946", "osm_id": "1227562946", "osm_type": "way", "power": "line", "ref": null, "frequency": null, "circuits:design": null, "layer": null, "name": "Владимирская - Ирень 220кВ", "wires": null, "voltage": "220000", "circuits": null, "cables": "3", "POI_CODE": 1 }, "geometry": { "type": "LineString", "coordinates": [ [ 56.3077286, 57.9178974 ], [ 56.3076198, 57.9180638 ], [ 56.3073905, 57.9184144 ] ] } },
{ "type": "Feature", "properties": { "full_id": "w1227562947", "osm_id": "1227562947", "osm_type": "way", "power": "line", "ref": null, "frequency": null, "circuits:design": null, "layer": null, "name": null, "wires": "single", "voltage": "110000", "circuits": "1", "cables": "3", "POI_CODE": 1 }, "geometry": { "type": "LineString", "coordinates": [ [ 56.3083395, 57.9198741 ], [ 56.3089028, 57.9194669 ] ] } },
{ "type": "Feature", "properties": { "full_id": "w1227562948", "osm_id": "1227562948", "osm_type": "way", "power": "line", "ref": null, "frequency": null, "circuits:design": null, "layer": null, "name": null, "wires": "single", "voltage": "110000", "circuits": "1", "cables": "3", "POI_CODE": 1 }, "geometry": { "type": "LineString", "coordinates": [ [ 56.3076101, 57.9197829 ], [ 56.3079845, 57.9192975 ] ] } },
{ "type": "Feature", "properties": { "full_id": "w1227562949", "osm_id": "1227562949", "osm_type": "way", "power": "line", "ref": null, "frequency": null, "circuits:design": null, "layer": null, "name": null, "wires": "single", "voltage": "110000", "circuits": "1", "cables": "3", "POI_CODE": 1 }, "geometry": { "type": "LineString", "coordinates": [ [ 56.3071702, 57.9197089 ], [ 56.3076873, 57.9192426 ] ] } },
{ "type": "Feature", "properties": { "full_id": "w1227562950", "osm_id": "1227562950", "osm_type": "way", "power": "line", "ref": null, "frequency": null, "circuits:design": null, "layer": null, "name": null, "wires": "single", "voltage": "110000", "circuits": "1", "cables": "3", "POI_CODE": 1 }, "geometry": { "type": "LineString", "coordinates": [ [ 56.3067947, 57.9196064 ], [ 56.307369, 57.9191839 ] ] } },
{ "type": "Feature", "properties": { "full_id": "w1227562951", "osm_id": "1227562951", "osm_type": "way", "power": "line", "ref": null, "frequency": null, "circuits:design": null, "layer": null, "name": null, "wires": "single", "voltage": "110000", "circuits": "1", "cables": "3", "POI_CODE": 1 }, "geometry": { "type": "LineString", "coordinates": [ [ 56.306387, 57.919555 ], [ 56.3068074, 57.9190803 ] ] } },
{ "type": "Feature", "properties": { "full_id": "w1227562952", "osm_id": "1227562952", "osm_type": "way", "power": "line", "ref": null, "frequency": null, "circuits:design": null, "layer": null, "name": null, "wires": null, "voltage": "220000", "circuits": "1", "cables": "3", "POI_CODE": 1 }, "geometry": { "type": "LineString", "coordinates": [ [ 56.3094769, 57.9173498 ], [ 56.3092955, 57.9177542 ] ] } },
{ "type": "Feature", "properties": { "full_id": "w1227562953", "osm_id": "1227562953", "osm_type": "way", "power": "line", "ref": null, "frequency": null, "circuits:design": null, "layer": null, "name": null, "wires": null, "voltage": "220000", "circuits": "1", "cables": "3", "POI_CODE": 1 }, "geometry": { "type": "LineString", "coordinates": [ [ 56.3089726, 57.917139 ], [ 56.3087979, 57.9176624 ] ] } },
{ "type": "Feature", "properties": { "full_id": "w1227562954", "osm_id": "1227562954", "osm_type": "way", "power": "line", "ref": null, "frequency": null, "circuits:design": null, "layer": null, "name": null, "wires": null, "voltage": "110000", "circuits": "1", "cables": "3", "POI_CODE": 1 }, "geometry": { "type": "LineString", "coordinates": [ [ 56.3034051, 57.9281452 ], [ 56.302574, 57.9280353 ] ] } },
{ "type": "Feature", "properties": { "full_id": "w1227562955", "osm_id": "1227562955", "osm_type": "way", "power": "line", "ref": null, "frequency": null, "circuits:design": null, "layer": null, "name": null, "wires": null, "voltage": "110000", "circuits": "1", "cables": "3", "POI_CODE": 1 }, "geometry": { "type": "LineString", "coordinates": [ [ 56.309522, 57.9193158 ], [ 56.3098347, 57.9187599 ] ] } },
{ "type": "Feature", "properties": { "full_id": "w1227562956", "osm_id": "1227562956", "osm_type": "way", "power": "line", "ref": null, "frequency": null, "circuits:design": null, "layer": null, "name": null, "wires": null, "voltage": "110000", "circuits": "1", "cables": "3", "POI_CODE": 1 }, "geometry": { "type": "LineString", "coordinates": [ [ 56.3097993, 57.919367 ], [ 56.3101888, 57.9188283 ] ] } },
{ "type": "Feature", "properties": { "full_id": "w1227562957", "osm_id": "1227562957", "osm_type": "way", "power": "line", "ref": null, "frequency": null, "circuits:design": null, "layer": null, "name": null, "wires": null, "voltage": "110000", "circuits": "1", "cables": "3", "POI_CODE": 1 }, "geometry": { "type": "LineString", "coordinates": [ [ 56.3098347, 57.9187599 ], [ 56.3093677, 57.9192874 ] ] } },
{ "type": "Feature", "properties": { "full_id": "w1227562958", "osm_id": "1227562958", "osm_type": "way", "power": "line", "ref": null, "frequency": null, "circuits:design": null, "layer": null, "name": null, "wires": null, "voltage": "110000", "circuits": "1", "cables": "3", "POI_CODE": 1 }, "geometry": { "type": "LineString", "coordinates": [ [ 56.3101888, 57.9188283 ], [ 56.3096679, 57.9193427 ] ] } },
{ "type": "Feature", "properties": { "full_id": "w1227562959", "osm_id": "1227562959", "osm_type": "way", "power": "line", "ref": null, "frequency": null, "circuits:design": null, "layer": null, "name": null, "wires": null, "voltage": "110000", "circuits": "1", "cables": "3", "POI_CODE": 1 }, "geometry": { "type": "LineString", "coordinates": [ [ 56.3161502, 57.9152013 ], [ 56.3174006, 57.915266 ] ] } },
{ "type": "Feature", "properties": { "full_id": "w1227562960", "osm_id": "1227562960", "osm_type": "way", "power": "line", "ref": null, "frequency": null, "circuits:design": null, "layer": null, "name": null, "wires": null, "voltage": "110000", "circuits": "2", "cables": "6", "POI_CODE": 1 }, "geometry": { "type": "LineString", "coordinates": [ [ 56.3101888, 57.9188283 ], [ 56.3119997, 57.9177153 ], [ 56.3140546, 57.9164524 ], [ 56.3161502, 57.9152013 ] ] } },
{ "type": "Feature", "properties": { "full_id": "w1227562961", "osm_id": "1227562961", "osm_type": "way", "power": "line", "ref": null, "frequency": null, "circuits:design": null, "layer": null, "name": null, "wires": null, "voltage": "110000", "circuits": "1", "cables": "3", "POI_CODE": 1 }, "geometry": { "type": "LineString", "coordinates": [ [ 56.316, 57.9149677 ], [ 56.3172718, 57.915018 ] ] } },
{ "type": "Feature", "properties": { "full_id": "w1227562962", "osm_id": "1227562962", "osm_type": "way", "power": "line", "ref": null, "frequency": null, "circuits:design": null, "layer": null, "name": null, "wires": null, "voltage": "110000", "circuits": "2", "cables": "6", "POI_CODE": 1 }, "geometry": { "type": "LineString", "coordinates": [ [ 56.3098347, 57.9187599 ], [ 56.3118666, 57.9175045 ], [ 56.3139277, 57.9162309 ], [ 56.316, 57.9149677 ] ] } },
{ "type": "Feature", "properties": { "full_id": "w1227562963", "osm_id": "1227562963", "osm_type": "way", "power": "line", "ref": null, "frequency": null, "circuits:design": null, "layer": null, "name": null, "wires": null, "voltage": "110000", "circuits": "1", "cables": "3", "POI_CODE": 1 }, "geometry": { "type": "LineString", "coordinates": [ [ 56.3161502, 57.9152013 ], [ 56.3169211, 57.9155601 ], [ 56.3174006, 57.915266 ] ] } },
{ "type": "Feature", "properties": { "full_id": "w1227562964", "osm_id": "1227562964", "osm_type": "way", "power": "line", "ref": null, "frequency": null, "circuits:design": null, "layer": null, "name": null, "wires": null, "voltage": "110000", "circuits": "1", "cables": "3", "POI_CODE": 1 }, "geometry": { "type": "LineString", "coordinates": [ [ 56.316, 57.9149677 ], [ 56.3168862, 57.9147694 ], [ 56.3172718, 57.915018 ] ] } },
{ "type": "Feature", "properties": { "full_id": "w1227562965", "osm_id": "1227562965", "osm_type": "way", "power": "line", "ref": null, "frequency": null, "circuits:design": null, "layer": null, "name": null, "wires": "single", "voltage": "110000", "circuits": "2", "cables": "6", "POI_CODE": 1 }, "geometry": { "type": "LineString", "coordinates": [ [ 56.340664, 57.9301974 ], [ 56.3450548, 57.9302928 ], [ 56.3499954, 57.9303954 ], [ 56.3537559, 57.9304737 ], [ 56.3583049, 57.9305734 ], [ 56.3617405, 57.9306676 ] ] } },
{ "type": "Feature", "properties": { "full_id": "w1227562966", "osm_id": "1227562966", "osm_type": "way", "power": "line", "ref": null, "frequency": null, "circuits:design": null, "layer": null, "name": null, "wires": "single", "voltage": "110000", "circuits": "1", "cables": "3", "POI_CODE": 1 }, "geometry": { "type": "LineString", "coordinates": [ [ 56.3355678, 57.9300066 ], [ 56.3370913, 57.9301405 ], [ 56.340664, 57.9301974 ] ] } },
{ "type": "Feature", "properties": { "full_id": "w1227562967", "osm_id": "1227562967", "osm_type": "way", "power": "line", "ref": null, "frequency": null, "circuits:design": null, "layer": null, "name": null, "wires": null, "voltage": "110000", "circuits": "1", "cables": "3", "POI_CODE": 1 }, "geometry": { "type": "LineString", "coordinates": [ [ 56.3355678, 57.9300066 ], [ 56.3366836, 57.9292632 ], [ 56.338411, 57.929323 ], [ 56.340664, 57.9301974 ] ] } },
{ "type": "Feature", "properties": { "full_id": "w1227562968", "osm_id": "1227562968", "osm_type": "way", "power": "line", "ref": null, "frequency": null, "circuits:design": null, "layer": null, "name": null, "wires": null, "voltage": "220000", "circuits": "1", "cables": "3", "POI_CODE": 1 }, "geometry": { "type": "LineString", "coordinates": [ [ 56.3036836, 57.9263264 ], [ 56.3045894, 57.9264904 ] ] } },
{ "type": "Feature", "properties": { "full_id": "w1227562969", "osm_id": "1227562969", "osm_type": "way", "power": "line", "ref": null, "frequency": null, "circuits:design": null, "layer": null, "name": null, "wires": null, "voltage": "220000", "circuits": "1", "cables": "3", "POI_CODE": 1 }, "geometry": { "type": "LineString", "coordinates": [ [ 56.3045894, 57.9264904 ], [ 56.3036314, 57.9264644 ] ] } },
{ "type": "Feature", "properties": { "full_id": "w1227562970", "osm_id": "1227562970", "osm_type": "way", "power": "line", "ref": null, "frequency": null, "circuits:design": null, "layer": null, "name": null, "wires": null, "voltage": "220000", "circuits": "1", "cables": "3", "POI_CODE": 1 }, "geometry": { "type": "LineString", "coordinates": [ [ 56.3033252, 57.9272739 ], [ 56.3042865, 57.9273029 ] ] } },
{ "type": "Feature", "properties": { "full_id": "w1227562971", "osm_id": "1227562971", "osm_type": "way", "power": "line", "ref": null, "frequency": null, "circuits:design": null, "layer": null, "name": null, "wires": null, "voltage": "220000", "circuits": "1", "cables": "3", "POI_CODE": 1 }, "geometry": { "type": "LineString", "coordinates": [ [ 56.3042865, 57.9273029 ], [ 56.3033724, 57.927149 ] ] } },
{ "type": "Feature", "properties": { "full_id": "w1227562972", "osm_id": "1227562972", "osm_type": "way", "power": "line", "ref": null, "frequency": null, "circuits:design": null, "layer": null, "name": null, "wires": null, "voltage": "110000", "circuits": "1", "cables": "3", "POI_CODE": 1 }, "geometry": { "type": "LineString", "coordinates": [ [ 56.3032324, 57.928619 ], [ 56.3023658, 57.9285857 ] ] } },
{ "type": "Feature", "properties": { "full_id": "w1227562973", "osm_id": "1227562973", "osm_type": "way", "power": "line", "ref": null, "frequency": null, "circuits:design": null, "layer": null, "name": null, "wires": null, "voltage": "110000", "circuits": "1", "cables": "3", "POI_CODE": 1 }, "geometry": { "type": "LineString", "coordinates": [ [ 56.3023069, 57.9287411 ], [ 56.3031648, 57.9287933 ] ] } },
{ "type": "Feature", "properties": { "full_id": "w1227562974", "osm_id": "1227562974", "osm_type": "way", "power": "line", "ref": null, "frequency": null, "circuits:design": null, "layer": null, "name": null, "wires": null, "voltage": "110000", "circuits": "1", "cables": "3", "POI_CODE": 1 }, "geometry": { "type": "LineString", "coordinates": [ [ 56.3032324, 57.928619 ], [ 56.3024002, 57.9284947 ] ] } },
{ "type": "Feature", "properties": { "full_id": "w1227562975", "osm_id": "1227562975", "osm_type": "way", "power": "line", "ref": null, "frequency": null, "circuits:design": null, "layer": null, "name": null, "wires": null, "voltage": "110000", "circuits": "1", "cables": "3", "POI_CODE": 1 }, "geometry": { "type": "LineString", "coordinates": [ [ 56.3031648, 57.9287933 ], [ 56.302337, 57.9286618 ] ] } },
{ "type": "Feature", "properties": { "full_id": "w1227562976", "osm_id": "1227562976", "osm_type": "way", "power": "line", "ref": null, "frequency": null, "circuits:design": null, "layer": null, "name": null, "wires": null, "voltage": "110000", "circuits": "1", "cables": "3", "POI_CODE": 1 }, "geometry": { "type": "LineString", "coordinates": [ [ 56.3040838, 57.9291419 ], [ 56.3049353, 57.9269455 ], [ 56.3052026, 57.926256 ] ] } },
{ "type": "Feature", "properties": { "full_id": "w1227562977", "osm_id": "1227562977", "osm_type": "way", "power": "line", "ref": null, "frequency": null, "circuits:design": null, "layer": null, "name": null, "wires": null, "voltage": "110000", "circuits": "1", "cables": "3", "POI_CODE": 1 }, "geometry": { "type": "LineString", "coordinates": [ [ 56.2528144, 57.9524618 ], [ 56.2522514, 57.9525088 ] ] } },
{ "type": "Feature", "properties": { "full_id": "w1227562978", "osm_id": "1227562978", "osm_type": "way", "power": "line", "ref": null, "frequency": null, "circuits:design": null, "layer": null, "name": null, "wires": null, "voltage": "110000", "circuits": "1", "cables": "3", "POI_CODE": 1 }, "geometry": { "type": "LineString", "coordinates": [ [ 56.2528144, 57.9524618 ], [ 56.252363, 57.9526631 ] ] } },
{ "type": "Feature", "properties": { "full_id": "w1227729077", "osm_id": "1227729077", "osm_type": "way", "power": "line", "ref": null, "frequency": null, "circuits:design": null, "layer": null, "name": null, "wires": null, "voltage": "35000", "circuits": "1", "cables": "3", "POI_CODE": 1 }, "geometry": { "type": "LineString", "coordinates": [ [ 55.8376506, 58.0396337 ], [ 55.8376545, 58.0396954 ] ] } },
{ "type": "Feature", "properties": { "full_id": "w1227729078", "osm_id": "1227729078", "osm_type": "way", "power": "line", "ref": null, "frequency": null, "circuits:design": null, "layer": null, "name": null, "wires": null, "voltage": "35000", "circuits": "1", "cables": "3", "POI_CODE": 1 }, "geometry": { "type": "LineString", "coordinates": [ [ 55.8376545, 58.0396954 ], [ 55.8379993, 58.0396422 ] ] } },
{ "type": "Feature", "properties": { "full_id": "w1227729079", "osm_id": "1227729079", "osm_type": "way", "power": "line", "ref": null, "frequency": null, "circuits:design": null, "layer": null, "name": null, "wires": null, "voltage": "110000", "circuits": "1", "cables": "3", "POI_CODE": 1 }, "geometry": { "type": "LineString", "coordinates": [ [ 55.8841155, 57.9881226 ], [ 55.8836585, 57.9882262 ], [ 55.8827466, 57.9882206 ] ] } },
{ "type": "Feature", "properties": { "full_id": "w1227729080", "osm_id": "1227729080", "osm_type": "way", "power": "line", "ref": null, "frequency": null, "circuits:design": null, "layer": null, "name": null, "wires": null, "voltage": "110000", "circuits": "1", "cables": "3", "POI_CODE": 1 }, "geometry": { "type": "LineString", "coordinates": [ [ 55.8828485, 57.9884182 ], [ 55.8836585, 57.9882262 ], [ 55.884432, 57.9882108 ], [ 55.8841155, 57.9881226 ] ] } },
{ "type": "Feature", "properties": { "full_id": "w1227729081", "osm_id": "1227729081", "osm_type": "way", "power": "line", "ref": null, "frequency": null, "circuits:design": null, "layer": null, "name": null, "wires": null, "voltage": "110000", "circuits": "1", "cables": "3", "POI_CODE": 1 }, "geometry": { "type": "LineString", "coordinates": [ [ 55.9111563, 57.978181 ], [ 55.9114272, 57.9779815 ] ] } },
{ "type": "Feature", "properties": { "full_id": "w1227729082", "osm_id": "1227729082", "osm_type": "way", "power": "line", "ref": null, "frequency": null, "circuits:design": null, "layer": null, "name": null, "wires": null, "voltage": "110000", "circuits": "1", "cables": "3", "POI_CODE": 1 }, "geometry": { "type": "LineString", "coordinates": [ [ 55.9111563, 57.978181 ], [ 55.9115244, 57.9780718 ] ] } },
{ "type": "Feature", "properties": { "full_id": "w1227729083", "osm_id": "1227729083", "osm_type": "way", "power": "line", "ref": null, "frequency": null, "circuits:design": null, "layer": null, "name": null, "wires": null, "voltage": "110000", "circuits": "1", "cables": "3", "POI_CODE": 1 }, "geometry": { "type": "LineString", "coordinates": [ [ 55.9072488, 58.0315027 ], [ 55.9076229, 58.0310915 ] ] } },
{ "type": "Feature", "properties": { "full_id": "w1227729084", "osm_id": "1227729084", "osm_type": "way", "power": "line", "ref": null, "frequency": null, "circuits:design": null, "layer": null, "name": null, "wires": null, "voltage": "110000", "circuits": "1", "cables": "3", "POI_CODE": 1 }, "geometry": { "type": "LineString", "coordinates": [ [ 55.9072488, 58.0315027 ], [ 55.9078735, 58.0312432 ] ] } },
{ "type": "Feature", "properties": { "full_id": "w1227729085", "osm_id": "1227729085", "osm_type": "way", "power": "line", "ref": null, "frequency": null, "circuits:design": null, "layer": null, "name": null, "wires": null, "voltage": "110000", "circuits": "1", "cables": "3", "POI_CODE": 1 }, "geometry": { "type": "LineString", "coordinates": [ [ 55.8420896, 58.0418343 ], [ 55.8433476, 58.0416795 ] ] } },
{ "type": "Feature", "properties": { "full_id": "w1227729086", "osm_id": "1227729086", "osm_type": "way", "power": "line", "ref": null, "frequency": null, "circuits:design": null, "layer": null, "name": null, "wires": null, "voltage": "110000", "circuits": "1", "cables": "3", "POI_CODE": 1 }, "geometry": { "type": "LineString", "coordinates": [ [ 55.8420896, 58.0418343 ], [ 55.8433664, 58.0414268 ] ] } },
{ "type": "Feature", "properties": { "full_id": "w1227729087", "osm_id": "1227729087", "osm_type": "way", "power": "line", "ref": null, "frequency": null, "circuits:design": null, "layer": null, "name": null, "wires": null, "voltage": "110000", "circuits": "1", "cables": "3", "POI_CODE": 1 }, "geometry": null },
{ "type": "Feature", "properties": { "full_id": "w1227729088", "osm_id": "1227729088", "osm_type": "way", "power": "line", "ref": null, "frequency": null, "circuits:design": null, "layer": null, "name": null, "wires": null, "voltage": "110000", "circuits": "1", "cables": "3", "POI_CODE": 1 }, "geometry": null },
{ "type": "Feature", "properties": { "full_id": "w1227729089", "osm_id": "1227729089", "osm_type": "way", "power": "line", "ref": null, "frequency": null, "circuits:design": null, "layer": null, "name": null, "wires": null, "voltage": "110000", "circuits": "2", "cables": "6", "POI_CODE": 1 }, "geometry": null },
{ "type": "Feature", "properties": { "full_id": "w1227729090", "osm_id": "1227729090", "osm_type": "way", "power": "line", "ref": null, "frequency": null, "circuits:design": null, "layer": null, "name": null, "wires": null, "voltage": "35000", "circuits": "1", "cables": "3", "POI_CODE": 1 }, "geometry": { "type": "LineString", "coordinates": [ [ 56.0314965, 57.9578185 ], [ 56.0322288, 57.9577095 ], [ 56.0337523, 57.9569297 ], [ 56.0351229, 57.9562167 ], [ 56.0355279, 57.9562274 ] ] } },
{ "type": "Feature", "properties": { "full_id": "w1227729091", "osm_id": "1227729091", "osm_type": "way", "power": "line", "ref": null, "frequency": null, "circuits:design": null, "layer": null, "name": null, "wires": null, "voltage": "35000", "circuits": "1", "cables": "3", "POI_CODE": 1 }, "geometry": { "type": "LineString", "coordinates": [ [ 56.0351229, 57.9562167 ], [ 56.0360844, 57.955962 ], [ 56.0389745, 57.9553401 ], [ 56.0415253, 57.9547907 ], [ 56.0446662, 57.9541119 ], [ 56.0477963, 57.953433 ], [ 56.0510525, 57.9527228 ], [ 56.0541505, 57.9520539 ], [ 56.0572538, 57.9513907 ], [ 56.060463, 57.9506847 ], [ 56.0635918, 57.9500015 ], [ 56.0689133, 57.9487532 ], [ 56.0714239, 57.9480956 ], [ 56.0725719, 57.9476159 ], [ 56.0727328, 57.9476536 ] ] } },
{ "type": "Feature", "properties": { "full_id": "w1227990826", "osm_id": "1227990826", "osm_type": "way", "power": "line", "ref": null, "frequency": null, "circuits:design": null, "layer": null, "name": null, "wires": "single", "voltage": "110000", "circuits": "1", "cables": "3", "POI_CODE": 1 }, "geometry": null },
{ "type": "Feature", "properties": { "full_id": "w1227990827", "osm_id": "1227990827", "osm_type": "way", "power": "line", "ref": null, "frequency": null, "circuits:design": null, "layer": null, "name": null, "wires": "single", "voltage": "110000", "circuits": "1", "cables": "3", "POI_CODE": 1 }, "geometry": null },
{ "type": "Feature", "properties": { "full_id": "w1227990828", "osm_id": "1227990828", "osm_type": "way", "power": "line", "ref": null, "frequency": null, "circuits:design": null, "layer": null, "name": null, "wires": "single", "voltage": "110000", "circuits": "2", "cables": "6", "POI_CODE": 1 }, "geometry": null },
{ "type": "Feature", "properties": { "full_id": "w1227990829", "osm_id": "1227990829", "osm_type": "way", "power": "line", "ref": null, "frequency": null, "circuits:design": null, "layer": null, "name": null, "wires": "single", "voltage": "110000", "circuits": "1", "cables": "3", "POI_CODE": 1 }, "geometry": null },
{ "type": "Feature", "properties": { "full_id": "w1227990830", "osm_id": "1227990830", "osm_type": "way", "power": "line", "ref": null, "frequency": null, "circuits:design": null, "layer": null, "name": null, "wires": "single", "voltage": "110000", "circuits": "1", "cables": "3", "POI_CODE": 1 }, "geometry": null },
{ "type": "Feature", "properties": { "full_id": "w1227990831", "osm_id": "1227990831", "osm_type": "way", "power": "line", "ref": null, "frequency": null, "circuits:design": null, "layer": null, "name": null, "wires": "single", "voltage": "110000", "circuits": "1", "cables": "3", "POI_CODE": 1 }, "geometry": null },
{ "type": "Feature", "properties": { "full_id": "w1227990832", "osm_id": "1227990832", "osm_type": "way", "power": "line", "ref": null, "frequency": null, "circuits:design": null, "layer": null, "name": null, "wires": "single", "voltage": "110000", "circuits": "1", "cables": "3", "POI_CODE": 1 }, "geometry": null },
{ "type": "Feature", "properties": { "full_id": "w1227990839", "osm_id": "1227990839", "osm_type": "way", "power": "line", "ref": null, "frequency": null, "circuits:design": null, "layer": null, "name": null, "wires": "single", "voltage": "110000", "circuits": "2", "cables": "6", "POI_CODE": 1 }, "geometry": null },
{ "type": "Feature", "properties": { "full_id": "w1227990840", "osm_id": "1227990840", "osm_type": "way", "power": "line", "ref": null, "frequency": null, "circuits:design": null, "layer": null, "name": null, "wires": "single", "voltage": "35000", "circuits": "1", "cables": "3", "POI_CODE": 1 }, "geometry": { "type": "LineString", "coordinates": [ [ 55.7804651, 58.0778998 ], [ 55.7810176, 58.077931 ], [ 55.7810345, 58.0780153 ] ] } },
{ "type": "Feature", "properties": { "full_id": "w1227990841", "osm_id": "1227990841", "osm_type": "way", "power": "line", "ref": null, "frequency": null, "circuits:design": null, "layer": null, "name": null, "wires": "single", "voltage": "110000", "circuits": "1", "cables": "3", "POI_CODE": 1 }, "geometry": { "type": "LineString", "coordinates": [ [ 55.7866967, 58.0861353 ], [ 55.7866395, 58.0859405 ] ] } },
{ "type": "Feature", "properties": { "full_id": "w1227990842", "osm_id": "1227990842", "osm_type": "way", "power": "line", "ref": null, "frequency": null, "circuits:design": null, "layer": null, "name": null, "wires": null, "voltage": "110000", "circuits": "1", "cables": "3", "POI_CODE": 1 }, "geometry": { "type": "LineString", "coordinates": [ [ 55.7866395, 58.0859405 ], [ 55.786926, 58.086092 ] ] } },
{ "type": "Feature", "properties": { "full_id": "w1227990843", "osm_id": "1227990843", "osm_type": "way", "power": "line", "ref": null, "frequency": null, "circuits:design": null, "layer": null, "name": null, "wires": null, "voltage": "110000", "circuits": "1", "cables": "3", "POI_CODE": 1 }, "geometry": { "type": "LineString", "coordinates": [ [ 55.7725723, 58.0753832 ], [ 55.7721242, 58.0756226 ] ] } },
{ "type": "Feature", "properties": { "full_id": "w1227990844", "osm_id": "1227990844", "osm_type": "way", "power": "line", "ref": null, "frequency": null, "circuits:design": null, "layer": null, "name": null, "wires": "single", "voltage": "110000", "circuits": "1", "cables": "3", "POI_CODE": 1 }, "geometry": { "type": "LineString", "coordinates": [ [ 55.7689941, 58.0754715 ], [ 55.7689995, 58.0756013 ] ] } },
{ "type": "Feature", "properties": { "full_id": "w1227990845", "osm_id": "1227990845", "osm_type": "way", "power": "line", "ref": null, "frequency": null, "circuits:design": null, "layer": null, "name": null, "wires": null, "voltage": "110000", "circuits": "1", "cables": "3", "POI_CODE": 1 }, "geometry": { "type": "LineString", "coordinates": [ [ 55.7721242, 58.0756226 ], [ 55.7726799, 58.0754423 ] ] } },
{ "type": "Feature", "properties": { "full_id": "w1227990846", "osm_id": "1227990846", "osm_type": "way", "power": "line", "ref": null, "frequency": null, "circuits:design": null, "layer": null, "name": null, "wires": "single", "voltage": "110000", "circuits": "1", "cables": "3", "POI_CODE": 1 }, "geometry": { "type": "LineString", "coordinates": [ [ 55.7584383, 58.0721404 ], [ 55.7582907, 58.0720716 ] ] } },
{ "type": "Feature", "properties": { "full_id": "w1227990847", "osm_id": "1227990847", "osm_type": "way", "power": "line", "ref": null, "frequency": null, "circuits:design": null, "layer": null, "name": null, "wires": "single", "voltage": "110000", "circuits": "1", "cables": "3", "POI_CODE": 1 }, "geometry": { "type": "LineString", "coordinates": [ [ 55.7584383, 58.0721404 ], [ 55.7585455, 58.0720248 ] ] } },
{ "type": "Feature", "properties": { "full_id": "w1227990848", "osm_id": "1227990848", "osm_type": "way", "power": "line", "ref": null, "frequency": null, "circuits:design": null, "layer": null, "name": null, "wires": null, "voltage": "110000", "circuits": "2", "cables": "6", "POI_CODE": 1 }, "geometry": { "type": "LineString", "coordinates": [ [ 55.7721242, 58.0756226 ], [ 55.7704411, 58.0756871 ], [ 55.7689995, 58.0756013 ], [ 55.767366, 58.0759304 ], [ 55.7643566, 58.0762084 ], [ 55.7616019, 58.0754311 ], [ 55.7603306, 58.073973 ], [ 55.7584383, 58.0721404 ] ] } },
{ "type": "Feature", "properties": { "full_id": "w1227990849", "osm_id": "1227990849", "osm_type": "way", "power": "line", "ref": null, "frequency": null, "circuits:design": null, "layer": null, "name": null, "wires": null, "voltage": "110000", "circuits": "1", "cables": "3", "POI_CODE": 1 }, "geometry": { "type": "LineString", "coordinates": [ [ 55.7759751, 58.0743114 ], [ 55.7739633, 58.0752934 ], [ 55.7733833, 58.0753617 ] ] } },
{ "type": "Feature", "properties": { "full_id": "w1227990850", "osm_id": "1227990850", "osm_type": "way", "power": "line", "ref": null, "frequency": null, "circuits:design": null, "layer": null, "name": null, "wires": "single", "voltage": "110000", "circuits": "1", "cables": "3", "POI_CODE": 1 }, "geometry": { "type": "LineString", "coordinates": [ [ 55.7553416, 58.0707587 ], [ 55.7550238, 58.0708233 ] ] } },
{ "type": "Feature", "properties": { "full_id": "w1227990851", "osm_id": "1227990851", "osm_type": "way", "power": "line", "ref": null, "frequency": null, "circuits:design": null, "layer": null, "name": null, "wires": "single", "voltage": "110000", "circuits": "1", "cables": "3", "POI_CODE": 1 }, "geometry": { "type": "LineString", "coordinates": [ [ 55.7553416, 58.0707587 ], [ 55.7550614, 58.0709077 ] ] } },
{ "type": "Feature", "properties": { "full_id": "w1227990852", "osm_id": "1227990852", "osm_type": "way", "power": "line", "ref": null, "frequency": null, "circuits:design": null, "layer": null, "name": null, "wires": null, "voltage": "110000", "circuits": "2", "cables": "6", "POI_CODE": 1 }, "geometry": { "type": "LineString", "coordinates": [ [ 55.7752963, 58.0744667 ], [ 55.7718091, 58.0749609 ], [ 55.770531, 58.075168 ], [ 55.7689941, 58.0754715 ], [ 55.766513, 58.0756807 ], [ 55.7652403, 58.0747574 ], [ 55.7616851, 58.0746595 ], [ 55.760183, 58.0733886 ], [ 55.7593408, 58.0721389 ], [ 55.7587266, 58.0713786 ], [ 55.7587025, 58.0704381 ], [ 55.7577744, 58.0703119 ], [ 55.7553416, 58.0707587 ] ] } },
{ "type": "Feature", "properties": { "full_id": "w1227990853", "osm_id": "1227990853", "osm_type": "way", "power": "line", "ref": null, "frequency": null, "circuits:design": null, "layer": null, "name": null, "wires": null, "voltage": "110000", "circuits": "1", "cables": "3", "POI_CODE": 1 }, "geometry": { "type": "LineString", "coordinates": [ [ 55.7742627, 58.0758447 ], [ 55.7746093, 58.075719 ], [ 55.7747474, 58.0754467 ] ] } },
{ "type": "Feature", "properties": { "full_id": "w1227990854", "osm_id": "1227990854", "osm_type": "way", "power": "line", "ref": null, "frequency": null, "circuits:design": null, "layer": null, "name": null, "wires": "single", "voltage": "110000", "circuits": "1", "cables": "3", "POI_CODE": 1 }, "geometry": { "type": "LineString", "coordinates": [ [ 55.7765024, 58.0744768 ], [ 55.7739633, 58.0752934 ], [ 55.7735977, 58.0754795 ] ] } },
{ "type": "Feature", "properties": { "full_id": "w1227990855", "osm_id": "1227990855", "osm_type": "way", "power": "line", "ref": null, "frequency": null, "circuits:design": null, "layer": null, "name": null, "wires": null, "voltage": "110000", "circuits": "1", "cables": "3", "POI_CODE": 1 }, "geometry": { "type": "LineString", "coordinates": [ [ 55.7765024, 58.0744768 ], [ 55.7752963, 58.0744667 ] ] } },
{ "type": "Feature", "properties": { "full_id": "w1227990856", "osm_id": "1227990856", "osm_type": "way", "power": "line", "ref": null, "frequency": null, "circuits:design": null, "layer": null, "name": null, "wires": null, "voltage": "110000", "circuits": "1", "cables": "3", "POI_CODE": 1 }, "geometry": { "type": "LineString", "coordinates": [ [ 55.7759751, 58.0743114 ], [ 55.7752963, 58.0744667 ] ] } },
{ "type": "Feature", "properties": { "full_id": "w1227990857", "osm_id": "1227990857", "osm_type": "way", "power": "line", "ref": null, "frequency": null, "circuits:design": null, "layer": null, "name": null, "wires": null, "voltage": "110000", "circuits": "1", "cables": "3", "POI_CODE": 1 }, "geometry": { "type": "LineString", "coordinates": [ [ 55.7747474, 58.0754467 ], [ 55.7740884, 58.075749 ] ] } },
{ "type": "Feature", "properties": { "full_id": "w1227990858", "osm_id": "1227990858", "osm_type": "way", "power": "line", "ref": null, "frequency": null, "circuits:design": null, "layer": null, "name": null, "wires": "single", "voltage": "35000", "circuits": "1", "cables": "3", "POI_CODE": 1 }, "geometry": { "type": "LineString", "coordinates": [ [ 55.7748982, 58.0758256 ], [ 55.7746193, 58.075988 ] ] } },
{ "type": "Feature", "properties": { "full_id": "w1227990859", "osm_id": "1227990859", "osm_type": "way", "power": "line", "ref": null, "frequency": null, "circuits:design": null, "layer": null, "name": null, "wires": "single", "voltage": "35000", "circuits": "1", "cables": "3", "POI_CODE": 1 }, "geometry": { "type": "LineString", "coordinates": [ [ 55.7756532, 58.0762518 ], [ 55.7753279, 58.0763772 ] ] } },
{ "type": "Feature", "properties": { "full_id": "w1227990860", "osm_id": "1227990860", "osm_type": "way", "power": "line", "ref": null, "frequency": null, "circuits:design": null, "layer": null, "name": null, "wires": "single", "voltage": "35000", "circuits": "1", "cables": "3", "POI_CODE": 1 }, "geometry": { "type": "LineString", "coordinates": [ [ 55.7756532, 58.0762518 ], [ 55.7752352, 58.0763263 ] ] } },
{ "type": "Feature", "properties": { "full_id": "w1227990861", "osm_id": "1227990861", "osm_type": "way", "power": "line", "ref": null, "frequency": null, "circuits:design": null, "layer": null, "name": null, "wires": "single", "voltage": "35000", "circuits": "1", "cables": "3", "POI_CODE": 1 }, "geometry": { "type": "LineString", "coordinates": [ [ 55.7748982, 58.0758256 ], [ 55.7747754, 58.0760738 ] ] } },
{ "type": "Feature", "properties": { "full_id": "w1227990862", "osm_id": "1227990862", "osm_type": "way", "power": "line", "ref": null, "frequency": null, "circuits:design": null, "layer": null, "name": null, "wires": "single", "voltage": "35000", "circuits": "1", "cables": "3", "POI_CODE": 1 }, "geometry": { "type": "LineString", "coordinates": [ [ 55.7812062, 58.0779451 ], [ 55.7810176, 58.077931 ], [ 55.7803747, 58.0774238 ], [ 55.7790591, 58.077065 ], [ 55.7773859, 58.076334 ], [ 55.7754609, 58.0760857 ], [ 55.775007, 58.076201 ] ] } },
{ "type": "Feature", "properties": { "full_id": "w1227990866", "osm_id": "1227990866", "osm_type": "way", "power": "line", "ref": null, "frequency": null, "circuits:design": null, "layer": null, "name": null, "wires": "single", "voltage": "110000", "circuits": "1", "cables": "3", "POI_CODE": 1 }, "geometry": { "type": "LineString", "coordinates": [ [ 55.8869788, 58.019299 ], [ 55.8877798, 58.0191515 ] ] } },
{ "type": "Feature", "properties": { "full_id": "w1227990867", "osm_id": "1227990867", "osm_type": "way", "power": "line", "ref": null, "frequency": null, "circuits:design": null, "layer": null, "name": null, "wires": "single", "voltage": "110000", "circuits": "1", "cables": "3", "POI_CODE": 1 }, "geometry": { "type": "LineString", "coordinates": [ [ 55.887741, 58.0188169 ], [ 55.8868479, 58.0189725 ] ] } },
{ "type": "Feature", "properties": { "full_id": "w1227990868", "osm_id": "1227990868", "osm_type": "way", "power": "line", "ref": null, "frequency": null, "circuits:design": null, "layer": null, "name": null, "wires": "single", "voltage": "110000", "circuits": "1", "cables": "3", "POI_CODE": 1 }, "geometry": { "type": "LineString", "coordinates": [ [ 55.8866934, 58.0185871 ], [ 55.887639, 58.0184359 ] ] } },
{ "type": "Feature", "properties": { "full_id": "w1227990869", "osm_id": "1227990869", "osm_type": "way", "power": "line", "ref": null, "frequency": null, "circuits:design": null, "layer": null, "name": null, "wires": "single", "voltage": "110000", "circuits": "1", "cables": "3", "POI_CODE": 1 }, "geometry": { "type": "LineString", "coordinates": [ [ 55.8865925, 58.0183355 ], [ 55.8875802, 58.0182298 ] ] } },
{ "type": "Feature", "properties": { "full_id": "w1227990870", "osm_id": "1227990870", "osm_type": "way", "power": "line", "ref": null, "frequency": null, "circuits:design": null, "layer": null, "name": null, "wires": "single", "voltage": "110000", "circuits": "1", "cables": "3", "POI_CODE": 1 }, "geometry": { "type": "LineString", "coordinates": [ [ 55.8871977, 58.0178435 ], [ 55.8864362, 58.0179457 ] ] } },
{ "type": "Feature", "properties": { "full_id": "w1227990871", "osm_id": "1227990871", "osm_type": "way", "power": "line", "ref": null, "frequency": null, "circuits:design": null, "layer": null, "name": null, "wires": "single", "voltage": "110000", "circuits": "1", "cables": "3", "POI_CODE": 1 }, "geometry": { "type": "LineString", "coordinates": [ [ 55.8863706, 58.017782 ], [ 55.8872213, 58.0176806 ] ] } },
{ "type": "Feature", "properties": { "full_id": "w1227990872", "osm_id": "1227990872", "osm_type": "way", "power": "line", "ref": null, "frequency": null, "circuits:design": null, "layer": null, "name": null, "wires": "single", "voltage": "110000", "circuits": "1", "cables": "3", "POI_CODE": 1 }, "geometry": { "type": "LineString", "coordinates": [ [ 55.8875802, 58.0182298 ], [ 55.8865621, 58.0182597 ] ] } },
{ "type": "Feature", "properties": { "full_id": "w1227990873", "osm_id": "1227990873", "osm_type": "way", "power": "line", "ref": null, "frequency": null, "circuits:design": null, "layer": null, "name": null, "wires": "single", "voltage": "110000", "circuits": "1", "cables": "3", "POI_CODE": 1 }, "geometry": { "type": "LineString", "coordinates": [ [ 55.887639, 58.0184359 ], [ 55.8866278, 58.0184235 ] ] } },
{ "type": "Feature", "properties": { "full_id": "w1227990874", "osm_id": "1227990874", "osm_type": "way", "power": "line", "ref": null, "frequency": null, "circuits:design": null, "layer": null, "name": null, "wires": "single", "voltage": "110000", "circuits": "1", "cables": "3", "POI_CODE": 1 }, "geometry": { "type": "LineString", "coordinates": [ [ 55.887741, 58.0188169 ], [ 55.8867837, 58.0188125 ] ] } },
{ "type": "Feature", "properties": { "full_id": "w1227990875", "osm_id": "1227990875", "osm_type": "way", "power": "line", "ref": null, "frequency": null, "circuits:design": null, "layer": null, "name": null, "wires": "single", "voltage": "110000", "circuits": "1", "cables": "3", "POI_CODE": 1 }, "geometry": { "type": "LineString", "coordinates": [ [ 55.8877798, 58.0191515 ], [ 55.8869472, 58.0192202 ] ] } },
{ "type": "Feature", "properties": { "full_id": "w1227990876", "osm_id": "1227990876", "osm_type": "way", "power": "line", "ref": null, "frequency": null, "circuits:design": null, "layer": null, "name": null, "wires": "single", "voltage": "110000", "circuits": "1", "cables": "3", "POI_CODE": 1 }, "geometry": { "type": "LineString", "coordinates": [ [ 55.8871977, 58.0178435 ], [ 55.8864672, 58.0180229 ] ] } },
{ "type": "Feature", "properties": { "full_id": "w1227990877", "osm_id": "1227990877", "osm_type": "way", "power": "line", "ref": null, "frequency": null, "circuits:design": null, "layer": null, "name": null, "wires": "single", "voltage": "110000", "circuits": "1", "cables": "3", "POI_CODE": 1 }, "geometry": { "type": "LineString", "coordinates": [ [ 55.8872213, 58.0176806 ], [ 55.8864076, 58.0178743 ] ] } },
{ "type": "Feature", "properties": { "full_id": "w1227990888", "osm_id": "1227990888", "osm_type": "way", "power": "line", "ref": null, "frequency": null, "circuits:design": null, "layer": null, "name": null, "wires": "single", "voltage": "110000", "circuits": "2", "cables": "6", "POI_CODE": 1 }, "geometry": null },
{ "type": "Feature", "properties": { "full_id": "w1227990889", "osm_id": "1227990889", "osm_type": "way", "power": "line", "ref": null, "frequency": null, "circuits:design": null, "layer": null, "name": null, "wires": "single", "voltage": "110000", "circuits": "1", "cables": "3", "POI_CODE": 1 }, "geometry": null },
{ "type": "Feature", "properties": { "full_id": "w1239839416", "osm_id": "1239839416", "osm_type": "way", "power": "line", "ref": null, "frequency": null, "circuits:design": null, "layer": null, "name": null, "wires": null, "voltage": "110000", "circuits": "2", "cables": "6", "POI_CODE": 1 }, "geometry": null },
{ "type": "Feature", "properties": { "full_id": "w1240127971", "osm_id": "1240127971", "osm_type": "way", "power": "line", "ref": null, "frequency": null, "circuits:design": null, "layer": null, "name": null, "wires": null, "voltage": "35000", "circuits": "1", "cables": "3", "POI_CODE": 1 }, "geometry": { "type": "LineString", "coordinates": [ ] } },
{ "type": "Feature", "properties": { "full_id": "w1251046011", "osm_id": "1251046011", "osm_type": "way", "power": "line", "ref": null, "frequency": null, "circuits:design": null, "layer": null, "name": null, "wires": null, "voltage": "110000", "circuits": "1", "cables": "3", "POI_CODE": 1 }, "geometry": { "type": "LineString", "coordinates": [ [ 56.3511334, 57.9159875 ], [ 56.3516155, 57.9160638 ], [ 56.3519347, 57.9161179 ] ] } },
{ "type": "Feature", "properties": { "full_id": "w1256553294", "osm_id": "1256553294", "osm_type": "way", "power": "line", "ref": null, "frequency": null, "circuits:design": null, "layer": null, "name": null, "wires": null, "voltage": "110000", "circuits": "1", "cables": "3", "POI_CODE": 1 }, "geometry": null },
{ "type": "Feature", "properties": { "full_id": "w1256553295", "osm_id": "1256553295", "osm_type": "way", "power": "line", "ref": null, "frequency": null, "circuits:design": null, "layer": null, "name": null, "wires": null, "voltage": "110000", "circuits": "1", "cables": "3", "POI_CODE": 1 }, "geometry": null },
{ "type": "Feature", "properties": { "full_id": "w1256553298", "osm_id": "1256553298", "osm_type": "way", "power": "line", "ref": null, "frequency": null, "circuits:design": null, "layer": null, "name": null, "wires": null, "voltage": "110000", "circuits": "2", "cables": "6", "POI_CODE": 1 }, "geometry": null },
{ "type": "Feature", "properties": { "full_id": "w1279352104", "osm_id": "1279352104", "osm_type": "way", "power": "line", "ref": null, "frequency": null, "circuits:design": null, "layer": null, "name": null, "wires": null, "voltage": "35000", "circuits": "1", "cables": "3", "POI_CODE": 1 }, "geometry": { "type": "LineString", "coordinates": [ [ 56.2310451, 57.9998016 ], [ 56.2310153, 57.9999188 ] ] } },
{ "type": "Feature", "properties": { "full_id": "w1279352105", "osm_id": "1279352105", "osm_type": "way", "power": "line", "ref": null, "frequency": null, "circuits:design": null, "layer": null, "name": null, "wires": null, "voltage": "35000", "circuits": "1", "cables": "3", "POI_CODE": 1 }, "geometry": { "type": "LineString", "coordinates": [ [ 56.2310451, 57.9998016 ], [ 56.2311166, 57.9999007 ] ] } }
]
}
